refno	poetry	anvaya	tamil
bhagavadgita_anvaya_L1	धृतराष्ट्र उवाच धर्मक्षेत्रे कुरुक्षेत्रे समवेता युयुत्सवः मामकाः पाण्डवाश्चैव किमकुर्वत सञ्जय	सञ्जय! धर्मक्षेत्रे कुरुक्षेत्रे समेवेताः युयुत्सवः मामकाः पाण्डवाः च किम् अकुर्वत ?	சஞ்ஜயா ! தர்மபூமியான குருக்ஷேத்திரத்தில் சண்டை போடுவதற்காக கூடியிருக்கும் என் மக்களும் பாண்டுவின் புதல்வர்களும் என்ன செய்தார்கள்?
bhagavadgita_anvaya_L2	सञ्जय उवाच दृष्ट्वा तु पाण्डवानीकं व्यूढं दुर्योधनस्तदा आचार्यमुपसङ्गम्य राजा वचनम् अब्रवीत्	तदा तु व्यूढं पाण्डवानीकं दृष्ट्वा राजा दुर्योधनः आचार्यम् उपसङ्गम्य वचनम् अब्रवीत्।	அப்போது அணிவகுத்து நிறுத்தப்பட்ட பாண்டவர் படையை பார்த்ததும், ராஜா துரியோதனன், குருவாகிய துரோணாசார்யாரை அணுகி கூறினான் .
bhagavadgita_anvaya_L3	पश्यैतां पाण्डुपुत्राणामाचार्य महतीं चमूम् व्यूढां द्रुपदपुत्रेण तव शिष्येण धीमता	आचार्य! तव धीमता शिष्येण द्रुपदपुत्रेण व्यूढां पाण्डुपुत्राणां महतीम् एतां चमूं पश्य।	ஆசார்யரே உங்களுடைய புத்திசாலி சீடனான துருபதனின் குமாரனால் அணிவகுக்கப்பட்ட பண்டு புத்திரர்களின் இந்த பெரிய படையைப் பாருங்கள்.
bhagavadgita_anvaya_L4	अत्र शूरा महेष्वासा भीमार्जुनसमा युधि युयुधानो विराटश्च द्रुपदश्च महारथः धृष्टकेतुश्चेकितानः काशिराजश्च वीर्यवान् पुरुजित्कुन्तिभोजश्च शैब्यश्च नरपुङ्गवः युधामन्युश्च विक्रान्त उत्तमौजाश्च वीर्यवान् सौभद्रो द्रौपदेयाश्च सर्व एव महारथाः	सर्वे एव महेष्वासाः महारथाः (सन्ति)। नरपुङ्गवः च शैब्यः विक्रान्तः च युधामन्युः वीर्यवान् च उत्तमौजाः सौभद्रः द्रौपदेयाः च (इति) भीमार्जुनसमाः शूराः अत्र युधि युयुधानः विराटः महारथः च द्रुपदः धृष्टकेतुः चेकितानः वीर्यवान् च काशिराजः पुरुजित् कुन्तिभोजः	இந்த யுத்தத்தில் , சாத்யகியும், விராடனும் ,மஹாராதியான ராஜா திருபதனும், திருஷ்டகேதுவும் , சேகிதானனும் ,பலசாலியான காசிராஜனும் ,புருஜித்தும் ,குந்திபோஜனும் , மனிதர்களின் தலைவரான சைப்யனும், பராக்கிரமம் மிகுந்த யுதாமன்யுவும்,பலசாலியான உத்தமௌஜாவும், சுபத்திரையின் குமாரனும் , அவ்வாறே திரௌபதியின் குமாரர்களும்(இதுவரை), பீமனுக்கும் அர்ஜுனனுக்கும் சமமான வீரர்கள்; அவர்கள் எல்லோருமே வில்லாளிகள், மஹாராதிகளாக (இருக்கிறார்கள்).
bhagavadgita_anvaya_L7	अस्माकं तु विशिष्टाः ये तान्निबोध द्वीजोत्तम नायका मम सैन्यस्य सञ्ज्ञार्थम् तान् ब्रवीमि ते	द्विजोत्तम! अस्माकं तु ये विशिष्टाः तान् निबोध। मम सैन्यस्य (ये) नायकाः तान् ते संज्ञार्थ ब्रवीमि।	அந்தணர்களில் சிறந்தவரே ! நீங்கள் நம்முடைய படையில் கூட முக்கியமான படைத்தலைவர்கள் உள்ள இருக்கிறார்களோ, அவர்களைத் தெரிந்து கொள்ளுங்கள்). என்னுடைய சேனையில் (உள்ள) படைத்தலைவர்களைப் பற்றி, நீங்கள் அறிந்து கொள்வதற்காக கூறுகிறேன் .
bhagavadgita_anvaya_L8	भवान्भीष्मश्च कर्णश्च कृपश्च समितिञ्जयः अश्वत्थामा विकर्णश्च सौमदत्तिस्तथैव च	भवान् भीष्मः कर्णः समितिञ्जयः च कृपः अश्वत्थामा विकर्णः तथैव सौमदत्तिः सन्ति।	தாங்களும் ,பீஷ்மரும் ,கர்ணனும் ,யுத்தத்தில் வெற்றியே பெறுகின்ற கிருபாசாரியரும் ,அஸ்வத்தாமாவும் ,விகர்ணனும் , அதேபோல் சோமதத்தனின் மகனும் உண்டு .
bhagavadgita_anvaya_L9	अन्ये च बहवः शूरा मदर्थे त्यक्तजीविताः नानाशस्त्रप्रहरणाः सर्वे युद्धविशारदाः	नाना-शस्त्र-प्रहरणाः शूराः सर्वे युद्ध-विशारदाः अन्ये च बहवः मदर्थे त्यक्तजीविताः (सन्ति)।	பலவிதமான ஆயுதங்களுடன் தயாராக நிற்கின்ற அனைவருமே யுத்தத்தில் திறமை பெற்றவர்கள்; வேறு பல சூரவீரர்களும் ,எனக்காக உயிராசையை விட்டவர்கள் (ஆவார்கள்)
bhagavadgita_anvaya_L10	अपर्याप्तं तदस्माकं बलं भीष्माभिरक्षितम् पर्याप्तं त्विदमेतेषां बलं भीमाभिरक्षितम्	अस्माकं भीष्म-अभिरक्षितं तद् बलम् अपर्याप्तम् (अस्ति)। इदं तु एतेषां भीम-अभिरक्षितं बलं पर्याप्तम् (अस्ति)।	பீஷ்மரின் மூலமாகப் பாதுகாக்கப்படுகின்ற நம்முடைய சேனை எந்த விதத்திலும் எதிரிகளால் வெல்லப்பட முடியாததாகும் .ஆனால் பீமனின் மூலமாகப் பாதுகாக்கப்படுகின்ற அவர்களின் சேனையோ நம்மால் எளிதில் வெல்லப் படக் கூடியது (ஆகும் ).
bhagavadgita_anvaya_L11	अयनेषु च सर्वेषु यथाभागमवस्थिताः भीष्ममेवाभिरक्षन्तु भवन्तः सर्व एव हि	सर्वेषु अयनेषु यथाभागम् अवस्थिताः भवन्तः सर्वे भीष्मम् एव अभिरक्षन्तु।	எல்லாப் போர்முனைகளிலும், அவரவர் இடங்களில் நிலையாக இருந்து கொண்டு, நீங்கள் அனைவரும் பீஷ்மரையே, பாதுகாத்து வாருங்கள்.
bhagavadgita_anvaya_L12	तस्य सञ्जनयन्हर्षम् कुरुवृद्धः पितामहः सिंहनादं विनद्योच्चैः शङ्खं दध्मौ प्रतापवान्	प्रतापवान् कुरुवृद्धः पितामहः तस्य हर्षं सञ्जनयन् सिंहनादं विनद्य उच्चैः शङ्खं दध्मौ।	மிக்க பிரதாபமுடையவரும், கௌரவர்களின் முதியவரானவருமான பாட்டனார் பீஷ்மர், அவருக்கு மகிழ்ச்சியை உண்டுபண்ணுகின்ற வகையில் சிங்க கர்ஜனை போன்று உரக்க ஊதி சங்கை முழங்கினார்.
bhagavadgita_anvaya_L13	ततः शङ्खाश्च भेर्यश्च पणवानकगोमुखाः सहसैवाभ्यहन्यन्त स शब्दस्तुमुलोभवत्	तदा शङ्खाः भेर्यः पणवानकगोमुखाः च सहसा एव अभ्यहन्यन्त। सः शब्दः तुमुलः अभवत्।	இதற்குப் பிறகு சங்குகளும்,பேரிகைகளும், தம்பட்டம்,பறை, கொம்பு முதலிய வாத்தியங்களும் ஒருங்கே முழங்கின.அந்த ஒலி மிகவும் பயங்கரமாக இருந்தது .
bhagavadgita_anvaya_L14	ततः श्वेतैर्हयैर्युक्ते महति स्यन्दने स्थितौ माधवः पाण्डवश्चैव दिव्यौ शङ्खौ प्रदध्मतुः	ततः माधवः पाण्डवश्च श्वेतैः हयैः युक्ते महति स्यन्दने स्थितौ दिव्यौ शङ्खौ प्रदध्मतुः।	இதற்குப் பிறகு, மாதவரும், பாண்டவனும் ( அர்ஜுனனும்), வெள்ளைக் குதிரைகள் பூட்டிய உயர்ந்த தேரில் அமர்ந்திருந்த தங்களது தெய்வீகமான சங்குகளை முழங்கினர்.
bhagavadgita_anvaya_L15	पाञ्चजन्यं हृषीकेशः देवदत्तम् धनञ्जयः पौण्ड्रं दध्मौ महाशङ्खं भीमकर्मा वृकोदरः अनन्तविजयं राजा कुन्तिपुत्रो युधिष्ठिरः नकुलः सहदेवश्च सुघोषमणिपुष्पकौ	नकुलः सहदेवः च सुघोषमणिपुष्पकौ दध्मौ। हृषीकेशः पाञ्चजन्यं धनञ्जयः देवदत्तं भीमाकर्मा वृकोदरः महाशङ्खं पौण्ड्रं कुन्तीपुत्रः राजा युधिष्ठिरः अनन्तविजयं	ஹ்ருஷீகேஷன் பாஞ்சஜன்யம் (எனும் சங்கையும்) ; தனஞ்சயன் தேவதத்தம் (எனும் சங்கையும்), பயங்கரச் செயல் புரியும் வ்ருகோதரன் (பீமசேனன்) பௌண்டிரம் என்ற பெயருள்ள பெரிய சங்கையும், குந்தியின் புதல்வரான மன்னர் யுதிஷ்டிரர் அனந்த விஜயம் (எனும் சங்கையும்) , நகுலனும் சகாதேவனும் சுகோஷம் , மணிபுஷ்பகம் (எனும் சங்குகளையும்) முழங்கினார்கள்.
bhagavadgita_anvaya_L17	काश्यश्च परमेश्वासः शिखण्डी च महारथः धृष्टद्युम्नो विराटश्च सात्यकिश्चापराजितः द्रुपदो द्रौपदेयाश्च सर्वशः पृथिवीपते सौभद्रश्च महाबाहुः शङ्खान्दध्मुः पृथक् पृथ	सौभद्रः च सर्वशः पृथक् पृथक् शङ्खान् दध्मुः। पृथिवीपते! परमेष्वासः काश्यः महारथः शिखण्डी धृष्टद्युम्नः विराटः अपराजितः सात्यकिः द्रुपदः द्रौपदेयाः महाबाहुः	அரசனே! சிறந்த வில்லாளியான காசிராஜனும் , பெரிய தேரோட்டியான சிகண்டியும் , திருஷ்டத்யும்னனும் ,விராட மன்னனும்,தோல்வியே காணாத சாத்யகியும், துருபத ராஜனும், திரௌபதியின் புதல்வர்களும், நீண்ட புஜங்களையுடைய சுபத்திரையின் குமரனும் , இவர்கள் எல்லோரும் எல்லாப் பக்கங்களிலிருந்தும் தனித்தனியாகச் சங்குகளை முழங்கினார்கள்.
bhagavadgita_anvaya_L19	स घोषो धार्तराष्ट्राणां हृदयानि व्यदारयत् नभश्च पृथिवीं चैव तुमुलो व्यनुनादयन्	सः तुमुलः घोषः नभः पृथिवीं च व्यनुनादयन् धार्तराष्ट्राणां हृदयानि व्यदारयत्।	அந்த பயங்கர ஓலி ஆகாயத்தையும்,பூமியையும் ,எதிரொலிக்கச் செய்து திருதராஷ்டிரருடைய அணியினரின் இதயங்களைப் பிளக்கச் செய்தது.
bhagavadgita_anvaya_L20	अथ व्यवस्थितान्दृष्ट्वा धार्तराष्ट्रान्कपिध्वजः प्रवृत्ते शस्त्रसम्पाते धनुरुद्यम्य पाण्डवः	इदं वाक्यम् आह। महीपते! अथ व्यवस्थितान् धार्तराष्ट्रान् दृष्ट्वा कपिध्वजः पाण्डवः शस्त्रसम्पाते प्रवृत्ते धनुः उद्यम्य तदा हृषीकेशम्	இதன் பின்னர், அணிவகுத்து நிற்கின்ற திருதராஷ்டிரரின் குமாரனின் படையை பார்த்து, அனுமானின் கொடியை உடைய பாண்டுவின் மகன் (அர்ஜுனன்), அப்பொழுது ஆயுதங்களைச் செலுத்துவதற்குத் தயாரான நிலையில் தன்னுடைய வில்லை எடுத்தபடியே ஹ்ருஷீகேசரிடம் இந்த வசனத்தை கூறினான் :
bhagavadgita_anvaya_L22	हृषीकेशं तदा वाक्यमिदमाह महीपते अर्जुन उवाच सेनयोरुभयोर्मध्ये रथं स्थापय मेच्युत	अच्युत! सेनयोः उभयोः मध्ये मे रथं स्थापय।	அச்சுதரே ! இறுசேனைகளுக்கும் நடுவில் என்னுடைய இரதத்தை நிறுத்துங்கள் .
bhagavadgita_anvaya_L23	यावदेतान् निरीक्षेहं योद्धुक्मानवस्थितान् कैर्मया सह योद्धव्यमस्मिन्रणसमुद्यमे	यावत् अहम् अस्मिन् रणसमुद्यमे कैः मया सह योद्धव्यम् (इति ज्ञातुम्) अवस्थितान् एतान् योद्धुकामान् निरीक्षे।	இந்தப் போர் முயற்சியில், எவரெவருடன் என்னால் போரிட நேருமோ (என்று தெரிந்து கொள்ள), யுத்தம் செய்யும் ஆசையுடன் அணிவகுத்து நிற்கும் இந்த எதிரிப்படை வீரர்களை எவ்வளவு நேரம் நான் பார்ப்பேனோ (அவ்வளவு நேரம் இரத்தை நிறுத்தி வையுங்கள்).
bhagavadgita_anvaya_L24	योत्स्यमाननवेक्षेहं य एतेत्र समगताः धार्तराष्ट्रस्य दुर्बुद्धेः युद्धे प्रियचिकीर्षवः	दुर्बुद्धेः धार्तराष्ट्रस्य युद्धे प्रियचिकीर्षवः ये एते अत्र समागताः (तान्) अहं योत्स्यमानान् अवेक्षे।	கெட்ட பதியுடைய திருதராஷ்டிரனின் மகனுக்கு, யுத்தத்தில் நலனைச் செய்ய விரும்பி யாரெல்லாம் வந்து கூடியிருக்கிறார்களோ, போர் புரிய போகிற (அவர்களை) நான் பார்க்கிறேன்.
bhagavadgita_anvaya_L25	एवमुक्तो हृषीकेशो गुडाकेशेन भारत सेनयोरुभयोर्मध्ये स्थापयित्वा रथोत्तमम् भीष्मद्रोणप्रमुखतः सर्वेषां च महीक्षिताम् उवाच पार्थ पश्यैतान्समवेतान्कुरूनिति	भारत! एवं गुडाकेशेन उक्तः हृषीकेशः सेनयोः उभयोः मध्ये भीष्मद्रोणप्रमुखतः सर्वेषां च महीक्षितां (प्रमुखतः) रथोत्तमं स्थापयित्वा 'पार्थ! एतान् समवेतान् कुरून् पश्य' इति उवाच।	"பாரத குலத்தவரே, இவ்வாறு அர்ஜுனன் கூறியவுடன், ஹ்ருஷீகேஷன் , இருதரப்பு சேனைகளுக்கு இடையே பீஷ்மருக்கும், துரோணருக்கும் முன்பாகவும் , அனைத்து அரசர்களுக்கு (முன்பாகவும்), உயர்ந்த இரதத்தை கொண்டு நிறுத்தி, ""பார்த்தனே! ஒன்றாக கூடியிருக்கும் இந்த கௌரவர்களைப் பார் என்று கூறினார் ."
bhagavadgita_anvaya_L27	तत्रापश्यत्स्थितान्पार्थः पितॄनथ पितामहान् आचार्यान्मातुलान्भ्रातॄन्पुत्रान्पौत्रान्सखींस्तथा	उभयोः अपि सेनयोः अपश्यत्। अथ पार्थः तत्र स्थितान् पितॄन् पितामहान् आचार्यान् मातुलान् भ्रातॄन् पुत्रान् पौत्रान् सखीन् श्वशुरान् सुहृदः च	பிறகு, பிருதையின் மகன், அங்கு நிற்கின்ற, பெரியப்பா,சிற்றப்பாக்கள் (யும்),தாத்தா, முப்பாட்டனார்கள் (யும்), குருநாதர்கள் (யும்), தாய் மாமன்கள் (யும்), சகோதரர்கள் (யும்), புதல்வர்கள் (யும்), பேரன்கள் (யும்), நண்பர்கள் (யும்), மாமனார்கள் (யும்) மற்றும் அன்பர்களையும், போர்க்களத்தின் இருதரப்புச் சேனைகளில் , பார்த்தார்.
bhagavadgita_anvaya_L29	श्वशुरान्सुहृदश्चैएव सेनयोरुभयोरपि तान्समीक्ष्य स कौन्तेयः सर्वान्बन्धूनवस्थितान्	परया कृपया आविष्टः सः कौन्तेयः तान् सर्वान् अवस्थितान् बन्धून् समीक्ष्य विषीदन् इदम् अब्रवीत्।	மிகுந்த இரக்கத்தோடு கூடியவனாக அந்த குந்தியின் மகன் அனைத்து கூடியிருந்த உறவினர்களையும் நன்கு பார்த்து வருத்தம் கொண்டு, இவ்வாறு கூறினான்.
bhagavadgita_anvaya_L30	कृपया परयाविष्टो विषीदन्निदमब्रवीत् दृष्ट्वेमं स्वजनं कृष्ण युयुत्सुं समुपस्थितम्	कृष्ण! युयुत्सुं समुपस्थितम् इमं स्वजनं दृष्ट्वा मम गात्राणि सीदन्ति मुखं च परिशुष्यति।	கிருஷ்ணா, ஒன்று கூடி நின்று போர் புரிய விரும்புகின்ற இந்த உறவினர்களின் கூட்டத்தைப் பார்த்து என் அங்கங்கள் சோர்வடைகின்றன.வாயும் உலர்கிறது .
bhagavadgita_anvaya_L31	सीदन्ति मम गात्राणि मुखं च परिशुष्यति वेपथुश्च शरीरे मे रोमहर्षश्च जायेते गाण्डीवं स्रंसते हस्तात्त्वक्चैव परिदह्यते न च शक्नोम्यवस्थातुं भ्रमतीव च मे मनः	मनः भ्रमति इव। रोमहर्षः वेपथुः-च मे शरीरे जायते। हस्तात् गाण्डीवं स्रंसते। त्वक् च एव परिदह्यते। अवस्थातुं न शक्नोमि मे	மயிர்ச்சிலிர்ப்பும், நடுக்கமும் என் உடலில் ஏற்படுகின்றது. கையிலிருந்து காண்டீவ வில் நழுவிக்கொண்டிருக்கிறது. மேலும் சருமத்திலும் மிகவும் எரிச்சல் உண்டாகிறது. நிற்பதற்கும் முடியாதவனாக இருக்கிறேன். என்னுடைய மனதும் குழப்பம் அடைவது போல் உள்ளது.
bhagavadgita_anvaya_L33	निमित्तानि च पश्यामि विपरीतानि केशव न च श्रेयोनुपश्यामि हत्वा स्वजनमाहवे	केशव! विपरीतानि च निमित्तानि पश्यामि। आहवे स्वजनं हत्वा श्रेयः च न अनुपश्यामि।	கேசவா ! கெடுதல்களை விளைவிக்கக்கூடிய சகுனங்களையும் காண்கிறேன். போரில் நம் உறவினர்களைக் கொன்று,(எந்த )மேன்மையையும் நான் காணவில்லை.
bhagavadgita_anvaya_L34	न काङ्क्षे विजयं कृष्ण न च राज्यम् सुखानि च किम् नो राज्येन गोविन्द किम् भोगैर्जीवितेन वा	कृष्ण! विजयं राज्यं सुखानि च न काङ्क्षे। गोविन्द! राज्येन भोगैः जीवितेन वा नः किम् ?	கிருஷ்ணா! வெற்றியை(யும் ), ராஜ்யத்தை(யும் ), சுகங்களையும் விரும்பவில்லை. கோவிந்தா ! ராஜ்யத்தினாலோ, சுகபோகங்களாலோ, உயிரோடு வாழ்வதாலோகூட நமக்கு என்ன?
bhagavadgita_anvaya_L35	येषामर्थे काङ्क्षितं नो राज्यं भोगाः सुखानि च त इमेवस्थिता युद्धे प्राणांस्त्यक्त्वा धनानि च आचार्याः पितरः पुत्रास्तथैव च पितामहाः मातुलाः श्वशुराः पौत्राः श्यालाः सम्बन्धिनस्तथा	पौत्राः श्यालाः तथा सम्बन्धिनः प्राणान् धनानि च त्यक्त्वा युद्धे अवस्थिताः। येषाम् अर्थे राज्यं भोगाः सुखानि च नः काङ्क्षितं ते इमे आचार्याः पितरः पुत्राः तथा एव पितामहाः मातुलाः श्वशुराः	எவர்களுக்காக அரசும், போகங்களும், சுகங்களும், நமக்கு விரும்பப்பட்டவைகளோ, அத்தகைய இவர்களே ஆசார்யர்கள், பெரியப்பா சிற்றப்பாக்கள், மகன்கள், அவ்விதமே பாட்டனார்கள், தாய்வழி மாமன்கள், மாமனார்கள், பேரன்கள், மைத்துனர்கள் மற்றும் உறவினர்கள் உயிரையும்(உயிர் மேல் உள்ள அசையும்),செல்வத்தையும் துறந்து யுத்தத்தில் நிற்கிறார்கள்.
bhagavadgita_anvaya_L37	एतान्न हन्तुमिच्छामि घ्नतोपि मधुसूदन अपि त्रैलोक्यराजस्य हेतोः किं नु महीकृते	मधुसूदन! त्रैलोक्य-राज्यस्य हेतोः घ्नतः अपि एतान् हन्तुं न इच्छामि। किं नु महीकृते ?	மதுசூதனா! என்னைக் கொன்றாலும், மூவுலங்களிலும் உள்ள ராஜ்யங்களின் அரசாட்சி என்ற காரணத்திற்காக்கூட, இவர்கள் எல்லோரையும் நான் கொல்ல விரும்பவில்லை. (பிறகு) இப்பூவுலகுக்காக, சொல்லவும் வேண்டுமோ?
bhagavadgita_anvaya_L38	निहत्य धार्तराष्ट्रान्नः का प्रीतिः स्याज्जनार्दन पापमेवाश्रयेदस्मान्हत्वैतानाततायिनः	पापम् एव आश्रयेत्। जनार्दन! धार्तराष्ट्रान् निहत्य (स्थितानाम्) नः का प्रीतिः स्यात् ? (प्रत्युत) आततायिनः एतान् हत्वा स्थितान् अस्मान्	ஜனார்த்தன! திருதராஷ்ட்ர குமாரர்களைக் கொன்று (இருப்பவர்க) நமக்கு என்ன மகிழ்ச்சி ஏற்படப்போகிறது?(மாறாக) படுபாவிகள் இவர்களை, நின்று கொன்றால், நம்மை பாவம் தான் வந்தடையும்.
bhagavadgita_anvaya_L39	तस्मान्नार्हा वयं हन्तुं धार्तराष्ट्रान्स्वबान्धवान् स्वजनं हि कथं हत्वा सुखिनः स्याम माधव	माधव! तस्मात् वयं स्वबान्धवान् धार्तराष्ट्रान् हन्तुं न अर्हाः। स्वजनं हि हत्वा कथं सुखिनः स्याम ?	மாதவா! ஆகவே நாம் நம் உறவினர்களான திருதராஷ்ட்ர குமாரர்களை கொள்வதற்கு தக்கவரல்லர். ஏனெனில், நம் உறவினர்களை கொன்று எப்படி சுகமுள்ளவர்களாக இருப்போம்?
bhagavadgita_anvaya_L40	यद्यप्येते न पश्यन्ति लोभोपहतचेतसः कुलक्षयकृतं दोषं मित्रद्रोहे च पातकम् कथं न ज्ञेयमस्माभिः पापादस्मान्निवर्तितुम् कुलक्षयकृतं दोषं प्रपश्यद्भिर्जनार्दन	प्रपश्यद्भिः अस्माभिः अस्मात् पापात् निवर्तितुं कथं न ज्ञेयम् ? जनार्दन! यद्यपि एते लोभोपहतचेतसः कुलक्षयकृतं दोषं मित्रद्रोहे पातकं च न पश्यन्ति (तथापि) कुलक्षयकृतं दोषं	ஜனார்தனா! பேராசையால் மதியிழந்த இவர்கள், குலநாசத்தினால் ஏற்படும் குற்றத்தை(யும் ) நண்பர்களுக்குக் கெடுதல் செய்வதால் ஏற்படும் பாவத்தையும் பார்ப்பதில்லை( எனினும் ), குலநாசத்தினால் ஏற்படும் குற்றத்தை நன்கு உணர்கின்ற நாம் இந்தப் பாவச்செயலிலிருந்து விலகுவது பற்றி ஏன் ஆலோசிக்காமல் இருக்கவேண்டும்.
bhagavadgita_anvaya_L42	कुलक्षये प्रणश्यन्ति कुलधर्माः सनातनाः धर्मे नष्टे कुलं कृत्स्नमधर्मोभिभवत्युत	कुलक्षये सनातनाः कुलधर्माः प्रणश्यन्ति। धर्मे नष्टे कृत्स्नम् उत कुलम् अधर्मः अभिभवति।	குலநாசத்தினால் தொன்றுதொட்டு வருகின்ற குலதர்மங்கள் அழிந்துவிடுகின்றன. தர்மத்தின் அழிவில், முழு குலத்தையும், அதர்மம் சூழ்கிறது.
bhagavadgita_anvaya_L43	अधर्माभिभवात्कृष्ण प्रदुष्यन्ति कुलस्त्रियः स्त्रीषु दुष्टासु वार्ष्णेय जायेते वर्णसङ्करः	कृष्ण! अधर्माभिभवात् कुलस्त्रियः प्रदुष्यन्ति। वार्ष्णेय! स्त्रीषु दुष्टासु वर्णसङ्करः जायते।	கிருஷ்ண ! அதர்மம் அதிகமாகப் பெருகுவதால் குலப்பெண்கள் நடத்தை கெட்டுப் போவார்கள். விருஷ்ணி குலத்தவ !பெண்கள் நடத்தை கெட்டுப் போனால் வர்ணக்கலப்பு உண்டாகிவிடுகிறது.
bhagavadgita_anvaya_L44	सङ्करो नरकायैव कुलध्नानां कुलस्य च पतन्ति पितरो ह्येषां लुप्तपिण्डौदकक्रियाः	सङ्करः कुलध्नानां कुलस्य च नरकाय एव भवति। एषां पितरः लुप्तपिण्डोदकक्रियाः पतन्ति।	கலப்பு (வர்ணக்கலப்பு) குலநாசம் செய்தவர்களையும், குலத்தையும், நரகத்திற்கே அழைத்துச் செல்லக்கூடியது. இவர்களுடைய முன்னோர்கள் பிண்டம், நீர்க்கடன் இவற்றை இழந்து வீழ்ச்சியடைவார்கள் .
bhagavadgita_anvaya_L45	दोषैरेतैः कुलध्नानां वर्णसङ्करकारकैः उत्साद्यन्ते जातिधर्माः कुलधर्माश्च शाश्वताः	कुलध्नानां वर्णसङ्करकारकैः एतैः दोषैः शाश्वताः जातिधर्माः कुलधर्माः च उत्साद्यन्ते।	குலநாசம் செய்பவர்களின், வர்ணக்கலப்பு ஏற்படுத்துகின்ற இந்த குற்றங்களினால், நிலைத்துள்ள ஜாதி தர்மங்களும் , குல தர்மங்களும் அழிந்து விடுகின்றன.
bhagavadgita_anvaya_L46	उत्सन्नकुलधर्माणां मनुष्याणां जनार्दन नरके नियतं वासो भवतीत्यनुशुश्रुम	जनार्दन! 'उत्सन्नकुलधर्माणां मनुष्याणां नरके अनियतं वासः भवति' इति अनुशुश्रुम।	ஜனார்த்தன ! குலதர்மங்கள் அடியோடு அழிந்துவிட்டபின், மனிதர்களுக்கு நரகத்தில் அளவற்ற காலம் வரை வாசம் ஏற்படுகிறது என்று கேள்விப்பட்டிருக்கிறோம்.
bhagavadgita_anvaya_L47	अहो बत महत्पापं कर्तुं व्यवसिता वयम् यद्राज्यसुखलोभेन हन्तुं स्वजनमुद्यताः	अहो बत! वयं महत् पापं कर्तुं व्यवसिताः स्मः यत् राज्यसुखलोभेन स्वजनं हन्तुम् उद्यताः स्मः।	அந்தோ பாவம்! நாம் பெரும் பாவம் செய்வதற்கு முனைந்து இருக்கிறோம் ஏனெனில், அரசசுக ஆசையினால் நம் உறவினர்களை கொல்வதற்கு முனைந்து விட்டோம்.
bhagavadgita_anvaya_L48	यदि मामप्रतीकारमशस्त्रं शस्त्रपाणयः धार्तराष्ट्रा रणे हन्युस्तन्मे क्षेमतरं भवेत्	यदि धार्तराष्ट्राः शस्त्रपाणयः अशस्त्रम् अप्रतीकारं मां रणे हन्युः तत् मे क्षेमतरं भवेत्।	திருதராஷ்டிர குமாரர்கள் கையில் ஆயுதம் தாங்கி, ஆயுதமின்றி எதிர்த்துப் போரிடாமலும் (இருக்கின்ற) என்னை போரில் கொன்றாலும் அது எனக்கு அதிக நன்மை உடையதாகவே ஆகிவிடும்.
bhagavadgita_anvaya_L49	सञ्जय उवाच एवमुक्त्वार्जुनः संख्ये रथोपस्थ उपाविशत् विसृज्य सशरं चापं शोकसंविग्नमानसः	सङ्ख्ये एवम् उक्त्वा शोकसंविग्नमानसः अर्जुनः सशरं चापं विसृज्य रथोपस्थे उपाविशत्।	இவ்வாறு சொல்லி, போர்க்களத்தில் சோகத்தினால் கலங்கிய மனதுடைய அர்ஜுனன் அம்புகளுடன் வில்லை எறிந்துவிட்டு உட்கார்ந்துவிட்டார்.
bhagavadgita_anvaya_L50	सञ्जय उवाच तं तथा कृपयाविष्टमश्रुपूर्णाकुलेक्षणम् विषीदन्तमिदं वाक्यमुवाच मधुसूदनः	मधुसूदनः तथा कृपया आविष्टम् अश्रुपूर्णाकुलेक्षणं विषीदन्तं तम् इदं वाक्यम् उवाच।	மதுசூதனன் அவ்விதம் இரக்கத்துடன், நீர் நிரம்பிக் கலங்கிய கண்களுடன் சோகத்தோடு கூடிய அவனிடம் இந்த வார்த்தையை கூறினார் .
bhagavadgita_anvaya_L51	श्रीभगवानुवाच कुतस्त्वा कश्मलमिदं विषमे समुपस्थितम् अनार्यजुष्टमस्वर्ग्यमकीर्तिकरमर्जुन	अर्जुन! विषमे अनार्यजुष्टम् अस्वर्ग्यम् अकीर्तिकरम् इदं कश्मलं कुतः त्वा समुपस्थितम् ?	அர்ஜுனா ! தகாத சமயத்தில், சான்றோர்களால் கடைப்பிடிக்கப்படாத ஸ்வர்கத்தை அளிக்காத மேலும் புகழையும் தரவல்லாத இந்த மோஹம் எந்தக் காரணத்தினால் உன்னை வந்தடைந்தது.
bhagavadgita_anvaya_L52	क्लैब्यं मा स्म गमः पार्थ नैतत्त्वय्युपपद्यते क्षुद्रं हृदयडौर्बल्यं त्यक्त्वोत्तिष्ठ परन्तप	हे पार्थ! ईदृशं क्लैब्यं मा स्म गमः। त्वयि एतत् न उपपद्यते। परन्तप! क्षुद्रं हृदयदौर्बल्यं त्यक्त्वा उत्तिष्ठ।	பார்த ! இது போன்ற அலியின் தன்மையை அடையாதே. உனக்கு இது பொருந்தாது. எதிரிகளை வாட்டுபவனே! இழிந்த உள்ளத்தின் தளர்ச்சியை துறந்துவிட்டு எழுந்திரு.
bhagavadgita_anvaya_L53	अर्जुन उवाच कथम्भीष्ममहं सङ्ख्ये द्रोणञ्च मधुसूदन इषुभिः प्रतियोत्स्यामि पूजार्हावरिसूदन	मधुसूदन! अहं सङ्ख्ये कथम् इषुभिः पूजार्हौ भीष्मं द्रोणं च प्रतियोत्स्यामि ? अरिसूदन!	மதுசூதன ! நான் போர்க்களத்தில் எவ்வாறு அம்புகளினால், பூஜிக்கத்தக்கவர்களான பீஷ்மரையும் திரோனரையும், எதிர்த்துப் போரிடுவேன்? பகைவர்களை அழிப்பவனே !
bhagavadgita_anvaya_L54	गुरूनहत्वा हि महानुभावान् श्रेयो भोक्तुम्भैक्ष्यमपीह लोके हत्वार्थकामांस्तु गुरूनिहैएव भुञ्जीय भोगान् रुधिरप्रदिग्धान्	महानुभावान् गुरून् अहत्वा (स्थितस्य मम) भैक्ष्यं भोक्तुम् इह लोके श्रेयः। गुरून् हत्वा इह एव रुधिरप्रदिग्धान् अर्थकामान् भोगान् भुञ्जीय ?	மேன்மை பொருந்திய ஆசார்யர்களை கொல்லாமல் (நான் நிற்பது ), பிச்சை எடுப்பதால் கிடைக்கும் அன்னத்தை உண்பது இவ்வுலகில் மேன்மையைத்தரும். ஆசார்யர்களைக் கொன்றால், இங்கேயே, இரத்தம் கலந்த தன சம்பத்தாகவும்,காமிய வஸ்துக்களாகவும், போகங்களை அனுபவிப்பவனாவேன் .
bhagavadgita_anvaya_L55	न चैतद्विद्मः कतरन्नो गरीयः यत्वा जयेम यदि वा नो जयेयुः यानेव हत्वा न जिजीविषामः तेवस्थिताः प्रमुखे धार्तराष्ट्राः	यान् हत्वा न जिजीविषामः ते एव धार्तराष्ट्राः प्रमुखे अवस्थिताः (तस्मात्) यद् वा जयेम यदि वा नो जयेयुः (अनयोः) कतरत् नः गरीयः (इति) एतत् न विद्मः।	எவர்களைக் கொன்று வாழ விரும்பவில்லையா, அந்த திருதராஷ்ட்டிர குமாரர்களே நம் முன்னே நிற்கிறார்கள் (எனவே ) அவர்களை வெற்றி கொள்வோமா அல்லது நம்மை வென்று விடுவார்களா?(மற்றவர்கள் )இவ்விரண்டில் எது நமக்கு சிறந்தது (என்று )இதை அறியோம்.
bhagavadgita_anvaya_L56	कार्पण्यदोषोपहतस्वभावः पृच्छामि त्वान्धर्मसंमूढचेताः यच्छ्रेयः स्यान्निश्चितम्ब्रूहि तन्मे शिष्यस्तेहं शाधि मान्त्वाम्प्रपन्नम्	कार्पण्यदोषोपहतस्वभावः धर्मसम्मूढचेताः त्वां पृच्छामि - यत् निश्चितं श्रेयः स्यात् तत् मे ब्रूहि। अहं ते शिष्यः। त्वां प्रपन्नं मां शाधि।	கோழைத்தனத்தினால் சீரழிந்த ஸ்வபாவம் கொண்டவனும், தர்மவிஷயத்தில் குழம்பிய மனமுடையவனுமான (நான்) உங்களிடம் கேட்கிறேன்-எது உறுதியாக மேன்மை பயக்கக் கூடுமோ, அதை எனக்குக் கூறுங்கள். நான் உங்களுடைய சீடன். உங்களை சரணடைந்த எனக்கு அறிவுரை கூறுங்கள்.
bhagavadgita_anvaya_L57	न हि प्रपश्यामि ममापनुद्यात् यच्छोकमुच्छोषणमिन्द्रियाणाम् अवाप्य भूमावसपत्नमृद्धम् राज्यं सुराणामपि चाधिपत्यम्	भूमौ असपत्नम् ऋद्धं महत् राज्यं सुराणाम् आधिपत्यं च अवाप्य अपि (स्थितस्य) मम यत् इन्द्रियाणाम् उच्छोषणं शोकम् अपनुद्यात् (तत्कर्म) नहि प्रपश्यामि।	பூவுலகில், எதிரிகளற்ற தனதான்யங்கள் நிறைந்த ராஜ்ஜியத்தையும், தேவர்களுக்கு அதிபதியாக இருப்பதையும், அடைந்தாலும்கூட, எது என்னுடைய புலன்களை வாடவைக்கின்ற சோகத்தை போக்கடிக்குமோ, (அந்த செயலை ) (நான்) காணவில்லை.
bhagavadgita_anvaya_L58	सञ्जय उवाच एवमुक्त्वा हृषीकेशङ्गुडाकेशः परन्तप न योत्स्य इति गोविन्दमुक्त्वा तूष्णीम्बभूव ह	परन्तप! हृषीकेशम् एवम् उक्त्वा गुडाकेशः 'न योत्स्ये' इति गोविन्दम् उक्त्वा तूष्णीं बभूव।	பகைவரை வாட்டுபவன் (அர்ஜுனன்) ஹ்ருஷீகேசனிடம் இவ்வாறு கூறிவிட்டு, உறக்கத்தை வென்றவன் (அர்ஜுனன்), 'போர்புரிய மாட்டேன் ' என்று கோவிந்தனிடம் கூறிவிட்டு மெளனமாக ஆகிவிட்டார்.
bhagavadgita_anvaya_L59	तमुवाच हृषीकेशः प्रहसन्निव भारत सेनयोरुभयोर्मध्ये विषीदन्तमिदं वचः	भारत! हृषीकेशः प्रहसन् इव उभयोः सेनयोः मध्ये विषीदन्तं तम् इदं वचः उवाच।	பாரத குலத்தவரே ! ஹ்ருஷீகேசன் சிரித்தாற்போல இரண்டு படைகளுக்கும் நடுவில், துயரப்பட்டுக் கொண்டிருக்கும் அவனிடம்(அர்ஜுனனிடம்) இந்த வார்த்தைகளை கூறினார்.
bhagavadgita_anvaya_L60	श्रीभगवानुवाच अशोच्यानन्वशोचस्त्वं प्रज्ञावादांश्च भाषसे गतासूनगतासूंश्च नानुशोचन्ति पण्डिताः	त्वम् अशोच्यान् अन्वशोचः। प्रज्ञावादान् च भाषसे। पण्डिताः गतासून् अगतासून् च न अनुशोचन्ति।	நீ துக்கப்படத்தகாத மனிதர்களின் பொருட்டு வருந்துகிறாய். பண்டிதர்களைப் போன்று பேசுகிறாய். பண்டிதர்கள் உயிர் போனவர்களுக்காகவும் , உயிர் போகாதவர்களுக்காகவும், வருந்துவதில்லை.
bhagavadgita_anvaya_L61	न त्वेवाहं जातु नासं न त्वं नेमे जनाधिपाः न चैव न भविष्यामः सर्वे वयमतः परम्	अहं जातु न आसम् न तु एव त्वम् (आसी:) न इमे जनाधिपाः (आसन्) न अतः परं वयं सर्वे न च एव भविष्यामः।	நான் எப்பொழுதாவது இருந்ததில்லை என்பது இல்லவே இல்லை ; நீயும் (இருந்தது ) இல்லை இந்த அரசர்களும் (இருந்தார்கள் )இல்லை இனிமேலும் நாம் அனைவரும் இறுக்கப் போவதில்லை. என்பதும் இல்லை.
bhagavadgita_anvaya_L62	देहिनोस्मिन्यथा देहे कौमारं यौवनं जरा तथा देहान्तरप्राप्तिः धीरस्तत्र न मुह्यति	देहिनः अस्मिन् देहे यथा कौमारं यौवनं जरा (च) तथा देहान्तरप्राप्तिः। तत्र धीरः न मुह्यति।	தேகத்தில் குடியிருக்கும் ஆத்மாவுக்கு இந்த உடலில், எப்படி இளமையும், வாலிபப்பருவமும், முதுமையும்(மற்றும் ) அவ்வாறே வேறு உடலும் வந்து சேர்கிறது. அதைப்பற்றி தீர புருஷன் கலங்குவதில்லை.
bhagavadgita_anvaya_L63	मात्रास्पर्शाअतु कौन्तेय शीतोष्णसुखुदुःखदाः आगमापायिनोनित्यास्तांस्तितिक्षस्व भारत	कौन्तेय! मात्रास्पर्शाः तु शीतोष्णसुखदुःखदाः आगमापायिनः अनित्याः। भारत! तान् तितिक्षस्व।	குந்தியின் மகனே! தட்பவெப்பம் மற்றும் இன்பத்துன்பங்களைக் கொடுக்கக்கூடிய புலன்களுடன் போக விஷயங்களின் சேர்க்கைகள், உண்டாகி அழிபவை, நிலையில்லாதவை. பாரத ! அவற்றை பொறுத்துக் கொள்.
bhagavadgita_anvaya_L64	यं हि न व्यथयन्त्येते पुरुषम्पुरुषर्षभ समदुःखसुखन्धीरं सोमृतत्वाय कल्पते	पुरुषर्षभ! एते यं समदुःखसुखं धीरं पुरुषं न व्यथयन्ति सः अमृतत्वाय कल्पते।	புருஷர்களின் சிறந்தவனே! இவை (புலன்கள் மற்றும் போகங்களின் சேர்க்கை) ஸுகதுக்கங்களை ஸமமாக ஏற்கின்ற, எந்த தீரனான மனிதனை கலங்கவைப்பதில்லையோ , அவன் மோக்ஷத்திற்கு தகுதி பெறுகிறான்.
bhagavadgita_anvaya_L65	नासतो विद्यते भावो नाभावो विद्यते सतः उभयोरपि दृष्टोन्तस्त्वनयोस्तत्त्वदर्शिभिः	असतः भावः न विद्यते सतः अभावः न विद्यते। अनयोः उभयोः (सदसतोः) अपि अन्तः तत्त्वदर्शिभिः दृष्टः।	இல்லாததற்கு இருப்பது என்பது இல்லை; உண்மையாக இருப்பதற்கு இல்லாமை என்பதும் இல்லை. இந்த இரண்டின் (உண்மையாக இருப்பதற்கும் இல்லாததற்கும் ) தத்துவம், தத்துவ ஞானிகளால் காணப்படுகிறது .
bhagavadgita_anvaya_L66	अविनाशि तु तद्विद्धि येन सर्वमिदन्ततम् विनाशमव्ययस्य न कश्चित्कर्तुमर्हति	येन इदं सर्वं ततं तत् तु अविनाशि विद्धि। अस्य अव्ययस्य विनाशं कर्तुं कश्चित् अपि न अर्हति।	எதனால், இவை அனைத்தும் வ்யாபிக்கப்பட்டிருக்கிறதோ, 'அது' அழிவர்றதுதான் என்று அறிந்து கொள். அந்த அழிவற்றதற்கு, அழிவை உண்டாக்குவதற்கு எவருமே ஆற்றல் பெற்றவர்கள் அல்லர்.
bhagavadgita_anvaya_L67	अन्तवन्त इमे देहा नित्यस्योक्ताः शरीरिणः अनाशिनोप्रमेयस्य तस्माद्युध्यस्व भारत	अनाशिनः अप्रमेयस्य नित्यस्य च शरीरिणः इमे देहाः अन्तवन्तः उक्ताः। भारत! तस्मात् युध्यस्व।	அழிவற்ற, விளக்கமுடியாத, நித்தியமான ஜீவாத்மாத்மாவினுடைய இந்த உடல்கள் அழியக்கூடியவையாக கூறப்பட்டுள்ளன. பாரதகுலத்தவனே! ஆகவே (நீ ) போர் புரிவாயாக.
bhagavadgita_anvaya_L68	य एनं वेत्ति हन्तारं यश्चैनम् मन्यते हतम् उभौ तौ न विजानीतो नायं हन्ति न हन्यते	यः एनं हन्तारं वेत्ति यः च एनं हतं मन्यते तौ उभौ न विजानीतः। (यतः) अयं न हन्ति न हन्यते।	யார் இவனை (ஆத்மாவை) கொல்பவனாக நினைக்கிறானோ மற்றும் யார் இவனை கொல்லப்பட்டவனாக நினைக்கிறானோ, அந்த இருவருமே அறியாதவர்கள்.(ஏனெனில் ) இது யாரையும் கொளல்வதில்லை, யாராலும் கொல்லப்படுவதில்லை.
bhagavadgita_anvaya_L69	न जायेते म्रियते वा कदाचित् नायम् भूत्वाभविता वा न भूयः अजो नित्यः शाश्वतोयं पुराणः न हन्यते हन्यमाने शरीरे	अयं कदाचित् न जायते न वा म्रियते। अयं भूत्वा भूयः भविता वा न। अयम् अजः नित्यः शाश्वतः पुराणः शरीरे हन्यमाने अपि न च हन्यते।	இந்த (ஆத்மா) ஒருபோதும் பிறப்பதில்லை அல்லது இறப்பதும் இல்லை. இது உண்டாகி மறுபடியும் இல்லாமல் போவதும் கிடையாது. இந்த (ஆத்மா), பிறப்பு இல்லாதவன், நித்யமானவன், எக்காலத்திலும் உள்ளவன், பழமையானவன், உடல் கொல்லப்படும்போதும், கொள்ளப்படுவதில்லை.
bhagavadgita_anvaya_L70	वेदाविनासिनन्नित्यं य एनमजमव्ययम् कथं स पुरुषः पार्थ कङ्घातयति हन्ति कम्	पार्थ! यः एनम् अविनाशिनं नित्यम् अजम् अव्ययं च वेद सः पुरुषः कं कथं घातयति ? कं हन्ति ?	பிருதையின் மகனே! எவன் இதை அழிவு இல்லாதவன், நித்யமானவன், பிறப்பு இல்லாதவன் மற்றும் மாறுதல் இல்லாதவன் (என்று) அறிகிறானோ, அந்த மனிதன், யாரை எப்படி கொல்லச் செய்கிறான்? யாரை கொல்கிறான் ?
bhagavadgita_anvaya_L71	वासांसि जीर्णानि यथा विहाय नवानि गृह्णाति नरोपराणि तथा शरीराणि विहाय जीर्णानि अन्यानि संयाति नवानि देही	नरः जीर्णानि वासांसि विहाय अपराणि नवानि यथा गृह्णाति तथा देही जीर्णानि शरीराणि विहाय अन्यानि नवानि संयाति।	மனிதன், பழைய துணிகளை நீக்கிவிட்டு வேறு புதியவைகளை எப்படி எடுத்துக் கொள்கிறானோ, அவ்வாறே ஜீவாத்மா பழைய உடல்களை நீக்கிவிட்டு, வேறு புதிய (உடல்களை) அடைகிறான்.
bhagavadgita_anvaya_L72	नैनम् छिन्दन्ति शस्त्राणि नैनम् दहति पावकः न चैनम् क्लेदयन्त्यापः न शोषयति मारुतः	शस्त्राणि एनं न छिन्दन्ति। पावकः एनं न दहति। आपः एनं न क्लेदयन्ति। मारुतः च न शोषयति।	ஆயுதங்கள் இந்த (ஆத்மாவை ) வெட்டுவதில்லை. நெருப்பு இவனை ஏரிப்பதில்லை. தண்ணீர் இவனை நனைப்பதில்லை. மேலும் காற்று உலர வைப்பதில்லை.
bhagavadgita_anvaya_L73	अच्छेद्योयमदाह्योयमक्लेद्योशोष्य एव च नित्यः सर्वगतः स्थाणुरचलोयं सनातनः	अयम् अच्छेद्यः। अयम् अदाह्यः। अयम् अक्लेद्यः अशोष्यः एव च। अयं नित्यः सर्वगतः स्थाणुः अचलः सनातनः (च)।	இந்த (ஆத்மா) வெட்டுப்பட முடியாதவன். இவன் எரிக்கப்பட முடியாதவன். இவன் நனைக்கப்பட முடியாதவன், மேலும் உலர்த்தப்பட முடியாதவன். இவன் நித்யமானவன், எங்கும் நிறைந்தவன், நிலையாக இருப்பவன், (மேலும்) எப்பொழுதும் இருப்பவன்.
bhagavadgita_anvaya_L74	अव्यक्तोयमचिन्त्योयमविकार्योयमुच्यते तस्मातेवं विदित्वैनं नानुशोचितुमर्हसि	अयम् अव्यक्तः। अयम् अचिन्त्यः। अयम् अविकार्यः उच्यते। तस्मात् एवम् एनं (देहिनं) विदित्वा अनुशोचितुं न अर्हसि।	இந்த (ஆத்மா) புலன்களுக்கு புலப்படாதவன். இவன் மனதால் சிந்திக்க முடியாதவன். இவன் மாறுதல் இல்லாதவன் (என்று) கூறப்படுகிறது. ஆகையால், மேலே கூறியவாறு, இந்த (ஆத்மாவை ), அறிந்து கொண்டு, வருத்தப்படுவது நல்லது அல்ல.
bhagavadgita_anvaya_L75	अथ चैनन्नित्यजातन्नित्यं वा मन्यसे मृतम् तथापि त्वं महाबाहो नैवं शोचितुम् अर्हसि	महाबाहो! अथ च एनं नित्यजातं नित्यं वा मृतं मन्यसे तथापि त्वम् एवं शोचितुं न अर्हसि।	நீண்ட கைகளை உடையவனே! ஆயினும் இவனை எப்பொழுதும் பிறந்து கொண்டேயிருப்பவன், அவ்வாறே எப்பொழுதும் இறந்து கொண்டேயிருப்பவன் (என்று ) நினைத்தால், அப்படியானாலும்கூட நீ இவ்வாறு வருத்தப்படுவது சரியில்லை.
bhagavadgita_anvaya_L76	जातस्य हि ध्रुवो मृत्युर्ध्रुवञ्जन्म मृतस्य च तस्मादपरिहार्येर्थे न त्वं शोचितुमर्हसि	जातस्य हि मृत्युः ध्रुवः। मृतस्य च जन्म ध्रुवम्। तस्मात् अपरिहार्ये अर्थे त्वं शोचितुं न अर्हसि।	பிறந்தவனுக்கோ இறப்பு நிச்சயமானது. இறந்தவனுக்கும் பிறப்பு நிச்சயம். ஆகவே பரிகாரம் செய்து கொள்ள முடியாத விஷயத்தில் நீ துயரப்படுவது சரியில்லை.
bhagavadgita_anvaya_L77	अव्यक्तादीनि भूतानि व्यक्तमध्यानि भारत अव्यक्तनिधनान्येव तत्र का परिदेवना	भारत! भूतानि अव्यक्तादीनि व्यक्तमध्यानि अव्यक्तनिधनानि एव। तत्र का परिदेवना ?	பாரத குலத்தவனே! எல்லா உயிரினங்கங்களும் பிறப்பிற்குமுன் தென்படாதவையாக இருந்தன, நடுவில் தென்படுகின்றன, இறப்பிற்குப் பின்னும் தென்படாமலே போகிறது. இதில் என்ன வருத்தம் ?
bhagavadgita_anvaya_L78	आश्चर्यवत्पश्यति कश्चितेनं आश्चर्यवद्वदति तथैव चान्यः आश्चर्यवच्चैनमन्यः श्रृणोति श्रुत्वाप्येनं वेद न चैव कश्चित्	कश्चित् एनम् आश्चर्यवत् पश्यति तथा एव अन्यः च आश्चर्यवत् वदति अन्यः च एनम् आश्चर्यवत् शृणोति। कश्चित् एनं श्रुत्वा अपि न च एव वेद।	யாரோ ஒருவன், இந்த (ஆத்மாவை ), ஆச்சர்யமாகப் பார்க்கிறான் , மேலும், அதே போல, வேறு ஒருவன் ஆச்சர்யமாக வர்ணிக்கிறான், மேலும் வேறு ஒருவன் ஆச்சர்யமாகக் கேட்கிறான். மேலும் யாராவது ஒருவன், இவனை, கேட்டாலும் அறியவே மாட்டான்.
bhagavadgita_anvaya_L79	देही नित्यमवध्योयन्देहे सर्वस्य भारत तस्मात्सर्वाणि भूतानि न त्वं शोचितुम् अर्हसि	भारत! अयं देही सर्वस्य देहे नित्यम् अवध्यः। तस्मात् सर्वाणि भूतानि त्वं शोचितुं न अर्हसि।	பாரத குலத்தவனே! இந்த ஆத்மா, எல்லோருடைய உடலிலும் எப்பொழுதும் கொல்லப்படமுடியாதவன். ஆகவே எல்லா உயிரினங்களுக்காகவும் நீ வருந்துவது சரியில்லை.
bhagavadgita_anvaya_L80	स्वधर्ममपिचावेक्ष्य न विकम्पितुमर्हसि धर्म्याद्धि युद्धाच्छ्रेयोन्यत्क्षत्रियस्य न विद्यते	स्वधर्मं च अवेक्ष्य अपि विकम्पितुं न अर्हसि। क्षत्रियस्य हि धर्म्यात् युद्धात् अन्यत् श्रेयः न विद्यते।	அவ்வாறே தன்னுடைய தர்மப்படி பார்த்தாலும் நீ பயப்படக்கூடாது. ஏனென்றால் க்ஷத்ரியனுக்கு தர்மமயமான போரைக் காட்டிலும்,வேறு மேன்மை தரும் கடமை கிடையாது.
bhagavadgita_anvaya_L81	यदृच्छया चोपपन्नं स्वर्गद्वारमपावृतम् सुखिनः क्षत्रियाः पार्थ लभन्ते युद्धमीदृशम्	पार्थ! यदृच्छया उपपन्नम् अपावृतं च स्वर्गद्वारम् ईदृशं युद्धं सुखिनः क्षत्रियाः लभन्ते।	பார்த்தா! தற்செயலாய் நேர்ந்துள்ள, திறந்து வைக்கப்பட்டுள்ள ஸ்வர்கவாயில் வடிவான இத்தகைய போரை பாக்கியமுடைய க்ஷத்திரியர்கள் அடைகிறார்கள்.
bhagavadgita_anvaya_L82	अथ चेत्त्वमिमन्धर्म्यं सङ्ग्रामन्न करिष्यसि ततः स्वधर्मङ्कीर्तिञ्च हित्वा पापमवाप्स्यसि	अथ चेत् त्वम् इमं धर्म्यं संग्रामं न करिष्यसि ततः स्वधर्मं कीर्तिं च हित्वा पापम् अवाप्स्यसि।	ஆகவே, நீ இந்த தர்மத்தோடு கூடிய போரை செய்யவில்லையானால், அப்போது ஸ்வதர்மத்தையும், புகழையும், இழந்து பாவத்தை அடைவாய்.
bhagavadgita_anvaya_L83	अकीर्तिञ्चापि भूतानि कथायिष्यन्ति तेव्ययाम् सम्भावितस्य चाकीर्तिर्मरणादतिरिच्यते	भूतानि च ते अव्ययाम् अकीर्तिं चापि कथयिष्यन्ति। सम्भावितस्य च अकीर्तिः मरणात् अतिरिच्यते।	மேலும் அனைவரும் உன்னை எப்பொழுதும் இகழ்ச்சியாகக் கூடப் பேசுவார்கள். மேலும் கௌரவம் உடையவனுக்கு இகழ்ச்சி மரணத்தைக் காட்டிலும் அதிகமான துன்பத்தைக் கொடுக்கக்கூடியது.
bhagavadgita_anvaya_L84	भयाद्रणादुपरतम्मंस्यन्ते त्वाम् महारथाः येषाञ्च त्वाम् बहुमतोभूत्वा यास्यसि लाघवम्	येषां त्वं बहुमतः भूत्वा लाघवं यास्यसि (तादृशाः) महारथाः च त्वां भयात् रणात् उपरतं मंस्यन्ते।	எவர்களுடைய (பார்வையில் ) நீ மிகவும் பெருமை பெற்றவனாக இருந்துவிட்டு, (இபொழுது)தாழ்வை அடைவாயோ,( அந்த) சிறந்த வீரர்கள் உன்னை பயத்தினால் போரிலிருந்து பின்வாங்கியவனாக நினைப்பார்கள்.
bhagavadgita_anvaya_L85	अवाच्यवादांश्च बहून्वदिष्यन्ति तवाहिताः निन्दन्तस्तव सामर्थ्यन्ततो दुःखतरन्नु किम्	तव अहिताः तव सामर्थ्यं निन्दन्तः बहून् अवाच्यवादान् वदिष्यन्ति। ततः दुःखतरं नु किम् ?	உன்னுடைய எதிரிகள், உன்னுடைய திறமையை பழித்து பலவிதமான சொல்லக்கூடாத வார்த்தைகளையும் சொல்லுவார்கள். அதைவிட அதிகத் துயரம் வேறு என்ன இருக்கும்?
bhagavadgita_anvaya_L86	हतो वा प्राप्स्यसि स्वर्गञ्जित्वा वा भोक्ष्यसे महीम् तस्मादुत्तिष्ठ कौन्तेय युद्धाय कृतनिश्चयः	कौन्तेय! हतः वा स्वर्गं प्राप्स्यसि। जित्वा वा (स्थितः) महीं भोक्ष्यसे। तस्मात् युद्धाय कृतनिश्चयः उत्तिष्ठ।	குந்தியின் மகனே! கொல்லப்பட்டாலோ ஸ்வர்கத்தை அடைவாய். வெற்றி பெற்றாலோ(நின்று ) புவியை அனுபவிப்பாய். ஆகையினால் போரின் பொருட்டு உறுதியாக நிச்சயித்துக் கொண்டு எழுந்திரு.
bhagavadgita_anvaya_L87	सुखदुःखे समे कृत्वा लाभालाभौ जयाजयौ ततो युद्धाय युज्यस्व नैवम् पापमवाप्स्यसि	सुखदुःखे लाभालाभौ जयाजयौ समे कृत्वा ततः युद्धाय युज्यस्व। एवं (कृतं चेत्) पापं न अवाप्स्यसि।	இன்ப-துன்பங்களையும் லாப-நஷ்டங்களையும் வெற்றி-தோல்விகளையும் ஸமமாகக் கருதி , அதற்குப்பின் போருக்கு தயாராவாயாக. இந்த விதத்தில்(ஓருவேளை முடிந்தால் ) பாவத்தை அடைய மாட்டாய்.
bhagavadgita_anvaya_L88	एषा तेभिहिता सांख्ये बुद्धिर्योगे त्विमां श्रृणु बुद्ध्या युक्तो यया पार्थ कर्मबन्धम् प्रहास्यसि	पार्थ! एषा बुद्धिः ते साङ्ख्ये अभिहिता। योगे इमां शृणु यया बुद्ध्या युक्तः कर्मबन्धं प्रहास्यसि।	பார்த்தா ! இந்த அறிவு உனக்கு ஆத்ம தத்துவத்தைப் பற்றி கூறப்பட்டது. யோக தத்துவத்தில், இதனை கேள், அந்த அறிவோடு கூடியவனானால் கர்மபந்தத்திலிருந்து விடுபடுவாய்.
bhagavadgita_anvaya_L89	नेहाभिक्रमनाशोस्ति प्रत्यवायो न विद्यते स्वल्पमप्यस्य धर्मस्य त्रायते महतः भयात्	इह अभिक्रमनाशः नास्ति प्रत्यवायः न विद्यते अस्य धर्मस्य स्वल्पमपि महतः भयात् त्रायते।	இதில்(கர்ம யோகத்தில்), ஆரம்ப முயற்சி வீண்போதல் கிடையாது, நேரெதிரான விளைவும் இல்லை; இந்த தர்மத்தின் சிறிதளவாயினும், பெரும்பயத்திலிருந்து காப்பாற்றுகிறது.
bhagavadgita_anvaya_L90	व्यवसायात्मिका बुद्धिरेकेह कुरुनन्दन बहुशाखा ह्यनन्ताश्च बुद्धयोव्यवसायिनाम्	कुरुनन्दन! इह व्यवसायात्मिका बुद्धिः एका (किन्तु) अव्यवसायिनां च बुद्धयः बहुशाखाः अनन्ताः हि।	குரு குலத்தில் தோன்றியவனே! இதில் (கர்ம யோகத்தில்) உறுதியாய் இருப்பவனுக்கு புத்தி ஒன்றுதான்(ஆனால்) மேலும் உறுதி இல்லாதவர்களுக்கு புத்திகள் பல கிளைகளுடையனவாகவும், முடிவற்றவையாகவும் இருக்கின்றன.
bhagavadgita_anvaya_L91	कामात्मानः स्वर्गपरा जन्मकर्मफलप्रदाम् क्रियाविशेषबहुलाम्भोगैश्वर्यगतिम्प्रति भोगैश्वर्यप्रसक्तानान्तयापहृतचेतसाम् व्यवसायात्मिका बुद्धिः समाधौ न विधीयते	पार्थ! कामात्मनः स्वर्गपराः वेदवादरताः नान्यदस्ति इति वादिनः अविपश्चितः जन्मकर्मफलप्रदां भोगैश्वर्यगतिं प्रति क्रियाविशेषबहुलाम् इमां पुष्पितां यां वाचं प्रवदन्ति।	பார்தா! போகங்களில் மூழ்கியவர்களான, ஸ்வர்கமே மேலானது என்று நினைப்பவர்களான, கர்மங்களின் பயன்களைப் புகழ்ந்து உரைக்கும் வேதவாக்கியங்களிலேயே பிரியம் வைத்து, வேறொன்றும் இல்லை என்று வாதம் செய்கின்றவர்களுமான அவிவேகிகள் கர்மங்களின் பயனான பிறவியை அளிக்கின்ற போகங்கள் மற்றும் செல்வங்கள் பெறுவதற்குரிய பல வகையான கர்மங்களைக் கூறுகின்ற இந்த விதமான மலர்போலக் (கவர்ச்சியுள்ள)எந்தப் பேச்சை எடுத்துக் பேசுகிறார்களோ, அதனால் (அந்தப் பேச்சினால்) மனம் அபகரிக்கப்பட்டு போகத்திலும் , செல்வத்திலும் மிகுந்த பற்றுள்ளவர்களுக்கு,உறுதியான புத்தி சமாதியில் நிலைபெற்றிருப்பதில்லை.
bhagavadgita_anvaya_L93	भोगैश्वर्यप्रसक्तानान्तयापहृतचेतसाम् व्यवसायात्मिका बुद्धिः समाधौ न विधीयते	तया अपहृतचेतसां भोगैश्वर्यप्रसक्तानां बुद्धिः व्यवसायात्मिका (सती) समाधौ न विधीयते।	
bhagavadgita_anvaya_L94	त्रैगुण्यविषया वेदा निस्त्रैगुण्यो भवार्जुन निर्द्वन्द्वो नित्यसत्त्वस्थो निर्योगेक्षेम आत्मवान्	अर्जुन! वेदाः त्रैगुण्यविषयाः। निस्त्रैगुण्यः निर्द्वन्द्वः नित्यसत्त्वस्थः निर्योगक्षेमः आत्मवान् भव।	அர்ஜுனா! வேதங்கள் முக்குணங்களின் செயல்களைப் பற்றி கூறுபவை. முக்குணங்களிலிருந்து விடுபட்டவனாக , இரட்டைகளுக்கு ஆட்படாதவனாக , எப்பொழுதும் நடுநிலையிலே இருப்பவனாக , யோகக்ஷேமத்தை விரும்பாதவனாக, தனக்கு வசப்பட்ட மனமுடையவனாக ஆகக்கடவாய்.
bhagavadgita_anvaya_L95	यावानर्थ उदपाने सर्वतः सम्प्लुतोदके तावान्सर्वेषु वेदेषु ब्राह्मणस्य विजानतः	(यथा) यावान् अर्थः उदपाने (तावान्) सर्वतः सम्लुतोदके (तथा) यावान् विजानतः ब्राह्मणस्य सर्वेषु वेदेषु (तावान् ब्रह्मणि)।	(எப்படி ) எவ்வளவு பயன் கிணற்றினால், (அவ்வளவு) எல்லாப் புறங்களிலும் நீர்ப்பெருக்கு (அடைந்த பின் ) (அப்படியே ) எவ்வளவு ப்ரஹ்மத்தை தத்வரீதியாக அறிந்த ப்ராம்மணனுக்கு, அனைத்து வேதங்களினாலும்(அவ்வளவு பயன்தான் தரும் )
bhagavadgita_anvaya_L96	कर्मण्येवाधिकारस्ते मा फलेषु कदाचन मा कर्मफलहेतुर्भूर्मा ते सङ्गोस्त्वकर्मणि	कर्मणि एव ते अधिकारः। फलेषु कदाचन मा (भूत्)। कर्मफलहेतुः मा भूः। अकर्मणि ते सङ्गः मा अस्तु।	கர்மங்களை ஆற்றுவதில்தான் உனக்கு பொறுப்பு உண்டு. பலன்களில் ஒருகாலும் இல்லை (). கர்மபலன்களை உண்டுபண்ணுபவன் ஆகாதே. கர்மங்களை ஆற்றாமல் இருப்பதிலும் உனக்கு பற்று இருக்கக்கூடாது.
bhagavadgita_anvaya_L97	योगस्थः कुरु कर्माणि सङ्गम् त्यक्त्वा धनञ्जय सिद्ध्यसिद्ध्योः समो भूत्वा समत्वं योग उच्यते	धनञ्जय! अत्यासक्तिं त्यक्त्वा सिद्ध्यसिद्ध्योः समः भूत्वा योगस्थः कर्माणि कुरु। समत्वं योगः उच्यते।	தனஞ்சயா ! அதிகமான பற்றினை துறந்து, கைகூடுவது , கைகூடாமலிருப்பது என்பதில் சமமாக இருந்துகொண்டு யோகத்தில் நிலைபெற்று செய்யவேண்டிய கர்மங்களைச் செய் .சமபாவனை(யை) யோகம் (என்று) சொல்லப்படுகிறது.
bhagavadgita_anvaya_L98	दूरेण ह्यवरम् कर्म बुद्धियोगाद्धनञ्जय बुद्धौ शरणमन्विच्छ कृपणाः फलहेतवः	धनञ्जय! बुद्धियोगात् हि कर्म दूरेण अवरम्। बुद्धौ शरणम् अन्विच्छ। फलहेतवः कृपणाः।	தனஞ்சயா !ஏனெனில் புத்தியோகத்தைக் காட்டிலும் கர்மம் மிகவும் தாழ்ந்த ரகத்தைச் சேர்ந்தது. சமபுத்தியில் தஞ்சம் அடைவாய். பலனுக்குத் தம்மைக் காரமாக்கிக் கொள்கிறவர்கள் இறக்கத்துக்குரியவர்கள்.
bhagavadgita_anvaya_L99	बुद्धियुक्तो जहातीह उभे सुकृतदुष्कृते तस्माद् योगाय युज्यस्व योगः कर्मसु कौशलम्	बुद्धियुक्तः सुकृतदुष्कृते उभे इह जहाति। तस्मात् योगाय युज्यस्व। कर्मसु कौशलं योगः उच्यते।	சமபுத்தியுடையவன் புண்ய பாவங்கள் என்ற இரண்டையும் இந்த உலகிலேயே விட்டுவிடுகிறான். இதனால் (சமத்துவ) யோகத்தில் ஈடுபட்டிரு. கடமையை திறமையுடன் செயல்படுதல் யோகம் என்று கூறப்படுகிறது.
bhagavadgita_anvaya_L100	कर्मजम्बुद्धियुक्ता हि फलं त्यक्त्वा मनीषिणः जन्मबन्धविनिर्मुक्ताः पदङ्गच्छन्त्यनामयम्	बुद्धियुक्ताः हि मनीषिणः कर्मजं फलं त्यक्त्वा जन्मबन्धविनिर्मुक्ताः अनामयं पदं गच्छन्ति।	தன்னை உணர்ந்து ஞானம் அடைந்தவர்கள் வினைப்பயன்களைப் பாராது, அதிலிருந்து தன்னை விடுவித்துக் கொளவதால், அவர்களை எந்தத் தீயசெயல்களும் அணுகாது.
bhagavadgita_anvaya_L101	यदा ते मोहकलिलं बुद्धिर्व्यतितरिष्यति तदा गन्तासि निर्वेदं श्रोतव्यस्य श्रुतस्य च	यदा ते बुद्धिः मोहकलिलं व्यतितरिष्यति तदा श्रोतव्यस्य श्रुतस्य च निर्वेदं गन्तासि।	எப்பொழுதெல்லாம், உனது அறிவு, மாயை என்னும் சேற்றை கடந்து செல்கிறதோ, உனக்கு வேண்டுபவை மற்றும் வேண்டாதவை எல்லாம் ஒரு பொருட்டே இல்லை.
bhagavadgita_anvaya_L102	श्रुतिविप्रतिपन्ना ते यदा स्थास्यति निश्चला समाधावचला बुद्धिस्तदा योगमवाप्स्यसि	यदा ते श्रुतिविप्रतिपन्ना बुद्धिः निश्चला समाधौ च अचला स्थास्यति तदा योगम् अवाप्स्यसि।	ஏட்டறிவால் குழப்பமடைந்த உனது அறிவு அசையாமல் நிலைத்து நிற்கும் போது, ​​நீ ஆத்ம ஞானத்தை அடைவாய்.
bhagavadgita_anvaya_L103	अर्जुन उवाच स्थितप्रज्ञस्य का भाषा समाधिस्थस्य केशव स्थितधीः किम्प्रभाषेत किमासीत व्रजेत किम्	केशव! समाधिस्थस्य स्थितप्रज्ञस्य का भाषा ? स्थितधीः किं प्रभाषेत ? किम् आसीत ? किं व्रजेत ?	அர்ஜுனன் கூறுவான், கண்ணனே, நிலையான அறிவுடையவனும், ஆழ்ந்த உள்ளுனவர்வில் இணைந்தவனும் எவ்விதம் இருப்பான்? நிலையான அறிவுடையவன் எப்படிப் பேசுகிறான்?, எப்படி அமர்கிறான்?, எப்படி நடக்கிறான்?
bhagavadgita_anvaya_L104	श्रीभगवानुवाच प्रजहाति यदा कामान्सर्वान्पार्थ मनोगतान् आत्मन्येवात्मना तुष्टः स्थितप्रज्ञस्तदोच्यते	पार्थ! यदा सर्वान् कामान् मनोगतान् प्रजहाति आत्मना एव आत्मनि तुष्टः तदा स्थितप्रज्ञः उच्यते।	கண்ணன் கூறுவான், ஓ அர்ஜுனா, ஒரு மனிதன் மனதின் ஆசைகள் அனைத்தையும் துறந்து, ஆத்ம திருப்தி அடைவதால், அவன் நிலையான ஞானம் கொண்டவன் என அழைக்கப்படுவான்.
bhagavadgita_anvaya_L105	दुःखेष्वनुद्विग्नमनाः सुखेषु विगतस्पृहः वीतरागभयक्रोधः स्थितधीर्मुनिरुच्यते	दुःखेषु अनुद्विग्नमनाः सुखेषु विगतस्पृहः वीतरागभयक्रोधः मुनिः स्थितधीः उच्यते।	யாருடைய மனம் துன்பத்தில் துவளாமல், இன்பத்தை பொருட்படுத்தாது, பற்றறுத்து, பயமோ, கோபமோ கொள்ளாதவனாக இருந்தால், அவன் நிலையான ஞானம் பெற்ற துறவியாகிறான்
bhagavadgita_anvaya_L106	यः सर्वत्रानभीस्नेहस्तत्तत्प्राप्य शुभाशुभम् नाभिनन्दति न द्वेष्टि तस्य प्रज्ञा प्रतिष्ठिता	यः सर्वत्र अनभिस्नेहः तत् तत् शुभाशुभम् प्राप्य न अभिनन्दति न द्वेष्टि तस्य प्रज्ञा प्रतिष्ठिता (भवति)।	எதிலும் பட்டற்று இருப்பவர், நல்லதோ கெட்டதோ - எதையும் சந்தித்தால், அவசரப்படாதவர், மகிழாதவர், அவருடைய ஞானம் நிலையானது.
bhagavadgita_anvaya_L107	यदा संहरते चायं कूर्मोङ्गानीव सर्वशः इन्द्रियाणीन्द्रियार्थेभ्यस्तस्य प्रज्ञा प्रतिष्ठिता	यदा अयं कूर्मः अङ्गानि इव सर्वशः इन्द्रियाणि इन्द्रियार्थेभ्यः संहरते तस्य प्रज्ञा प्रतिष्ठिता (भवति)।	எப்பொழுதெல்லம், தன் உறுப்புகளை எல்லாப் பக்கங்களிலும் விலக்கிக் கொள்ளும் ஆமையைப் போல, அவன் தன் புலன்களை இந்திரியப் பொருட்களிலிருந்து விலக்கிக் கொள்ளும்போது, அவனுடைய ஞானம் நிலையானதாகிறது.
bhagavadgita_anvaya_L108	विषया विनिवर्तन्ते निराहारस्य देहिनः रसवर्जं रसोप्यस्य परन्दृष्ट्वा निवर्तते	निराहारस्य देहिनः विषयाः रसवर्जं विनिवर्तन्ते (किन्तु) अस्य रसः अपि परं दृष्ट्वा (स्थितस्य) निवर्तते।	புலன்களின் பொருள்கள் ஏக்கத்தை கைவிட்டப் பொருட்கள் மனிதனிடமிருந்து விலகிச் செல்கின்றன; ஆனால் அவனுடைய ஏக்கமும் பரமாத்மாவைக் காணும் போது விலகிவிடுகிறது.
bhagavadgita_anvaya_L109	यततो ह्यपि कौन्तेय पुरुषस्य विपश्चितः इन्द्रियाणि प्रमाथीनि हरन्ति प्रसभम् मनः	कौन्तेय! यततः हि अपि विपश्चितः पुरुषस्य मनः प्रमाथीनि इन्द्रियाणि प्रसभं हरन्ति।	ஓ அர்ஜுனா, கொந்தளிப்பான புலன்கள், கூர்மையான மனிதனின் மனதை, அவன் அவற்றைக் கட்டுப்படுத்த முயற்சித்தாலும், அது அவனை வன்முறையில் எடுத்துச் செல்கின்றன.
bhagavadgita_anvaya_L110	तानि सर्वाणि संयम्य युक्त आसीत मत्परः वशे हि यस्येन्द्रियाणि तस्य प्रज्ञा प्रतिष्ठिता	तानि सर्वाणि संयम्य युक्तः मत्परः आसीत। यस्य वशे इन्द्रियाणि (सन्ति) तस्य प्रज्ञा प्रतिष्ठिता (भवति)।	அவை அனைத்தையும் அடக்கி, அவர் என்னையே நோக்கமாகக் கொண்டு உறுதியாக உட்கார வேண்டும். எவர் தனது புலன்களைக் கட்டுக்குள் கொண்டு வருகிறாரோ அவர்களின் ஞானம் நிலையானது.
bhagavadgita_anvaya_L111	ध्यायतो विषयान्पुंसः सङ्गस्तेषूपजायते सङ्गात्सञ्जायते कामः कामात्क्रोधोभिजायते क्रोधाद्भवति सम्मोहः सम्मोहात् स्मृतिविभ्रमः स्मृतिभ्रंशाद्बुद्धिनाशः बुद्धिनाशात्प्रणश्यति	विषयान् ध्यायतः पुंसः तेषु सङ्गः उपजायते सङ्गात् कामः सञ्जायते कामात् क्रोधः अभिजायते क्रोघात् सम्मोहः भवति सम्मोहात् स्मृतिविभ्रमः स्मृतिभ्रंशात् बुद्धिनाशः बुद्धिनाशात् प्रणश्यति।	ஒரு மனிதன் பொருட்களை நினைக்கும் போது, ​​அவற்றின் மீது பற்று எழுகிறது; பற்றுதலிலிருந்து ஆசை பிறக்கிறது; ஆசையிலிருந்து கோபம் எழுகிறது. கோபத்திலிருந்து மாயை வருகிறது; மாயையிலிருந்து நினைவாற்றல் குறைகிறது; நினைவாற்றல் குறைந்ததால் பகுத்தறிவு குறைகிறது. பகுத்தறிவு குறைவதால் அவன் அழிந்து போகிறான்.
bhagavadgita_anvaya_L112	रागद्वेषवियुक्तैस्तु विषयानिन्द्रियैश्चरन् आत्मवश्यैर्विधेयात्मा प्रसादमधिगच्छति	विधेयात्मा तु रागद्वेषवियुक्तैः इन्द्रियैः आत्मवश्यैः विषयान् चरन् प्रसादम् अधिगच्छति।	ஆனால் தன்னடக்கமுள்ள மனிதன், புலன்களைக் கட்டுப்படுத்தி, ஈர்ப்பு மற்றும் வெறுப்பு இல்லாத பொருள்களுக்கு மத்தியில் நகர்ந்து, அமைதியை அடைகிறான்.
bhagavadgita_anvaya_L113	प्रसादे सर्वदुःखानां हानिरस्योपजायते प्रसन्नचेतसो ह्याशु बुद्धिः पर्यवतिष्ठते	प्रसादे (सति) अस्य सर्वदुःखानां हानिः उपजायते। प्रसन्नचेतसः हि बुद्धिः आशु पर्यवतिष्ठते।	அந்த அமைதியில் எல்லா வலிகளும் அழிக்கப்படுகின்றன; ஏனெனில், அமைதியான எண்ணம் கொண்டவர்களின் புத்தி சீக்கிரமே சீராகிவிடும்.
bhagavadgita_anvaya_L114	नास्ति बुद्धिरयुक्तस्य न चायुक्तस्य भावना न चाभावयतः शान्तिरशान्तस्य कुतः सुखम्	अयुक्तस्य बुद्धिः नास्ति। अयुक्तस्य च भावना न। अभावयतः च शान्तिः न। अशान्तस्य कुतः सुखम्।	நிலையற்றவனுக்கு தன்னைப் பற்றிய அறிவு இல்லை, நிலையற்றவனுக்கு தியானம் சாத்தியமில்லை, தியானம் செய்யாதவனுக்கு அமைதி இருக்காது, அமைதி இல்லாத மனிதனுக்கு எப்படி மகிழ்ச்சி ஏற்படும்?
bhagavadgita_anvaya_L115	इन्द्रियाणाम् हि चरताम् यन्मनोनुविधियते तदस्य हरति प्रज्ञां वायुर्नावमिवाम्भसि	चरतां हि इन्द्रियाणां यत् मनः अनुविधीयते तत् अस्य प्रज्ञां वायुः अम्भसि नावम् इव हरति।	அலைந்து திரியும் புலன்களின் உணர்வில் வயப்படும் மனம், காற்றானது நீரில் படகை எடுத்துச் செல்வது போல, தான் நினைத்தபடி எடுத்துச் செல்கிறது.
bhagavadgita_anvaya_L116	तस्माद्यस्य महाबाहो निगृहीतानि सर्वशः इन्द्रियाणीन्द्रियार्थेभ्यस्तस्य प्रज्ञा प्रतिष्ठिता	महाबाहो! तस्मात् यस्य इन्द्रियाणि इन्द्रियार्थेभ्यः सर्वशः निगृहीतानि तस्य प्रज्ञा प्रतिष्ठिता (भवति)।	எனவே, ஓ வலிமையான ஆயுதம் கொண்ட அர்ஜுனா, புலன்களிலிருந்து விடுபடுவதற்கு, தன புலன்களைக் கட்டுப்படுத்தப்பட்ட அவரது அறிவு நிலையானது.
bhagavadgita_anvaya_L117	या निशा सर्वभूतानान्तस्याञ्जागर्ति संयमी यस्याञ्जाग्रति भूतानि सा निशा पश्यतो मुनेः	सर्वभूतानां या निशा तस्यां संयमी जागर्ति यस्यां भूतानि जाग्रति सा पश्यतः मुनेः निशा।	எல்லா உயிர்களுக்கும் இரவாக இருப்பது, தன்னடக்கமுள்ள மனிதன் விழித்திருப்பதால்; எல்லா உயிர்களும் விழித்திருக்கும் போது, ​​அது பார்க்கும் முனிவருக்கு (முனிவருக்கு) இரவு.
bhagavadgita_anvaya_L118	आपूर्यमाणमचलप्रतिष्ठम् समुद्रमापः प्रविशन्ति यद्वत् तद्वत्कामा यम्प्रविशन्ति सर्वे स शान्तिमाप्नोति न कामकामी	आपः आपूर्यमाणम् अचलप्रतिष्ठं समुद्रम् यद्वत् प्रविशन्ति तद्वत् सर्वे कामाः यं प्रविशन्ति सः शान्तिम् आप्नोति कामकामी न।	எல்லாப் பக்கங்களிலிருந்தும் நிறைந்து, அசையாமல் இருக்கும் சமுத்திரத்தில் நீர் நுழைவது போல எல்லா ஆசைகளும் யாரிடம் நுழைகிறதோ அவன் அமைதியை அடைகிறான். ஆனால் ஆசைகள் நிறைந்த மனிதன் அல்ல.
bhagavadgita_anvaya_L119	विहाय कामान्यः सर्वान् पुमांश्चरति निस्स्पृहः निर्ममो निरहङ्कारः स शान्तिमधिगच्छति	यः पुमान् सर्वान् कामान् विहाय निःस्पृहः निर्ममः निरहङ्कारः चलति सः शान्तिम् अधिगच्छति।	ஆசைகள் அனைத்தையும் துறந்து, ஏக்கமின்றி, நான் என்ற உணர்வின்றி, அகங்காரமின்றி நடமாடும் மனிதன் அமைதியை அடைகிறான்.
bhagavadgita_anvaya_L120	एषा ब्राह्मी स्थितिः पार्थ नैनां प्राप्य विमुह्यति स्थित्वास्यामन्तकालेपि ब्रह्मनिर्वाणमृच्छति	पार्थ! एषा ब्राह्मी स्थितिः। एनां प्राप्य न विमुह्यति। अन्तकाले अपि अस्यां स्थित्वा ब्रह्मनिर्वाणम् ऋच्छति।	குந்தியின் மகனே, இது பிரம்ம இருக்கை (நித்திய நிலை). இதை அடைந்து, யாரும் ஏமாந்து விடுவதில்லை. அதில் நிலைநிறுத்தப்பட்டு, வாழ்வின் இறுதியிலும், ஒருவன் பிரம்மனுடன் ஐக்கியத்தை அடைகிறான்.
bhagavadgita_anvaya_L121	अर्जुन उवाच ज्यायसी चेत् कर्मणस्ते मता बुद्धिर्जनार्दन तत् किं कर्मणि घोरे मां नियोजयसि केशव	जनार्दन! बुद्धिः कर्मणः ज्यायसी ते मता चेत् केशव! तत् घोरे कर्मणि मां किं नियोजयसि?	அர்ஜுனன் கூறுவான், அறிவே செயலை விட மேலானது என்று நீ நினைத்தால் கேசவா, ஏன் இந்தபயங்கரமான செயலில், போரில் என்னை ஈடுபடச் சொல்கிறாய்?
bhagavadgita_anvaya_L122	व्यामिश्रेणेव वाक्येन बुद्धिम्मोहयसीव मे तदेकं वद निश्चित्य येन श्रेयोहमाप्नुयाम्	व्यामिश्रेण इव वाक्येन मे बुद्धिं मोहयसि। तद् येन अहं श्रेयः आप्नुयाम्(तादृशम्) एकं निश्चित्य वद।	உங்களின் பேச்சு என்னை சற்றே குழப்பி இருக்கிறது; எனவே நான் பேரின்பத்தை அடையக்கூடிய ஒரு வழியை எனக்குச் சொல்லுங்கள்.
bhagavadgita_anvaya_L123	श्रीभगवानुवाच लोकेस्मिन् द्विविधा निष्ठा पुरा प्रोक्ता मयानघ ज्ञानयोगेन साङ्ख्यानाम् कर्मयोगेन योगिनाम्	श्रीभगवान् उवाच- अनघ! अस्मिन् लोके पुरा मया ज्ञानयोगेन साङ्ख्यानां कर्मयोगेन योगिनाम् (इति) द्विविधा निष्ठा प्रोक्ता।	அனைத்தும் அறிந்த இறைவன் கூறுகிறான்! இந்த உலகில் இரண்டு வழிகள் உள்ளது, நான் முன்பு சொன்னது போல், ஓ பாவமற்றவனே; அது ஒன்று, சாங்கியர்களின் அறிவின் பாதை, இரண்டு, யோகிகளின் செயல் பாதை.
bhagavadgita_anvaya_L124	न कर्मणामनारम्भान्नैष्कम्र्यम्पुरुषोश्नुते न च सन्न्यसनादेव सिद्धिं समधिगच्छति	पुरुषः कर्मणाम् अनारम्भात् नैष्कर्म्यं न अश्नुते। (कर्मणाम्) संन्यसनात् एव सिद्धिं च न समधिगच्छति।	எதுவும் செய்யாமல் இருப்பதால் மனிதன் செயலற்ற நிலையை அடைவதில்லை; அல்லது அனைத்தையும் துறப்பதால் மட்டுமே அவன் முழுமையை அடைவதில்லை.
bhagavadgita_anvaya_L125	न हि कश्चित्क्षणमपि जातु तिष्ठत्यकर्मकृत् कार्यते ह्यवशः कर्म सर्वः प्रकृतिजैर्गुणैः	कश्चित् जातु क्षणमपि अकर्मकृत् न हि तिष्ठति। सर्वः हि प्रकृतिजैः गुणैः अवशः कर्म कार्यते।	எந்த மனிதனும் ஒரு கணம் கூட செயல்படாமல் இருப்பதில்லை. உண்மையில், அனைத்து உயிரினங்களும் இயற்கையால் உருவாக்கப்பட்ட குணங்களின்படி செயல்பட வேண்டிய கட்டாயத்தில் உள்ளன.
bhagavadgita_anvaya_L126	कर्मेन्द्रियाणि संयम्य य आस्ते मनसा स्मरन् इन्द्रियार्थान्विमूढात्मा मिथ्याचारः स उच्यते	यः विमूढात्मा कर्मेन्द्रियाणि संयम्य इन्द्रियार्थान् मनसा स्मरन् आस्ते सः मिथ्याचारः उच्यते।	தன் புலன்களை அடக்கி, அதைக் கட்டுப்படுத்தி வெளிப்படுத்தாமல் அமர்ந்திருப்பவன், மாயையான புரிதலுடன் இருப்பவன் கபடவாதி எனப்படுவான்.
bhagavadgita_anvaya_L127	यस्त्विन्द्रियाणि मनसा नियम्यारभतेर्जुन कर्मेन्द्रियैः कर्मयोगमसक्तः स विशिष्यते	अर्जुन! यः तु असक्तः इन्द्रियाणि मनसा नियम्य कर्मेन्द्रियैः कर्मयोगम् आरभते सः विशिष्यते।	ஆனால், அர்ஜுனா! எவன் ஒருவன் தன் மனதின் மூலம் புலன்களைக் கட்டுப்படுத்தி, புலன்களின் மீது பற்று இல்லாமல் செயலில் ஈடுபடும் கர்ம யோகிகள் உண்மையிலேயே உயர்ந்தவர்கள்.
bhagavadgita_anvaya_L128	नियतङ्कुरु कर्म त्वम् कर्म ज्यायो ह्यकर्मणः शरीरयात्रापि च ते न प्रसिद्ध्येदकर्मणः	त्वं नियतं कर्म कुरु कर्म हि अकर्मणः ज्यायः। अकर्मणः ते शरीरयात्रापि न प्रसिद्ध्येत्।	எனவே, வேதங்களில் சொல்லப்பட்ட செயல்களைச் செய்ய வேண்டும், ஏனெனில் செயலற்ற நிலையில் இருப்பதை விட செயலைச் செய்வது சிறந்தது. செயல்களைத் துறப்பதன் மூலம், உங்கள் உடலைப் வளர்க்க முடியாது.
bhagavadgita_anvaya_L129	यज्ञार्थात्कर्मणोन्यत्र लोकोयम् कर्मबन्धनः तदर्थङ्कर्म कौन्तेय मुक्तसङ्गः समाचर	यज्ञार्थात् कर्मणः अन्यत्र अयं लोकः कर्मबन्धनः भवति। तदर्थं कौन्तेय! मुक्तसङ्गः कर्म समाचर।	தியாகத்திற்காகச் செய்யப்படும் செயல்களைத் தவிர மற்ற செயல்களால் உலகம் பிணைக்கப்பட்டுள்ளது; எனவே, குந்தியின் மகனே (அர்ஜுனா) நீ பற்றற்ற செயலை (தியாகத்திற்காக மட்டும்) செய்.
bhagavadgita_anvaya_L130	सहयज्ञाः प्रजाः सृष्ट्वा पुरोवाच प्रजापतिः अनेन प्रसविष्यध्वमेषः वोस्तिष्टकामधुक्	प्रजापतिः पुरा सहयज्ञाः प्रजाः सृष्ट्वा उवाच। अनेन (यज्ञेन) प्रसविष्यध्वम्। एषः वः इष्टकामधुक् अस्तु।	பிரமன் படைப்பின் தொடக்கத்தில் மனிதகுலத்தை தியாகத்துடன் படைத்தார். இதன் மூலம் அவர் உணர்த்தியது - இந்தப் பிறவி உங்கள் விருப்பதையெல்லாம் பூர்த்தி செய்யும் காமதேனு என்கிற பசுவாக இருக்கட்டும்.
bhagavadgita_anvaya_L131	देवान्भावयतानेन ते देवा भावयन्तु वः परस्परम्भावयन्तः श्रेयः परमवप्स्यथ	अनेन (यज्ञेन) देवान् भावयत। ते देवाः वः भावयन्तु। (एवम्) परस्परं भावयन्तः परं श्रेयः अवाप्स्यथ।	இதைக் கொண்டு நீங்கள் தெய்வங்களை வளர்க்கிறீர்கள், அந்த தெய்வங்கள் உங்களை வளர்க்கட்டும்; இவ்வாறு ஒருவரையொருவர் போஷித்து, உயர்ந்த நன்மையை அடைவீர்கள்.
bhagavadgita_anvaya_L132	इष्टान्भोगान्हि वो देवा दास्यन्ते यज्ञभाविताः तैर्दत्तानप्रदायैभ्यो यो भुङ्क्ते स्तेन एव सः	यज्ञभाविताः देवाः वः इष्टान् भोगान् दास्यन्ते। तैः दत्तान् एभ्यः अप्रदाय यः भुङ्क्ते स स्तेनः एव।	யாகத்தால் மகிழ்வடைந்த தேவர்கள், விரும்பிய பொருட்களைத் தருவார்கள். எனவே, தெய்வங்களால் கொடுக்கப்பட்ட பொருட்களை (பதிலுக்கு) காணிக்கையின்றி அனுபவிப்பவன், உண்மையில் திருடன்.
bhagavadgita_anvaya_L133	यज्ञशिष्टाशिनः सन्तो मुच्यन्ते सर्वकिल्बिषैः भुञ्जते ते त्वघम् पापा ये पचन्त्यात्मकारणात्	यज्ञशिष्टाशिनः सन्तः सर्वकिल्बिषैः मुच्यन्ते। ये च पापाः आत्मकारणात् पचन्ति ते तु अघं भुञ्जते।	யாகத்தின் பலனை உண்ணும் நீதிமான் எல்லா பாவங்களிலிருந்தும் விடுபடுகிறான்; ஆனால், பாவம் செய்பவர்கள் தம் பொருட்டு (மட்டும்) யாகம் செய்பவர்கள் நிச்சயமாக பாவத்தை அடைகிறார்கள்.
bhagavadgita_anvaya_L134	अन्नाद्भवन्ति भूतानि पर्जन्यादन्नसम्भवः यज्ञाद्भवति पर्जन्यो यज्ञः कर्मसमुद्भवः	अन्नात् भूतानि भवन्ति। पर्जन्यात् अन्नसम्भवः (भवति)। पर्जन्यः यज्ञात् भवति। यज्ञः कर्मसमुद्भवः भवति।	உணவிலிருந்து உயிரினங்கள் உருவாகின்றன; மழையிலிருந்து உணவு உற்பத்தி செய்யப்படுகிறது; தியாகத்திலிருந்து மழை உண்டாகிறது, தியாகம் செயலில் இருந்து பிறக்கிறது.
bhagavadgita_anvaya_L135	कर्म ब्रह्मोद्भवम् विद्धि ब्रह्माक्षरसमुद्भ्वम् तस्मात्सर्वगतम्ब्रह्म नित्यं यज्ञे प्रतिष्ठितम्	कर्म ब्रह्मोद्भवं विद्धि। ब्रह्म अक्षरसमुद्भवं विद्धि। तस्मात् सर्वगतं ब्रह्म नित्यं यज्ञे प्रतिष्ठितम्।	செயல் பிரம்மத்திலிருந்து வருகிறது, பிரம்மம் அழியாததிலிருந்து வருகிறது என்பதை அறிந்து கொள்ளுங்கள். எனவே, எங்கும் நிறைந்த (பிரம்மா) எப்போதும் யஞ்ஞத்தில் தங்கியிருக்கிறார்
bhagavadgita_anvaya_L136	एवम्प्रवर्तितञ्चक्रम् नानुवर्तयतीह यः अघायुरिन्द्रियारामो मोघम्पार्थ स जीवति	पार्थ! यः एवं प्रवर्तितं चक्रं इह न अनुवर्तयति अघायुः इन्द्रियारामः सः मोघं जीवति।	அர்ஜுனா, அவ்வாறு நெறி வகுத்த வாழ்க்கைச் சக்கரத்தை பின்பற்றாதவன், பாவ வாழ்வு கொண்டவன், புலன்களில் மகிழ்ச்சி அடைபவன், வீணாக வாழ்கிறான்
bhagavadgita_anvaya_L137	यस्तात्मरतिरेव स्यादात्मतृप्तश्च मानवः आत्मन्येव च सन्तुष्टस्तस्य कार्यन्न विद्यते	यः मानवः आत्मरतिः एव आत्मतृपतः आत्मन्येव सन्तुष्टः च स्यात् तस्य कार्यं न विद्यते।	எவனொருவன் தன்னை உணர்ந்து மகிழ்கிறானோ, அவனே, ஆத்மதிருப்தி அடைந்தவன், சுய திருப்தி கொண்டவன், ஆகவே, அவன் எந்த காரியங்களும் செய்யவேண்டியதில்லை.
bhagavadgita_anvaya_L138	नैव तस्य कृतेनार्थो नाकृतेनेह कश्चन न चास्य सर्वभूतेषु कश्चिदर्थव्यपाश्रयः	इह तस्य कृतेन (कर्मणा) अकृतेन कश्चन अर्थः नास्ति। अस्य च सर्वभूतेषु कश्चित् अर्थव्यपाश्रयः नास्ति।	இங்கே அவனால் செய்வதும், செய்யப்படாததும் ஆன செயல்கள் எதுவும் பற்று அற்றதாகவே இருக்கும். அவன் செய்யத் தொடங்கும் செயல்கள் அல்லது பொருட்கள் அனைத்திலும் பற்று அற்றவனாகவே இருக்கிறான்
bhagavadgita_anvaya_L139	तस्मादसक्तः सततङ्कार्यङ्कर्म समाचर असक्तो ह्याचरन्कर्म परमाप्नोति पूरुषः	तस्मात् असक्तः सततं कार्यं कर्म समाचर। असक्तः हि कर्म आचरन् पुरुषः परम् आप्नोति।	எனவே, தொடர்பில்லாத நிலையில் இருந்து, எப்போதும் கடமையான கடமையைச் செய்யுங்கள், ஏனென்றால், (ஒருவரின்) கடமையை பற்றுதல் இல்லாமல் செய்வதன் மூலம், ஒரு நபர் உயர்ந்ததை அடைகிறார்.
bhagavadgita_anvaya_L140	कर्मणैव हि संसिद्धिमास्थिता जनकादयः लोकसङ्ग्रहमेवापि सम्पश्यन्कर्तुमर्हसि	जनकादयो हि कर्मणा एव संसिद्धिम् आस्थिताः। लोकसङ्ग्रहम् अपि सम्पश्यन् (कर्म) कर्तुम् अर्हसि एव।	ஜனகனும் மற்றவர்களும் தங்களின் செயல்கள் மூலமாகவே விடுதலையை அடைய பாடுபட்டனர். மனிதர்கள் வழிதவறிச் செல்வதைத் தடுப்பதைக் கருத்தில் கொண்டு நீங்கள் உங்கள் கடமைகளை செய்ய வேண்டும்.
bhagavadgita_anvaya_L141	यद्यदाचरति श्रेष्ठस्तत्तदेवेतरो जनः स यत्प्रमाणङ्कुरुते लोकस्तदनुवर्तते	श्रेष्ठः यत् यत् आचरति (तेन) इतरः जनः तत् तत् एव आचरति। सः यत् प्रमाणं कुरुते लोकः तत् अनुवर्तते।	உயர்ந்தவர் எதைச் செய்கிறாரோ, அதையே இன்னொருவர் செய்கிறார்! அவர் எதை அதிகாரம் என்று நிலைநிறுத்துகிறாரோ, அதை ஒரு சாதாரண மனிதன் பின்பற்றுகிறான்.
bhagavadgita_anvaya_L142	न मे पार्थास्ति कर्तव्यन्त्रिषु लोकेषु किञ्चन नानवाप्तमवाप्तव्यं वर्त एव च कर्मणि	पार्थ! त्रिषु लोकेषु मे किञ्चन कर्तव्यं नास्ति। अनवाप्तम् अवाप्तव्यं च नास्ति। (तथापि) कर्मणि एव वर्ते।	அர்ஜுனா, மூவுலகிலும் என்னால் செய்யவேண்டியது எதுவுமில்லை, அடையவேண்டியது அடையாதது எதுவுமில்லை; ஆனாலும் நான் செயலில் ஈடுபடுகிறேன்.
bhagavadgita_anvaya_L143	यदि ह्यहम् न वर्तेयम् जातु कर्मण्यतन्द्रितः मम वर्त्मानुवर्तन्ते मनुष्याः पार्थ सर्वशः	पार्थ! यदि अहं कर्मणि जातु अतन्द्रितः न वर्तेयम्। (तर्हि) सर्वशः मनुष्याः मम वर्त्म अनुवर्तन्ते।	ஏனென்றால், அர்ஜுனா, நான் எப்பொழுதும் செயலில் ஈடுபடவில்லை என்றால், சோர்வில்லாமல், மனிதர்கள் எல்லா வகையிலும் என் வழியைப் பின்பற்றுவார்கள்.
bhagavadgita_anvaya_L144	उत्सीदेयुरिमे लोका न कुर्याङ्कर्म चेदहम् सङ्करस्य च कर्ता स्यामुपहन्यामिमाः प्रजाः	अहं कर्म न कुर्यां चेत् इमे लोकाः उत्सीदेयुः। सङ्करस्य च कर्ता स्याम्। इमाः प्रजाः उपहन्याम्।	நான் எனது செயல்களைச் செய்யாவிட்டால் இந்த உலகங்கள் அழியும்; சாதிகளின் குழப்பம் மற்றும் இந்த உயிரினங்களின் அழிவுக்கு நான் கர்த்தாவாக இருக்க வேண்டும்.
bhagavadgita_anvaya_L145	सक्ताः कर्मण्यविद्वांसो यथा कुर्वन्ति भारत कुर्याद्विद्वांस्तथासक्तश्चिकीर्षुर्लोकसङ्ग्रहम्	भारत! अविद्वांसः कर्मणि सक्ताः यथा कुर्वन्ति तथा विद्वान् असक्तः लोकसङ्ग्रहं चिकीर्षुः (कर्म) कुर्यात्।	ஓ அர்ஜுனா, அறியா மனிதர்கள் பற்றிலிருந்து செயலுக்குச் செயல்படுவது போல, ஞானிகள் உலக நலனை விரும்பி பற்றற்ற செயலைச் செய்ய வேண்டும்.
bhagavadgita_anvaya_L146	न बुद्धिभेदञ्जनयेदज्ञानाङ्कर्मसङ्गिनाम् जोषयेत्सर्वकर्माणि विद्वान्युक्तः समाचरन्	युक्तः विद्वान् (कर्म) समाचरन् कर्मसङ्गिनाम् अज्ञानां बुद्धिभेदं न जनयेत्। सर्वकर्माणि जोषयेत्।	எந்த அறிவாளியும் செயலில் பற்று கொண்ட அறிவிலிகளின் மனதை நிலைகுலையச் செய்ய வேண்டாம்; அவர் அவர்களை எல்லாச் செயல்களிலும் ஈடுபடுத்தி, பக்தியுடன் அவற்றை நிறைவேற்ற வேண்டும்.
bhagavadgita_anvaya_L147	प्रकृतेः क्रियमाणानि गुणैः कर्माणि सर्वशः अहङ्कारविमूढात्मा कर्ताहमिति मन्यते	अहङ्कारविमूढात्मा प्रकृतेः गुणैः सर्वशः क्रियमाणानि कर्माणि कर्ता अहम् इति मन्यते।	"எவனுடைய மனம் அகங்காரத்தால் ஏமாற்றப்பட்டிருக்கிறதோ அவன் ""நான் செய்பவன்"" என்று நினைக்கிறான். அனைத்து செயல்களும் இயற்கையின் துணையால் மட்டுமே அனைத்து நிகழ்வுகளிலும் செய்யப்படுகின்றன."
bhagavadgita_anvaya_L148	तत्त्ववित्तु महाबाहो गुणकर्मविभागयोः गुणा गुणेषु वर्तन्त इति मत्वा न सज्जते	महाबाहो! गुणकर्मविभागयोः तत्त्ववित् तु गुणाः गुणेषु वर्तन्ते इति मत्वा न सज्जते।	ஆனால், வலிமைமிக்க ஆயுதமேந்தியவரே உறவுகள், பிரிவுகள், அவற்றின் செயல்பாடுகள் பற்றிய உண்மையை அறிந்தவன். குணங்கள் புலன்களின் நடுவே இந்திரியங்களாகச் செல்கின்றன என்பதை அறிந்தவன், பற்றற்றவன் அல்ல.
bhagavadgita_anvaya_L149	प्रकृतेर्गुणसम्मूढाः सज्जन्ते गुणकर्मसु तानकृत्स्नविदो मन्दान्कृत्स्नविन्न विचालयेत्	प्रकृतेः गुणसम्मूढाः गुणकर्मसु सज्जन्ते। अकृत्स्नविदः मन्दान् तान् कृत्स्नवित् न विचालयेत्।	இயற்கையின் பிணைப்புகளால் ஏமாற்றப்பட்டவர்கள் அலிகளின் செயல்பாடுகளுடன் இணைக்கப்பட்டுள்ளனர். பரிபூரண அறிவுடைய மனிதன், அபூரண அறிவுடைய முட்டாள் ஒருவனைத் தொந்தரவு செய்யக்கூடாது.
bhagavadgita_anvaya_L150	मयि सर्वाणि कर्माणि सन्न्यस्याध्यात्मचेतसा निराशीर्निर्ममो भूत्वा युध्यस्व विगतज्वरः	अध्यात्मचेतसा सर्वाणि कर्माणि मयि सन्न्यस्य निराशीः निर्ममः विगतज्वरः भूत्वा युध्यस्व।	ஆன்மாவின் ஜுரம் இல்லாமல், எல்லாச் செயல்களையும் எனக்கே அர்ப்பணித்து, (உன்) மனதை சுயமாக நோக்கமாகக் கொண்டு, எதிர்பார்ப்புகள் மற்றும் அகங்காரத்திலிருந்து விடுபட்டு போரில் ஈடுபடுங்கள்.
bhagavadgita_anvaya_L151	ये मे मतमिदन्नित्यमनुतिष्ठन्ति मानवाः श्रद्धवन्तोनसूयन्तो मुच्यन्ते तेपि कर्मभिः	ये मानवाः मे इदं मतं नित्यम् अनुतिष्ठन्ति अनसूयन्तः श्रद्धावन्तः तेऽपि कर्मभिः मुच्यन्ते।	எவர் எவர், என்னுடைய இந்த உபதேசத்தை நம்பிக்கையோடும், துக்கமின்றியும் பின்பற்றுகிறார்களோ, அவர்களும் செயல்களிலிருந்து விடுபடுகிறார்கள்.
bhagavadgita_anvaya_L152	ये त्वेतदभ्यसूयन्तो नानुतिष्ठन्ति मे मतम् सर्वज्ञानविमूढांश्तान् विद्धि नष्टानचेतसः	ये तु अभ्यसूयन्तः मे एतत् मतं न अनुतिष्ठन्ति सर्वज्ञानविमूढान् अचेतसः तान्	ஆனால், எனது போதனையைக் கடைப்பிடிக்காமல், எல்லா அறிவையும் ஏமாற்றி, பாகுபாடு இல்லாதவர்கள், அழிவுக்கு ஆளாக நேரிடும் என்பதை அறிவார்கள்.
bhagavadgita_anvaya_L153	सदृशञ्चेष्टते स्वस्याः प्रकृतेर्ज्ञानवानपि प्रकृतिं यान्ति भूतानि निग्रहः किङ्करिष्यति	ज्ञानवान् अपि प्रकृतेः सदृशं चेष्टते। भूतानि प्रकृतिं यान्ति। निग्रहः किं करिष्यति?	அறிவுள்ள மனிதனும் தன் இயல்புக்கு ஏற்ப செயல்படுகிறான்; உயிரினங்கள் இயற்கையைப் பின்பற்றும்; கட்டுப்பாடு என்ன செய்ய முடியும்?
bhagavadgita_anvaya_L154	इन्द्रियस्येन्द्रियस्यार्थे रागद्वेशौ व्यवस्थितौ तयोर्न वशमागच्छेत्तौ ह्यस्य परिपन्थिनौ	इन्द्रियस्स इन्द्रियस्य अर्थे रागद्वेषौ व्यवस्थितौ। तयोः वशं न आगच्छेत्। तौ हि अस्य परिपन्थिनौ।	புலன்கள்பொருட்களின் மீது மீது பற்றும் வெறுப்பும் நிறைந்தவை;  எனவே, யாரும் புளகளுக்குள் கட்டுப்பட வேண்டாம்.  ஏனெனில், அவர்கள் அவருடைய எதிரிகள்.
bhagavadgita_anvaya_L155	श्रेयान्स्वधर्मो विगुणः परधर्मात्स्वनुष्ठितात् स्वधर्मे निधनम् श्रेयः परधर्मो भयावहः	स्वनुष्ठितात् परधर्मात् विगुणः स्वधर्मः श्रेयान्। स्वधर्मे निधनं श्रेयः। परधर्मः भयावहः।	அவர் அவர்கள் பின்பற்றும் தர்மம் சிறந்தது.  அதிலும் சொந்த தர்மத்தைக் கடைபிடித்து இயற்கை எய்துவது சிறந்தது.  தனது, வழி வழியாகக் கடைப்பிடிக்கப்பட்ட தர்மத்தை விட்டு வேற்று தர்மத்தை கடைப்பிடிக்கும் போது பயம் அதிகரிக்கும்.
bhagavadgita_anvaya_L156	अर्जुन उवाच अथ केन प्रयुक्तोयं पापञ्चरति पूरुषः अनिच्छन्नपि वार्ष्णेय बलादिव नियोजितः	वार्ष्णेय! अथ केन प्रयुक्तः अनिच्छन्नपि बलात् इव नियोजितः अयं पूरुषः पापं चरति?	அர்ஜுனன்  கூறினான்,  ஆனால் கண்ணனே!! மனிதன் எதன் தூண்டுதலால் பாவம் செய்கிறான்? அவனுடைய விருப்பத்திற்கு மாறாக,  ஏன் பலவந்தமாக கட்டுப்படுத்தப்பட்டிருக்கிறான்?
bhagavadgita_anvaya_L157	श्रीभगवानुवाच काम एष क्रोध एष रजोगुणसमुद्भवः महाशनो महापाप्मा विद्ध्येनमिह वैरिणम्	एषः कामः एषः क्रोधः रजोगुणसमुद्भवः महाशनः महापाप्मा च अस्ति। (तेन) इह एनं वैरिणं विद्धि।	எல்லாம் வல்ல இறைவன் கூறுகிறான், ஆசை, கோபம், ராஜஸ குணங்கள் (மாயையால் ஏற்படுத்தப்பட்ட) யாவும் மனிதனை விழுங்கபவை.இவையாவும் மனித குலத்திற்கு எதிரிகள்.
bhagavadgita_anvaya_L158	धूमेनाव्रियते वह्निर्यथादर्शो मलेन च यथोल्बेनावृतो गर्भः तथा तेनेदमावृतम्	यथा धूमेन वह्निः आव्रियते, यथा मलेन आदर्शः, यथा उल्बेन च गर्भः तथा इदं (ज्ञानम्) तेन आवृतम्।	நெருப்பைப் புகை சூழ்வது போல், கண்ணாடியில் அழுக்கு சேர்வது போல், கருவை கர்ப்பப்பை முடியாது போல், மேற்சொன்ன குங்கள் எல்லாம் மாயையினால் சூழ்ந்து இருக்கும்.
bhagavadgita_anvaya_L159	आवृतञ्ज्ञानमेतेन ज्ञानिनो नित्यवैरिणा कामरूपेण कौन्तेय दुष्पूरेणानलेन च	कौन्तेय! ज्ञानिनः नित्यवैरिणा कामरूपेण दुष्पूरेण अनलेन च एतेन ज्ञानम् आवृतम्।	மேலும் ஓ குந்திநந்தனே! நெருப்பைப் போல ஒருபோதும் திருப்தியடையாத, ஞானிகளுக்கு எப்போதும் எதிரியாக இருக்கும் இந்த மாயையினால் மனிதனின் மனசாட்சி மேகமூட்டமாக உள்ளது.
bhagavadgita_anvaya_L160	इन्द्रियाणि मनो बुद्धिरस्याधिष्ठानमुच्यते एतैर्विमोहयत्येष ज्ञानमावृत्य देहिनम्	इन्द्रियाणि, मनः, बुद्धिश्च अस्य अधिष्ठानम् उच्यते। एषः (कामः) एतैः ज्ञानम् आवृत्य देहिनं विमोहयति।	புலன்கள், மனம் மற்றும் புத்தி ஆகியவை இந்த (மாயா சக்தி) வேலையின் உறைவிடங்கள் என்று கூறப்படுகிறது. இந்த வேலை அறிவை மறைப்பதால் உடல் உணவர்வுகளைக் கவர்ந்திழுக்கிறது.
bhagavadgita_anvaya_L161	तस्मात्त्वमिन्द्रियाण्यादौ नियम्य भरतर्षभ पाप्मानम्प्रजहिह्येनम् ज्ञानविज्ञाननाशनम्	भरतर्षभ! तस्मात् त्वम् आदौ इन्द्रियाणि नियम्य ज्ञानविज्ञाननाशनं पाप्मानम् एनं प्रजहि।	எனவே, பரத வம்சத்தில் சிறந்தவனே அர்ஜுனனே! முதலில், புலன்களைக் கட்டுப்படுத்துவதன் மூலம், இந்த அறிவையும் அறிவியலையும் அழிக்கும் பெரும் பாவி காமனை வலுக்கட்டாயமாக கொல்ல வேண்டும்.
bhagavadgita_anvaya_L162	इन्द्रियाणि पराण्याहुरिन्द्रियेभ्यः परम् मनः मनसस्तु परा बुद्धिर्यो बुद्धेः परतस्तु सः	इन्द्रियाणि पराणि आहुः। इन्द्रियेभ्यः परं मनः, मनसः परा बुद्धिः, यः बुद्धेः परतः सः (आत्मा) अस्ति।	புலன்கள் (உடலை விட) மேலானவை என்கிறார்கள்; புலன்களை விட மேலானது மனம்; மனதை விட உயர்ந்தது புத்தி; புத்தியைவிட மேலானவன் அவனே (சுயமானவன்).
bhagavadgita_anvaya_L163	एवम् बुद्धेः परम् बुद्ध्वा संस्तभ्यात्मानमात्मना जहि शत्रुम्महाबाहो कामरूपन्दुरासदम्	महाबाहो! एवं बुद्धेः परं बुद्ध्वा आत्मना आत्मानं संस्तभ्य कामरूपं दुरासदं शत्रुं जहि।	இவ்வாறே தன்னறிவிற்கு மேலானவன் உணர்ந்து, தன்னை அடக்கிக் கொண்டு, சிறந்த ஆயுதம் கொண்ட அர்ஜுனனே , காம வடிவில் உள்ள எதிரிகளை நீ அழிப்பாய்.
bhagavadgita_anvaya_L164	श्रीभगवानुवाच इमं विवस्वते योगम्प्रोक्तवानहमव्ययम् विवस्वान्मनवे प्राह मनुरिक्ष्वाकवेब्रवीत्	अहं विवस्वते इमम् अव्ययं योगं प्रोक्तवान्। विवस्वान् मनवे प्राह। मनुः इक्ष्वाकवे अब्रवीत्।	எல்லாம் வல்ல இறைவன் கூறுகிறான், இந்த அழியாத யோகத்தை நான் விஸ்வானுக்குக் கற்றுக் கொடுத்தேன் என்றார். அதை மனுவிடம் சொன்னான்; மனு இக்ஷ்வாகுவிடம் அறிவித்தான்.
bhagavadgita_anvaya_L165	एवम्परम्पराप्राप्तमिमम् राजर्षयो विदुः स कालेनेह महता योगो नष्टः परन्तप	परन्तप!एवं परम्पराप्राप्तम् इमं राजर्षयः विदुः। महता कालेन सः योगः इह नष्टः।	ஹே பரந்தாபா! இவ்வாறே ராஜரிஷிகள் மரபிலிருந்து பெற்ற இந்த கர்மயோகத்தை அறிந்து கொண்டனர். ஆனால் காலப்போக்கில் அந்த யோகம் இந்த மனித உலகில் அழிந்தது.
bhagavadgita_anvaya_L166	स एवायं मया तेद्य योगः प्रोक्तः पुरातनः भक्तोसि मे सखा चेति रहस्यं ह्येतदुत्तमम्	पुरातनः सः एव अयं योगः अद्य मया ते प्रोक्तः। भक्तोऽसि इति सखा च इति एतत् उत्तमं रहस्यं (त्वम् )प्रोक्तः।	அந்தப் பழமையான யோகம் இன்று என்னால் உனக்குக் கற்பிக்கப்பட்டது, ஏனென்றால் நீ என்னுடைய பக்தனும் நம்பனும் ஆவாய்; அது மிக உயர்ந்த ரகசியம்.
bhagavadgita_anvaya_L167	अर्जुन उवाच अपरम्भवतो जन्म परञ्जन्म विवस्वतः कथमेतद्विजानीयान्त्वमादौ प्रोक्तवानिति	भवतः जन्म अपरम् विवस्वतः जन्म परम्। (तस्मात्)त्वम् आदौ एतत् प्रोक्तवान् इति कथं विजानीयाम् ?	அர்ஜுனன் கூறுவான், பிற்காலத்தில் உன் பிறப்பு, அதற்கு முன் விவஸ்வான் (சூரியன்) பிறந்தான்; ஆரம்பத்தில் நீங்கள் கற்றுக் கொடுத்த இந்த யோகத்தை நான் எப்படி புரிந்துகொள்வது?
bhagavadgita_anvaya_L168	श्रीभगवानुवाच बहूनि मे व्यतीतानि जन्मानि तव चार्जुन तान्यहं वेद सर्वाणि न त्वं वेत्थ परन्तप	परन्तप अर्जुन! बहूनि मे तव च जन्मानि व्यतीतानि। तानि जन्मानि सर्वाणि अहं वेद। त्वं न वेत्थ।	எல்லாம் வல்ல இறைவன் கூறினான், அர்ஜுனா, உனதைப் போலவே என்னுடைய பல பிறவிகள் கடந்துவிட்டன. பராந்தபா! எனக்கு அவை அனைத்தையும் தெரியும் ஆனால் உனக்குத் தெரியாது.
bhagavadgita_anvaya_L169	अजोपि सन्नव्ययात्मा भूतानामीश्वरोपि सन् प्रकृतिं स्वामधिष्ठाय सम्भवाम्यात्ममायया	अजः अपि अव्ययात्मा सन् भूतानाम् ईश्वरः सन् स्वां प्रकृतिम् अधिष्ठाय आत्ममायया सम्भवामि।	இறைவன் கூறுகிறான், 'நான் பிரபு இறப்பிற்கு அப்பாற்பட்டு அழியாத இயல்புடன், அனைத்து உயிர்களுக்கும் இறைவனாக இருந்தாலும், நான் எனது மாயையினாலேயே (இப்பொழுது) பிறந்து உள்ளேன்.
bhagavadgita_anvaya_L170	यदा यदा हि धर्मस्य ग्लानिर्भवति भारत अभ्युत्थानमधर्मस्य तदात्मानम् सृजाम्यहम्	भारत! यदा यदा धर्मस्य ग्लानिः अधर्मस्य च अभ्युत्थानं भवति तदा अहम् आत्मानं सृजामि।	எப்பொழுதெல்லாம் இந்த உலகத்தில் தர்மங்கள் நலிகிறதோ பரதனே!, அப்பொழுதெல்லாம் நானே இவ்வுலகில் அவதரித்து அதர்மத்தை அழித்து தர்மத்தைக் காப்பேன்.
bhagavadgita_anvaya_L171	परित्राणाय साधूनां विनाशाय च दुष्कृताम् धर्मसंस्थापनार्थाय सम्भवामि युगे युगे	साधूनां परित्राणाय दुष्कृतां च विनाशाय धर्मसंस्थापनार्थाय च युगे युगे सम्भवामि।	சாதுக்களையும் பக்தர்களையும் பாதுகாக்கவும், பாவம் செய்பவர்களை அழிக்கவும், தர்மத்தை முறையாக நிலைநாட்டவும் நான் ஒவ்வொரு யுகத்திலும் தோன்றுகிறேன்.
bhagavadgita_anvaya_L172	जन्म कर्म च मे दिव्यमेवं यो वेत्ति तत्त्वतः त्यक्त्वा देहम्पुनर्जन्म नैति मामेति सोर्जुन	अर्जुन! यः मे दिव्यं जन्म कर्म च तत्त्वतः वेत्ति सः देहं त्यक्त्वा पुनर्जन्म न एति। माम् एति।	அர்ஜுனா! எவன் ஒருவனே எனது தெய்வீகப் பிறப்பையும் செயலையும் அவற்றின் உண்மையான வடிவில் அறிகிறானோ, அவன் உடலைத் துறந்து, மீண்டும் பிறப்பதில்லை, அவன் என்னிடம் வருகிறான்.
bhagavadgita_anvaya_L173	वीतरागभयक्रोधा मन्मया मामुपाश्रीताः बहवो ज्ञानतपसा पूता मद्भावमागताः	वीतरागभयक्रोधाः मन्मयाः माम् उपाश्रिताः ज्ञानतपसा पूताः बहवः मद्भावम् आगताः।	பற்று, பயம், கோபம் ஆகியவற்றிலிருந்து விடுபட்டு, என்னில் ஆழ்ந்து, என்னிடத்தில் அடைக்கலம் புகுந்து, ஞானத் தீயினால் தூய்மையடைந்து, பலர் என் உள்ளத்தை அடைந்துள்ளனர்.
bhagavadgita_anvaya_L174	ये यथा माम्प्रपद्यन्ते तांस्तथैव भजाम्यहम् मम वर्त्मानुवर्तन्ते मनुष्याः पार्थ सर्वशः	पार्थ! ये मां यथा प्रपद्यन्ते तथा एव तान् अहं भजामि। मनुष्याः सर्वशः मम वर्त्म अनुवर्तन्ते।	ஹே பிரிதானந்தனே (பார்த்தன்) ! எந்த பக்தர்கள் என்னிடம் அடைக்கலம் புகுகிறார்களோ, அவ்வாறே அவர்களுக்கு அடைக்கலம் தருகிறேன்; ஏனென்றால் எல்லா மனிதர்களும் எல்லா வழிகளிலும் என் வழியைப் பின்பற்றுகிறார்கள்.
bhagavadgita_anvaya_L175	काङ्क्षन्तः कर्मणां सिद्धिं यजन्त इह देवताः क्षिप्रं हि मानुषे लोके सिद्धिर्भवति कर्मजा	कर्मणां सिद्धिं काङ्क्षन्तः इह देवताः यजन्ते। (तेषाम्)हि मानुषे लोके कर्मजा सिद्धिः क्षिप्रं भवति।	தங்கள் செயல்களின் மூலம் வெற்றியை விரும்பும் மக்கள் தெய்வங்களை வணங்குகிறார்கள்; ஏனென்றால், இந்த மனித உலகில், செயல்களால் ஏற்படும் வெற்றி விரைவாக அடையப்படுகிறது.
bhagavadgita_anvaya_L176	चातुर्वर्ण्र्यम्मया सृष्टङ्गुणकर्मविभागशः तस्य कर्तारमपि मां विद्ध्यकर्ताअरमव्ययम्	गुणकर्मविभागशः मया चातुर्वर्ण्यं सृष्टम्। तस्य कर्तारम् अपि अकर्तारम् अव्ययं मां विद्धि।	குணம், தொழில் என்ற வேறுபாட்டின்படி நால்வகைப் பிரிவுகள் என்னால் உருவாக்கப்பட்டிருக்கிறது; நான் அதன் ஆசிரியராக இருந்தாலும், நான் அதைச் செய்யாதவனாகவும், மாறாதவனாகவும் அறிவேன்.
bhagavadgita_anvaya_L177	न माङ्कर्माणि लिम्पन्ति न मे कर्मफले स्पृहा इति मां योभिजानाति कर्मभिर् न स बध्यते	मां कर्माणि न लिम्पन्ति। कर्मफले मे स्पृहा न अस्ति इति यः माम् अभिजानाति सः कर्मभिः न बध्यते।	செயல்கள் என்னைக் களங்கப்படுத்துவதில்லை, செயல்களின் பலனில் எனக்கு ஆசையும் இல்லை. இவ்வாறு என்னை அறிந்தவன் செயல்களுக்கு கட்டுப்பட்டவன் அல்ல.
bhagavadgita_anvaya_L178	एवञ्ज्ञात्वा कृतङ्कर्म पूर्वैरपि मुमुक्षुभिः कुरु कर्मैव तस्मात्त्वम् पूर्वैः पूर्वतरङ्कृतम्	एवं ज्ञात्वा पूर्वैः मुमुक्षुभिः अपि कर्म कृतम्। तस्मात् पूर्वैः कृतं पूर्वतरं कर्म एव कुरु।	இதை அறிந்தே, முற்களை முனிவர்கள் இந்தச் செயல்களை செய்தார்கள், ஆகவே, நீங்களும் எப்பொழுதும், உங்கள் முன்னோர் வழிப்படி செய்த செயல்களையே செய்யவும்.
bhagavadgita_anvaya_L179	किङ्कर्म किमकर्मेति कवयोप्यत्र मोहिताः तत्ते कर्म प्रवक्ष्यामि यज्ज्ञात्वा मोक्ष्यसेशुभात्	किं कर्म किम् अकर्म इति कवयः अपि अत्र मोहिताः। तत् ते कर्म प्रवक्ष्यामि यत् ज्ञात्वा अशुभात् मोक्ष्यसे।	செயல் என்றால் என்ன? செயலற்ற தன்மை என்றால் என்ன? இது குறித்து அறிவுள்ளவர்களும் குழப்பத்தில் உள்ளனர். ஆகையால், (பிறப்பு மற்றும் இறப்புச் சக்கரமான சம்சாரத்தின்) தீமையிலிருந்து நீங்கள் விடுபடுவதை அறிந்து, அத்தகைய செயலை (செயல் மற்றும் செயலற்ற தன்மையை) நான் உங்களுக்குக் கற்பிப்பேன்.
bhagavadgita_anvaya_L180	कर्मणो ह्यपि बोद्धव्यम्बोद्धव्यञ्च विकर्मणः अकर्मणश्च बोद्धव्यङ्गहना कर्मणो गतिः	कर्मणः अपि स्वरूपं बोद्धव्यम्। अकर्मणः च स्वरूपं बोद्धव्यम्। विकर्मणः अपि च स्वरूपं बोद्धव्यम्। तस्मात् कर्मणः गतिः गहना।	ஒருவன் வினைக் (செயல்) கோட்பாடுகளை அறிந்து இருக்க வேண்டும், செயலற்ற கொள்கையையும் அறிந்து இருக்க வேண்டும், மேலும் எதிர்வினைகள் பற்றியும் அறிந்து இருக்க வேண்டும்; ஏனெனில் வினையின் வேகம் தீவிரமானது.
bhagavadgita_anvaya_L181	कर्मण्यकर्म यः पश्येदकर्मणि च कर्म यः स बुद्धिमान्मनुष्येषु स युक्तः कृत्स्नकर्मकृत्	यः कर्मणि अकर्म अकर्मणि च कर्म पश्येत् सः मनुष्येषु बुद्धिमान् युक्तः कृत्स्नकर्मकृत्।	செயலில் செயலற்ற தன்மையையும் செயலின்மையில் செயலையும் எவன் காண்கிறானோ, அவன் மனிதர்களில் அறிவானவன்; அவர் ஒரு யோகி மற்றும் அனைத்து செயல்களையும் செய்பவர்.
bhagavadgita_anvaya_L182	यस्य सर्वे समारम्भाः कामसङ्कल्पवर्जिताः ज्ञानाग्निदग्धकर्माणन्तमाहुः पण्डितम्बुधाः	यस्य सर्वे समारम्भाः कामसङ्कल्पवर्जिताः बुधाः ज्ञानाग्निदग्धकर्माणं तं पण्डितम् आहुः।	எவருடைய முயற்சிகள் சுயநலம் இல்லாமல் இருக்கின்றனவோ, யாருடைய செயல்கள் அறிவெனும் நெருப்பால் அளப்படுகிறதோ, அவரை ஞானி என்று அழைக்கிறார்கள்.
bhagavadgita_anvaya_L183	त्यक्त्वा कर्मफलासङ्गन्नित्यतृप्तो निराश्रयः कर्मण्यभिप्रवृत्तोपि नैव किञ्चित्करोति सः	नित्यतृप्तः निराश्रयः कर्मफलासङ्गं त्यक्त्वा कर्मणि अभिप्रवृत्तः अपि सः किञ्चित् न एव करोति।	செயலின் பலன் மீதான பற்றுதலைக் கைவிட்டு, எப்பொழுதும் திருப்தியுடன், எதையும் சார்ந்து, செயலில் ஈடுபட்டாலும் உண்மையில் அவன் எதையும் செய்வதில்லை.
bhagavadgita_anvaya_L184	निराशीर्यतचित्तात्मा त्यक्तसर्वपरिग्रहः शारीरङ्केवलङ्कर्म कुर्वन्नाप्नोति किल्बिषम्	निराशीः यतचित्तात्मा त्यक्तसर्वपरिग्रहः केवलं शारीरं कर्म कुर्वन्नपि किल्बिषं न आप्नोति।	தன் உடலையும் மனதையும் நன்றாகக் கட்டுப்படுத்தி, எல்லாவிதமான உணர்வுகளையும் துறந்தவர், நம்பிக்கை இல்லாத (இவ்வுலகின் மாயையில்) கர்ம யோகி, அத்தகைய யோகி, உடல் செயல்பாடுகளை மட்டும் செய்யும்போது கூட பாவம் செய்வதில்லை.
bhagavadgita_anvaya_L185	यदृच्छालाभसन्तुष्टो द्वन्द्वातीतो विमत्सरः समः सिद्धावसिद्धौ च कृत्वापि न निबध्यते	विमत्सरः द्वन्द्वातीतः यदृच्छालाभसन्तुष्टः सिद्धौ असिद्धौ च समः कर्म कृत्वा अपि न निबध्यते।	தானாக எது கிடைத்தாலும் அதில் திருப்தியடைபவன், பலன்களில் ஆசையில்லாமல், பொறாமை இல்லாதவன். மோதல்களுக்கு அப்பாற்பட்டு, வெற்றி தோல்வியில் சமமாக இருப்பவன். வேலை செய்யும் போதும் அதனுடன் கட்டுப்படுவதில்லை.
bhagavadgita_anvaya_L186	गतसङ्गस्य मुक्तस्य ज्ञानावस्थितचेतसः यज्ञायाचरतः कर्म समग्रम्प्रविलीयते	गतसङ्गस्य मुक्तस्य ज्ञानावस्थितचेतसः यज्ञाय आचरतः कर्म समग्रं प्रविलीयते।	எவருடைய பற்று முற்றாக நீங்கிவிட்டதோ, வாழ்வின் காட்டுக்களில் இருந்து விடுபட்டது, எவருடைய புத்தி அறிவில் நிலைத்திருக்கிறதோ, எவர் தன்னலமின்றி உழைக்கிறார்களோ, அவருடைய செயல்கள் (வினைகள்) அனைத்தும் கரைந்துவிடும்.
bhagavadgita_anvaya_L187	ब्रह्मार्पणम्ब्रह्म हविर्ब्रह्माग्नौ ब्रह्मणा हुतम् ब्रह्मैव तेन गन्तव्यम् ब्रह्मकर्मसमाधिना	अपर्णं ब्रह्म। ब्रह्माग्नौ ब्रह्मणा हुतम् हविः ब्रह्म। ब्रह्मकर्मसमाधिना तेन गन्तव्यं ब्रह्मैव।	யாகத்தில் கொடுக்கும் கன்னிகைகள் பிரம்மனுக்கு சமரபர்ணம். நெய்யைக் கொண்டு ஹோமங்கள் அந்தணன் மூலம் பிரம்மனுக்கு சமர்க்கப்படுகிறது. எவன் பிரம்மத்தில் கர்ம சமாதி அடைந்தானோ, அவனால் பெறப்படும் பலனும் பிரம்மமே.
bhagavadgita_anvaya_L188	दैवमेवापरे यज्ञं योगिनः पर्युपासते ब्रह्माग्नावपरे यज्ञं यज्ञेनैवोपजुह्वति	अपरे योगिनः दैवम् एव यज्ञं पर्युपासते। अपरे ब्रह्माग्नौ यज्ञेन एव यज्ञम् उपजुह्वति।	சில யோகிகள் தெய்வங்களுக்கு மட்டும் யாகம் செய்கிறார்கள்; மற்றவர்கள் (சுயத்தை உணர்ந்தவர்கள்) பிரம்மன் என்ற நெருப்பில் சுயமாகத் தன்னையே தியாகம் செய்கிறார்கள்.
bhagavadgita_anvaya_L189	श्रोत्रादीनीन्द्रियाण्यन्ये संयमाग्निषु जुह्वति शब्दादीन्विषयानन्य इन्द्रियाग्निषु जुह्वति	अन्ये श्रोत्रादीनि इन्द्रियाणि संयमाग्निषु जुह्वति। अन्ये शब्दादीन् विषयान् इन्द्रियाग्निषु जुह्वति।	சில யோகிகள் புலன்களைக் கட்டுப்படுத்துவதில் தொடர்ந்து ஈடுபட்டுசிற்றின்பப் பொருட்களுடன் தொடர்பு அற்றவர்கள். மற்றவர்கள் தங்கள் புலன்களை புலன்களின் தூய்மையான மற்றும் தடைசெய்யப்படாத பொருட்களுக்கு மட்டுமே செலுத்துகிறார்கள்.
bhagavadgita_anvaya_L190	सर्वाणीन्द्रियकर्माणि प्राणकर्माणि चापरे आत्मसंयमयोगाग्नौ जुह्वति ज्ञानदीपिते	अपरे सर्वाणि इन्द्रियकर्माणि प्राणकर्माणि च ज्ञानदीपिते आत्मसंयमयोगाग्नौ जुह्वति।	மற்ற யோகிகள், புலன்களின் அனைத்து செயல்பாடுகள் மற்றும் முக்கிய சக்தியின் செயல்பாடுகள் பற்றிய அறிவால் ஒளிரும் சுயக் கட்டுப்பாடு மற்றும் சுயக்கட்டுப்பாட்டின் நெருப்புக்கு அர்ப்பணிக்கிறார்கள்.
bhagavadgita_anvaya_L191	द्रव्ययज्ञास्तपोयज्ञा योगयज्ञास्तथापरे स्वाध्यायज्ञानयज्ञाश्च यतयः संशितव्रताः	केचित् द्रव्ययज्ञाः अन्ये तपोयज्ञाः अन्ये योगयज्ञाः तथा अपरे स्वाध्यायज्ञानयज्ञाः च संशितव्रताः यतयः भवन्ति।	மற்றவர்கள் மீண்டும் செல்வம், தியாகம் மற்றும் யோகத்தை தியாகமாக வழங்குகிறார்கள், அதே சமயம் சுய கட்டுப்பாடு மற்றும் உறுதியான சபதங்களின் துறவிகள் வேதம் மற்றும் அறிவை தியாகமாக வழங்குகிறார்கள்.
bhagavadgita_anvaya_L192	अपाने जुह्वति प्राणम्प्राणेपानम् तथापरे प्राणापानगती रुद्ध्वा प्राणायामपरायणाः	प्राणायामपरायणाः अपरे प्राणापानगती रुद्ध्वा प्राणम् अपाने जुह्वति तथा प्राणे अपानं जुह्वति।	மற்றவர்கள் சுவாசத்தை அடக்கித் தியாகமாக வழங்குகிறார்கள், மேலும் வெளிச்செல்லும் சுவாசத்தில் உள்வரும், வெளிச்செல்லும் மற்றும் உள்வரும் சுவாசங்களின் போக்கைக் கட்டுப்படுத்தி, மூச்சுக் கட்டுப்பாட்டில் மட்டுமே உள்வாங்கப்படுகிறார்கள்.
bhagavadgita_anvaya_L193	अपरे नियताहाराः प्राणान्प्राणेषु जुह्वति सर्वेप्येते यज्ञविदः यज्ञक्षपितकल्मषाः	अपरे नियताहाराः प्राणान् प्राणेषु जुह्वति। एते सर्वे अपि यज्ञविदः यज्ञक्षपितकल्मषाः।	தங்கள் உணவை ஒழுங்குபடுத்தும் மற்றவர்கள் உயிர்-மூச்சுகளில் உயிர்-மூச்சுகளை வழங்குகிறார்கள். இவர்கள் அனைவரும் தியாகத்தை அறிந்தவர்கள், அவர்களின் பாவங்கள் பலியினால் அழிக்கப்படுகின்றன.
bhagavadgita_anvaya_L194	यज्ञशिष्टामृतभुजो यान्ति ब्रह्म सनातनम् नायं लोकोस्त्ययज्ञस्य कुतोन्यः कुरुसत्तम	कुरुसत्तम! यज्ञशिष्टामृतभुजः सनातनं ब्रह्म यान्ति। अयज्ञस्य अयं लोकः नास्ति। अन्यः कृतः।	அமிர்தம் போன்ற யாகத்தின் எச்சத்தை உண்பவர்கள் நித்தியமான பிரம்மத்தை நோக்கி செல்கின்றனர். யாகம் செய்யாத மனிதனுக்கு இந்த உலகம் இல்லை; பிறகு எப்படி அவனுக்கு மற்றொன்று கிடைக்கும், ஓ அர்ஜுனா?
bhagavadgita_anvaya_L195	एवम्बहुविधा यज्ञा वितता ब्रह्मणो मुखे कर्मजान्विद्धि तान्सर्वानेवञ्ज्ञात्वा विमोक्ष्यसे	एवं बहुविधाः यज्ञाः ब्रह्मणः मुखे वितताः। तान् सर्वान् कर्मजान् विद्धि। एवं ज्ञात्वा विमोक्ष्यसे।	இவ்வாறு, பன்மடங்கு தியாகங்கள் பிரம்மனுக்கு முன் (உண்மையில்) பிரம்மனின் வாயிலோ அல்லது முகத்திலோ பரவுகின்றன. அவை அனைத்தையும் செயலால் பிறந்தவை என்று அறிந்துகொள், அதனால் நீ விடுதலை பெறுவாய்.
bhagavadgita_anvaya_L196	श्रेयान्द्रव्यमयाद्यज्ञाज्ज्ञानयज्ञः परन्तप सर्वङ्कर्माखिलम्पार्थ ज्ञाने परिसमाप्यते	परन्तप! द्रव्यमयात् यज्ञात् ज्ञानयज्ञः श्रेयान्। पार्थ! सर्वं कर्म ज्ञाने अखिलं परिसमाप्यते।	ஓ பரந்தபா (எதிரிகளை எரிப்பவனே) பொருள்களைக் கொண்ட யாகத்திற்கு ஞானம் - தியாகம் மேலானது. அர்ஜுனா, முழுக்க முழுக்க அனைத்து செயல்களும் அறிவில் உச்சம் அடைகின்றன.
bhagavadgita_anvaya_L197	तद्विद्धि प्रणिपातेन परिप्रश्नेन सेवया उपदेक्ष्यन्ति ते ज्ञानञ्ज्ञानिनस्तत्त्वदर्शिनः	तत् प्रणिपातेन परिप्रश्नेन सेवया च विद्धि। तत्त्वदर्शिनः ज्ञानिनः ते ज्ञानम् उपदेक्ष्यन्ति।	நெடுஞ்சாண் கிடையாகப் பணிந்தாலும், பணிவாலும், சேவையாலும் அறிந்து கொள்ளுங்கள்; உண்மையை உணர்ந்த ஞானிகள் உங்களுக்கு (அந்த) அறிவைப் போதிப்பார்கள்.
bhagavadgita_anvaya_L198	यज्ज्ञात्वा न पुनर्मोहमेवं यास्यसि पान्डव येन भूतान्यशेषेण द्रक्ष्यस्यात्मन्यथो मयि	पाण्डव! यत् ज्ञात्वा पुनः मोहम् एवं न यास्यसि। येन आत्मनि भूतानि अशेषेण द्रक्ष्यसि। अथो मयि (तत् ज्ञानं तत्त्वदर्शिनः ते उपदेक्ष्यन्ति।)	அர்ஜுனா! இதை (தத்துவத்தை) அனுபவித்த பிறகு, நீங்கள் இனி ஒருபோதும் இப்படி ஆசைப்பட மாட்டீர்கள், அதன் மூலம் (தத்வஞானம்-) எல்லா ஜீவராசிகளையும் முதலில் உன்னிடமும், பிறகு உண்மையான பரம கடவுளான என்னிடமும் காண்பாய்.
bhagavadgita_anvaya_L199	अपि चेदसि पापेभ्यः सर्वेभ्यः पापकृत्तमः सर्वञ्ज्ञानप्लवेनैव वृजिनं सन्तरिष्यसि	अपि चेत् सर्वेभ्यः पापेभ्यः पापकृत्तमः असि (तदा)सर्वं वृजिनं ज्ञानप्लवेन एव सन्तरिष्यसि।	எல்லாப் பாபகார்யங்களிலும் நீ மிகப் பாவியாக இருந்தாலும், அறிவின் தோகையால் எல்லாப் பாவங்களையும் கடப்பாய்.
bhagavadgita_anvaya_L200	यथैधांसि समिद्धोग्निर्भस्मसात्कुरुतेर्जुन ज्ञानाग्निः सर्वकर्माणि भस्मसात्कुरुते तथा	अर्जुन! यथा समिद्धः अग्निः एधांसि भस्मसात् कुरुते तथा ज्ञानाग्निः सर्वकर्माणि भस्मसात् कुरुते।	அர்ஜுனா ! எப்படி கொழுந்து விட்டு எரியும் நெருப்பு, விறகுகளை சாம்பலாக செய்கிறதோ, அதே போன்று ஞானம் என்னும் நெருப்பு எல்லாக் கர்மங்களையும் சாம்பலாக செய்கிறது
bhagavadgita_anvaya_L201	न हि ज्ञानेन सदृशम्पवित्रमिह विद्यते तत्स्वयं योगसंसिद्धः कालेनात्मनि विन्दति	ज्ञानेन सदृशं पवित्रम् इह नहि विद्यते। तत् स्वयम् योगसंसिद्धः कालेन आत्मनि विन्दति।	ஞானத்திற்கு நிகராக, பரிசுத்தமானது இங்கு எதுவும் இல்லை. அதை(அந்த ஞானத்தை ) தனக்குத் தானே நெடுங்காலமாக யோகத்தினால் பூரணமாகிய(மனிதன்) ஆத்மாவிடம் காண்கிறான்.
bhagavadgita_anvaya_L202	श्रद्धावाँल्लभते ज्ञानन्तत्परः संयतेन्द्रियः ज्ञानं लब्ध्वा परां शान्तिमचिरेणाधिगच्छति	संयतेन्द्रियः तत्परः श्रद्धावान् ज्ञानं लभते। ज्ञानं लब्ध्वा अचिरेण परां शान्तिम् अधिगच्छति।	புலன்களை அடக்கி வெற்றி கொண்ட, அதில் ஈடுபாடுள்ள, நம்பிக்கையுள்ளவர் ஞானத்தைப் பெறுகிறான். ஞானத்தைப் பெற்று, தாமதமின்றி (பகவானை அடைவது என்ற ) பரமசாந்தியை பெறுகிறான்.
bhagavadgita_anvaya_L203	अज्ञश्चाश्रद्धधानश्च संशयात्मा विनश्यति नायं लोकोस्ति न परो न सुखं संशयात्मनः	अज्ञः च अश्रद्दधानः च संशयात्मनः विनश्यति। संशयात्मनः अयं लोकः नास्ति परः न सुखं च न।	விவேகமற்றவனும், நம்பிக்கை இல்லாதவனுமான, சந்தேகமுடையவன் அழிகின்றான். சந்தேகமுடையவனுக்கு இந்த உலகம் இல்லை, பரலோகம் இல்லை, சுகமும் இல்லை.
bhagavadgita_anvaya_L204	योगसन्न्यस्तकर्माणञ्ज्ञानसञ्छिन्नसंशयम् आत्मवन्तन्न कर्माणि निबध्नन्ति धनञ्जय	धनञ्जय! योगसन्न्यस्तकर्माणं ज्ञानसञ्च्छिन्नसंशयम् आत्मवन्तं कर्माणि न निबध्नन्ति।	தனஞ்சயா ! யோகத்தினால் கர்மங்களை விட்டு , ஞானத்தினால் சந்தேகங்களை போக்கிக் கொண்டு , மனதைத் தன்வசமாக்கிக் கொண்டுவிட்டவனை கர்மங்கள் கட்டுப்படுத்துவதில்லை .
bhagavadgita_anvaya_L205	तस्मादज्ञानसम्भूतं हृत्स्थञ्ज्ञानासिनात्मनः छित्त्वैनं संशयं योगमातिष्ठोत्तिष्ठ भारत	भारत! तस्मात् अज्ञानसम्भूतम् आत्मनः हृत्स्थम् एनं संशयं ज्ञानासिना छित्त्वा उत्तिष्ठ। योगम् आतिष्ठ।	பாரத குலத்தவனே! ஆகவே, அஞ்ஞானத்தில் உண்டான, உன்னுடைய உள்ளத்தில் இருக்கும் இந்த சந்தேகத்தை ஞானம் என்ற வாளினால் சிதைத்து, எழுந்திரு. யோகத்தில் நிலைத்து நில்.
bhagavadgita_anvaya_L206	अर्जुन उवाच सन्न्यासं कर्मणां कृष्ण पुनर्योगञ्च शंससि यच्छ्रेय एतयोरेकन्तन्मे ब्रूहि सुनिश्चितम्	कृष्ण! कर्मणां सन्न्यासं पुनः योगं च शंससि। एतयोः यत् श्रेयः तत् सुनिश्चितम् एकं मे ब्रूहि।	கிருஷ்ணா ! கர்மங்களை விட்டு விடுதலையும் பின்னர் (கர்ம)யோகத்தைப் பற்றியும் புகழ்ந்து பேசுகின்றாய். இவை இரண்டில் எந்த ஒன்று மேன்மையைத் தரக் கூடியதோ, அதை நிச்சயமாக எனக்குச் சொல்லுங்கள்.
bhagavadgita_anvaya_L207	श्रीभगवानुवाच सन्न्यासः कर्मयोगश्च निश्श्रेयसकरावुभौ तयोस्तु कर्मसन्न्यासात्कर्मयोगो विशिष्यते	सन्न्यासः कर्मयोगः च उभौ निःश्रेयसकरौ। तयोः तु कर्मसन्न्यासात् कर्मयोगः विशिष्यते।	ஸந்யாஸம், கர்மயோகம் இரண்டுமே மிகவும் மேன்மையளிப்பாவைதான். இவ்விரண்டிலும், கர்மசந்யாசத்தைக் காட்டிலும் கர்மயோகம் சிறந்தது.
bhagavadgita_anvaya_L208	ज्ञेयः स नित्यसन्न्यासी यो न द्वेष्टि न काङ्क्षति निर्द्वन्द्वो हि महाबाहो सुखम्बन्धात्प्रमुच्यते	महाबाहो! यः न द्वेष्टि न काङ्क्षति सः नित्यसन्न्यासी ज्ञेयः। निर्दन्द्वः बन्धात् सुखं प्रमुच्यते।	நீண்ட கைகளை உடையவனே ! எவன் எதையும் வெறுப்பதில்லையோ, எதையும் விரும்புவதில்லையோ , அவன் நித்தியாஸந்யாஸி அறியத்தக்கவன். இரட்டைகள் அற்றவன் பந்தத்திலிருந்து சுகமாக விடுதலை பெறுகிறான்.
bhagavadgita_anvaya_L209	शाङ्ख्ययोगौ पृथग्बालाः प्रवदन्ति न पण्डिताः एकमप्यास्थितः सम्यगुभयोर्विन्दते फलम्	बालाः साङ्ख्ययोगौ पृथक् प्रवदन्ति पण्डिताः न। एकम् अपि सम्यक् आस्थितः उभयोः फलं विन्दते।	பிள்ளைகள் (அறியாதவர்கள் ) ஸாங்க்யயோகம் மற்றும் யோகம்(கர்ம யோகம்) வெவ்வேறு (என்று ) கூறுகிறார்கள், அறிஞர்கள் அப்படிச் சொல்லவில்லை. ஏதேனும் ஒன்றில் நிலை பெற்ற ஒருவன் இரண்டு யோகங்களின் பலனையும் அடைகிறான்
bhagavadgita_anvaya_L210	यत्सांख्यैः प्राप्यते स्थानन्तद्योगैरपि गम्यते एकं साङ्ख्यञ्च योगञ्च यः पश्यति स पश्यति	यत् स्थानं सांख्यैः प्राप्यते तत् योगैः अपि गम्यते। यः साङ्ख्यं योगं च एकं पश्यति सः पश्यति।	எந்த இடத்தை சாங்க்கியயோகிகள் அடைகிரார்களோ, அதை யோகிகளும்(கர்மா யோகிகளும் ) அடைகிறார்கள். எவன் சாங்க்கியம் மற்றும் யோகம் (இரண்டையும்) ஒன்றென காண்கிறானோ, அவன் (உண்மையைக் ) காண்கிறான்.
bhagavadgita_anvaya_L211	सन्न्यासस्तु महाबाहो दुःखमाप्तुमयोगतः योगयुक्तो मुनिर्ब्रह्म न चिरेणाधिगच्छति	महाबाहो! सन्न्यासः तु अयोगतः आप्तुम् दुःखम्। योगयुक्तः मुनिः नचिरेण ब्रह्म अधिगच्छति।	நீண்ட கைகளை உடையவனே! எனினும் ஸந்யாஸ நிலையை, யோகத்தையின்றி அடைவது கஷ்டம். யோகம் செய்கிற முனிவன் விரைவில் பிரம்மத்தை அடைந்து விடுகிறான்
bhagavadgita_anvaya_L212	योगयुक्तो विशुद्धात्मा विजितात्मा जितेन्द्रियः सर्वभूतात्मभूतात्मा कुर्वन्नपि न लिप्यते	योगयुक्तः विशुद्धात्मा विजितात्मा जितेन्द्रियः सर्वभूतात्मभूतात्मा कुर्वन्नपि न लिप्यते।	யோகத்தைக் கடைப்பிடிப்பவன், மனத்தூய்மையுள்ளவன், மனக்கட்டுப்பாடுடையவன், புலன்களை வென்றவன், எல்லா உயிரங்களின் ஆத்மாவைத் தன் ஆத்மாவாகக் காண்பவன், கர்மங்களைச் செய்துகொண்டிருந்தாலும் அவற்றில் ஒட்டுவதில்லை.
bhagavadgita_anvaya_L213	नैव किञ्चित्करोमीति युक्तो मन्येत तत्त्ववित् पश्यन्श्रृण्वन्स्पृशन्जिघ्रनश्नन्गच्छन्स्वपन्श्वसन् प्रलपन्विसृजन्गृह्णनुन्मिषन्निमिषन्नपि इन्द्रियाणीन्द्रियार्थेषु वर्तन्त इति धारयन्	युक्तः तत्त्ववित् पश्यन् शृण्वन् स्पृशन् जिघ्रन् अश्नन् गच्छन् स्वपन् श्वसन् प्रलपन् विसृजन् गृह्णन् उन्मिषन् निमिषन् अपि इन्द्रियाणि इन्द्रियार्थेषु वर्तन्ते इति धारयन् 'न एव किञ्चित् करोमि' इति मन्येत।	உண்மையை அறிந்து இணைந்தவர், பார்த்தாலும், கேட்டாலும், தொட்டாலும், முகர்ந்தாலும், உண்டாலும் , சென்றாலும் .உறங்கினாலும், சுவாசித்தாலும், பேசினாலும், கழித்தாலும் , பற்றினாலும், கண்களைத் திறந்தாலும் , மூடினாலும் கூட எல்லாப் புலன்களும் புலன்களின் பொருட்களில் செயல்படுகின்றன என்று உணர்ந்து கொண்டு 'எதையும் நான் செய்வதேயில்லை'என்று நினைப்பான்.
bhagavadgita_anvaya_L214	ब्रह्मण्याधाय कर्माणि सङ्गन्त्यक्त्वा करोति यः लिप्यते न स पापेन पद्मपत्रमिवाम्भसा	यः ब्रह्मणि आधाय सङ्गं त्यक्त्वा कर्माणि करोति सः अम्भसा पद्मपत्रम् इव पापेन न लिप्यते।	யார் பிரம்மத்தில் அர்ப்பணம் செய்து,பற்றுதலை துறந்து கர்மங்களை செய்கிறானோ, அவன் தண்ணீரில் தாமரை இலை போல, பாவத்தினால் பாதிக்கப்படுவதில்லை.
bhagavadgita_anvaya_L215	कायेन मनसा बुद्ध्या केवलैरिन्द्रियैरपि योगिनः कर्म कुर्वन्ति सङ्गन्त्यक्त्वात्मशुद्धये	योगिनः कायेन मनसा बुद्ध्या केवलैः इन्द्रियैः अपि सङ्गं त्यक्त्वा आत्मशुद्धये कर्म कुर्वन्ति।	யோகிகள், உடலாலும், மனதாலும், புத்தியினாலும், வெறும் புலன்களாலும் கூட பற்றைத் துறந்து , ஆத்மாவின் தூய்மைக்காக கர்மத்தை செய்கிறார்கள்.
bhagavadgita_anvaya_L216	युक्तः कर्मफलन्त्यक्त्वा शान्तिमाप्नोति नैष्ठिकीम् अयुक्तः कामकारेण फले सक्तो निबध्यते	युक्तः कर्मफलं त्यक्त्वा नैष्टिकीम् शान्तिम् आप्नोति। अयुक्तः कामकारेण फले सक्तः निबध्यते।	இணைந்தவர் (பரமாத்மாவிடம்) ,கர்மத்தின் பயனை துறந்து நிரந்தரமான அமைதியை பெறுகிறான். இணைக்கப்படாதவர், காமத்தால் தூண்டப்பட்டு, பயனில் பற்றுக் கொண்டு பிணைக்கப்படுகிறான்.
bhagavadgita_anvaya_L217	सर्वकर्माणि मनसा सन्न्यस्यास्ते सुखम् वशी नवद्वारे पुरे देही नैव कुर्वन्न कारयन्	वशी देही नवद्वारे पुरे सर्वकर्माणि मनसा सन्न्यस्य न एव कुर्वन् न कारयन् सुखम् आस्ते।	மனதை தன்வசப்படுத்தி மனிதன், ஒன்பது வாயில்களுடைய வீட்டில் எல்லாச் செயல்களையும் மனதால் துறந்து, எதையும் செய்யாமலும் , செய்விக்காமலும், சுகமாக இருக்கிறான் .
bhagavadgita_anvaya_L218	न कर्तृत्वन्न कर्माणि लोकस्य सृजाति प्रभुः न कर्मफलसंयोगम् स्वभावस्तु प्रवर्तते	प्रभुः लोकस्य कर्तृत्वं न सृजति। कर्माणि न कर्मफल संयोगं न (सृजति)। स्वभावः तु प्रवर्तते।	பகவான், உலகின் படைப்புத் தன்மையை உண்டுபண்ணுவதில்லை. கர்மங்களையும் (உண்டுபண்ணுவது ) இல்லை கர்மபலனின் இணைப்பையும் (உண்டுபண்ணுவது ) இல்லை. இயல்புதான் செயல்படுகிறது.
bhagavadgita_anvaya_L219	नादत्ते कस्यचित् पापम् न चैव सुकृतं विभुः अज्ञानेनावृतम् ज्ञानम् तेन मुह्यन्ति जन्तवः	विभुः कस्यचित् पापं न आदत्ते। सुकृतम् च एव न (आदत्ते)। अज्ञानेन ज्ञानम् आवृतम्। तेन जन्तवः मुह्यन्ति।	எங்கும் நிறைந்தவர் (பரமாத்மா ) , யாருடைய பாவத்தையும் ஏற்பது இல்லை மற்றும் நற்செயலையும் (ஏற்பது) இல்லை. அறியாமையால் அறிவு மூடப்பட்டிருக்கிறது. அதனால் உயிரினங்கள் மோஹம் அடைகிறார்கள்.
bhagavadgita_anvaya_L220	ज्ञानेन तु तदज्ञानम् येषान्नाशितमात्मनः तेषामादित्यवज्ज्ञानम् प्रकाशयति तत्परम्	आत्मनः ज्ञानेन येषाम् अज्ञानं नाशितम् तेषां तु तत् ज्ञानम् आदित्यवत् परम् प्रकाशयति।	ஆத்மாவின் ஞானத்தினால் எவர்களுடைய அறியாமை அழிக்கப்பட்டதோ, அவர்களுடைய அந்த ஞானம், சூரியனைப் போல, பரம்பொருளை பிரகாசிக்கச்செய்கிறது.
bhagavadgita_anvaya_L221	तद्बुद्धयस्तदात्मानस्तन्निष्ठास्तत्परायणाः गच्छन्त्यपुनरावृत्तिं ज्ञाननिर्धूतकल्मषाः	तत् बुद्धयः तत् आत्मानः तत् निष्ठाः तत् परायणाः ज्ञाननिर्धूतकल्मषाः अपुनरावृत्तिम् गच्छन्ति।	அதிலேயே புத்தியை வைப்பவர்கள், அதையே தங்கள் ஆத்மசொரூபமாகக் கொண்டவர்கள், அதிலேயே உறுதியாயிருப்பவர்கள், ஆதயே உயர்ந்த குறிக்கோளாக கொண்டவர்கள் , ஞானத்தினால் பாவங்களைப் போக்கடித்துக் கொண்டவர்கள், மீண்டும் பிறவாமையை அடைகிறார்கள்
bhagavadgita_anvaya_L222	विद्याविनयसम्पन्ने ब्राह्मणे गवि हस्तिनि शुनि चैव श्वपाके च पण्डिताः समदर्शिनः	पण्डिताः विद्याविनयसंपन्ने ब्राह्मणे गवि हस्तिनि शुनि च एव श्वपाके समदर्शिनः (भवन्ति)।	பண்டிதர்கள், கல்வியோடும் பணிவோடும் கூடிய பிராம்மணனிடமும், பசுவிடனும் ,யானையிடமும் நாயிடமும் மற்றும் சண்டாளனிடமும் கூட சமநோக்குடையவராகவே (இருக்கிறார்கள் ).
bhagavadgita_anvaya_L223	इहैव तैर्जितः सर्गः येषां साम्ये स्थितम्मनः निर्दोषं हि समम्ब्रह्म तस्माद्ब्रह्मणि तैः स्थिताः	येषां साम्ये मनः स्थितं तैः सर्गः इह एव जितः। समं हि ब्रह्म निर्दोषम्। तस्मात् ते ब्रह्मणि स्थिताः।	எவர்களுடைய மனமானது சமநிலையில் உறுதியாயிருக்கிறதோ, அவர்களுடைய சிருஷ்டி இம்மையிலேயே(சரீரத்தோடு உள்ள நிலையிலேயே ) வெற்றி கொள்ளப்பட்டது. ஏனெனில் பிரம்மம் சமமானது, தோஷமற்றது . ஆகவே அவர்கள் பிரம்மத்தில் நிலைத்திருக்கிறார்கள்.
bhagavadgita_anvaya_L224	न प्रहृष्येत्प्रियम्प्राप्य नोद्विजेत्प्राप्य चाप्रियम् स्थिरबुद्धिरसम्मूढो ब्रह्मविद्ब्रह्मणि स्थितः	ब्रह्मवित् ब्रह्मणि स्थितः स्थिरबुद्धिः असम्मूढः प्रियं प्राप्य न प्रहृष्येत्। अप्रियं प्राप्य न उद्विजेत्।	பிரம்மத்தை அறிந்தவன், பிரம்மத்தில் நிலைத்து நிற்கிறான், உறுதியான அறிவை உடையவன், மனக்குழப்பம் அடையாதவன், விருப்பமான பொருளை அடையும்போது மகிழ்ச்சி அடைவதில்லை. விரும்பாததை அடையும்போது துன்பமடைவதில்லை.
bhagavadgita_anvaya_L225	बाह्यस्पर्शेष्वसक्तात्मा विन्दत्यात्मनि यत्सुखम् स ब्रह्मयोगयुक्तात्मा सुखमक्षयमश्नुते	बाह्यस्पर्शेषु असक्तात्मा आत्मनि यत् सुखं विन्दति सः ब्रह्मयोगयुक्तात्मा अक्षयं सुखम् अश्नुते।	வெளியிலுள்ள புலன்நுகர் பொருட்களில், மனப்பற்று இல்லாதவன், ஆத்மாவில் அந்த சுகத்தை அடைகிறான், அவன் பிரம்மயோகத்துடன் இணைந்த ஆத்மா , அழியாத சுகத்தை அடைகிறான்.
bhagavadgita_anvaya_L226	ये हि संस्पर्शजा भोगा दुःखयोनय एव ते आद्यन्तवन्तः कौन्तेय न तेषु रमते बुधः	हे कौन्तेय! ये संस्पर्शजा भोगाः ते आद्यन्तवन्तः दुःखयोनयः एव हि। तेषु बुधः न रमते।	குந்தியின் மகனே! எவை தொடுதலால் உண்டாகும் மோஹங்களோ , அவை ஆரம்பமும் முடிவும் கொண்டவை, உண்மையில் துக்கத்திற்கே காரணமானவைகள். . அவற்றில் அறிவாளி இன்பம் அடைவதில்லை.
bhagavadgita_anvaya_L227	शक्नोतीहैव यः सोढुम्प्राक्शरीरविमोक्षणात् कामक्रोधोद्भवं वेगं स युक्तः स सुखी नरः	यः इह एव शरीरविमोक्षणात् प्राक् कामक्रोधोद्भवं वेगं सोढुं शक्नोति सः नरः युक्तः सः सुखी।	எவன் இந்த மனிதப்பிறவியிலேயே உடல் அழிவதற்கு முன்பே, காமத்தினாலும், கோபத்தினாலும் உண்டாகின்ற வேகத்தை பொறுத்துக்கொள்வதற்கு திறன் பெற்றுவிட்டானோ அந்த மனிதன் யோகி, அவன் சுகம் பெற்றவன்.
bhagavadgita_anvaya_L228	योन्तःसुखोन्तरारामस्तथान्तर्ज्योतिरेव यः स योगी ब्रह्मनिर्वाणम्ब्रह्मभूतोधिगच्छति	यः अन्तः सुखः अन्तरारामः तथा यः एव अन्तर्ज्योतिः सः योगी ब्रह्मभूतः ब्रह्मनिर्वाणम् अधिगच्छति।	எவன் ஆத்மாவிலேயே சுகம் காண்கிறானோ, ஆத்மாவிடமே இன்புற்றிருப்பானோ, அப்படியே எவன் ஆத்மாவிலேயே உள்ளொளி பெற்றவனோ, அவன் யோகி, பிரம்மத்தில் ஒன்றிவிட்டவனாகி, அமைதி நிறைந்த பிரம்மநிர்வாணத்தை அடைகிறான்.
bhagavadgita_anvaya_L229	लभन्ते ब्रह्मनिर्वाणमृषयः क्षीणकल्मषाः छिन्नद्वैधा यतात्मानः सर्वभूतहिते रताः	क्षीणकल्मषाः छिन्नद्वैधाः यतात्मानः सर्वभूतहिते रताः ऋषयः ब्रह्मनिर्वाणं लभन्ते।	பாவங்களை போக்கிக்கொண்ட, சந்தேகங்களை அகற்றிய, மனம் பரமாத்மாவிடம் நிலைத்துள்ள, அனைத்து உயிரினங்களின் நலத்திலும் ஈடுபாடு கொண்ட, ரிஷிகள் பிரம்ம நிர்வாணத்தை அடைகிறார்கள்.
bhagavadgita_anvaya_L230	कामक्रोधवियुक्तानां यतीनां यतचेतसाम् अभितो ब्रह्मनिर्वाणं वर्तते विदितात्मनाम्	कामक्रोधवियुक्तानां यतचेतसां विदितात्मनाम् यतीनाम् अभितः ब्रह्मनिर्वाणं वर्तते।	ஆசை, சினம் இவைகளிலிருந்து விடுபட்டவர்களின், மனதை அடக்கியவர்களின், ஆத்மாவை அறிந்த சந்யாசிகளின் நாற்புறங்களிலும் பிரம்ம நிர்வாணம் இருக்கிறது.
bhagavadgita_anvaya_L231	स्पर्शान्कृत्वा बहिर्बाह्यांश्चक्षुश्चैवान्तरे भ्रुवोः प्राणापानौ समौ कृत्वा नासाभ्यन्तरचारिणौ यतेन्द्रियमनोबुद्धिर्मुनिर्मोक्षपरायणः विगतेच्छाभयक्रोधो यः सदा मुक्त एव सः	यः बाह्यस्पर्शान् बहिः कृत्वा चक्षुः च एव भ्रुवोः अन्तरे कृत्वा नासाभ्यन्तरचारिणौ प्राणापानौ समौ कृत्वा यतेन्द्रिय मनोबुद्धिः मोक्षपरायणः विगत इच्छाभयक्रोधः मुनिः (वर्तते) सः (मुनिः) सदा मुक्तः एव।	எவன், வெளி விஷய போகங்களை வெளியில் நிறுத்தி, கண்களை இருபுருவங்களுக்கும் நடுவில் நிறுத்தி ,நாசியின் வழியாக செல்கின்ற பிராண, அபான வாயுக்களை சமமாக்கி, புலன்கள்,மனம்,புத்தி இவைகளையடக்கி, முக்தியை குறிக்கோளாகக்கொண்டு, இச்சை, பயம்,கோபம் இவைகளை விட்டு முனிவனான (இருக்கிறான்) அவன்(முனிவன்) எப்பொழுதும் விடுதலைப் பெற்றவனே.
bhagavadgita_anvaya_L232	भोक्तारं यज्ञतपसां सर्वलोकमहेश्वरम् सुहृदं सर्वभूतानाञ्ज्ञात्वा मां शान्तिमृच्छति	यज्ञतपसां भोक्तारं सर्वलोकमहेश्वरं सर्वभूतानां सुहृदं मां ज्ञात्वा शान्तिम् ऋच्छति।	யக்ஞம், தவம் இவைகளை அனுபவிப்பவனாகவும் , லோகங்களுக்கு ஈஸ்வரனாகவும், எல்லா உயிர்களினுடைய நண்பனாகவும், என்னை அறிந்து, சாந்நதியை அடைகிறான்.
bhagavadgita_anvaya_L233	श्रीभगवानुवाच अनाश्रितः कर्मफलं कार्यं कर्म करोति यः स सन्न्यासी च योगी च न निरग्निर् न चाक्रियः	यः कर्मफलम् अनाश्रितः कार्यं कर्म करोति सः सन्न्यासी च योगी च (भवति)। निरग्निः न अक्रियः च न भवति।	எவனொருவன் கர்மத்தின் பயனை சார்ந்து இல்லாமல் செய்ய வேண்டிய கர்மத்தை செய்கிறானோ, அவன் சன்யாசியாகவும், யோகியாகவும் (ஆகிறான்). அக்னி காரியங்களை துறப்பவனல்ல, கருமத்தை செய்யமல் துறப்பவனும் ஆகமாட்டான்.
bhagavadgita_anvaya_L234	यं सन्न्यासमिति प्राहुर्योगन्तं विद्धि पान्डव न ह्यसन्न्यस्तसङ्कल्पो योगी भवति कश्चन	पाण्डव! यं सन्न्यासम् इति प्राहुः तं योगं विद्धि। असन्न्यस्तसङ्कल्पः हि कश्चन योगी न भवति।	பாண்டுவின் மகனே! எதை ஸந்யாஸம் என்று கூறுகிறார்களோ, அதையே யோகம் என்று தெரிந்துக் கொள். சங்கல்பத்தைத் துறக்காத எவனும் யோகியாக ஆகமாட்டான்.
bhagavadgita_anvaya_L235	आरुरुक्षोर्मुनेर्योगङ्कर्म कारणमुच्यते योगारूढस्य तस्यैव शमः कारणमुच्यते	योगम् आरुरुक्षोः मुनेः कर्म कारणम् उच्यते। योगारूढस्य तस्य एव (कर्मसन्न्यासे) शमः कारणम् उच्यते।	யோகத்தை அடைய விரும்புகிற முனிவனுக்கு, கருமங்களைச் செய்வது காரணம் (என்று) சொல்லப்படுகிறது. யோகத்தை அடைந்த அவரின் (செயல் துறவு) அமைதிக்கு காரணம் (என்று) கூறப்படுகிறது.
bhagavadgita_anvaya_L236	यदा हि नेन्द्रियार्थेषु न कर्मस्वनुषज्जते सर्वसङ्कल्पसन्न्यासी योगारूढस्तदोउच्यते	यदा हि इन्द्रियार्थेषु न अनुषज्जते कर्मसु (अपि) न तदा सर्वसङकल्पसन्न्यासी योगारूढः उच्यते।	எப்பொழுது உண்மையில் புலன்களுக்குரிய போகப்பொருட்களில் பற்றுக் கொள்வதில்லையோ, கருமங்களிலும் (கூட ) இல்லையோ, அப்பொழுது, எல்லா சங்கல்பங்களையும் துறந்தவனான அவன் யோகத்தை அடைந்தவன் (என்று) கூறப்படுகிறான்.
bhagavadgita_anvaya_L237	उद्धरेदात्मनात्मानं नात्मानमवसादयेत् आत्मैव ह्यात्मनो बन्धुरात्मैव रिपुरात्मनः	आत्मानम् आत्मना उद्धरेत्। आत्मानं न अवसादयेत्। आत्मा एव हि आत्मनः बन्धुः। आत्मा एव आत्मनः रिपुः।	தன்னைத்(ஆத்மாவை ) தானே (ஆத்மாவே ) உயர்த்திக் கொள்ள வேண்டும். தன்னை வீழ்த்திக் கொள்ளக்கூடாது. ஏனெனில் தானேதான் தனக்கு நண்பன்.தானேதான் தனக்கு பகைவன்.
bhagavadgita_anvaya_L238	बन्धुरात्मात्मनस्तस्य येनात्मैवात्मना जितः अनात्मनस्तु शत्रुत्वे वर्तेतात्मैव शत्रुवत्	येन आत्मना आत्मा एव जितः तस्य आत्मनः आत्मा बन्धुः। अनात्मनः तु आत्मा एव शत्रुवत् शत्रुत्वे वर्तेत।	எந்த ஆத்மாவினால், மனது ( வெல்லப்படுகிறதோ, அந்த ஆத்மாவிற்கு, ஆத்மாவே நண்பன். ஆனால் ஆத்மாவை அடக்காதவனுக்கு, ஆத்மாவே பகைவனைப்போல, பகைமையில் இருக்கும்.
bhagavadgita_anvaya_L239	जितात्मनः प्रशान्तस्य परमात्मा समाहितः शीतोष्णसुखदुःखेषु तथा मानापमानयोः	शीतोष्णसुखदुःखेषु तथा मानापमानयोः प्रशान्तस्य जितात्मनः परमात्मा समाहितः।	குளிர்-வெப்பம், இன்பம்-துன்பங்களில் அப்படியே மான-அபமானங்களிலும், எவனுடைய மனம் அமைதியாக இருக்கிறதோ, தன்னை வெற்றி கொண்வனின் (ஞானத்தில் )பரமாத்மா நிலை கொண்டுள்ளார்
bhagavadgita_anvaya_L240	ज्ञानविज्ञानतृप्तात्मा कूटस्थो विजितेन्द्रियः युक्त इत्युच्यते योगी समलोष्ठाश्मकाञ्चनः	ज्ञानविज्ञानतृप्तात्मा कूटस्थः समलोष्टाश्मकाञ्चनः विजितेन्द्रियः युक्तः योगी इति उच्यते।	ஞானம் மற்றும் விஞ்ஞானத்தால் திருப்தியடைந்தவனை(ஆத்மாவை), மாறாதவனை , மண், கல், பொன், ஆகியவற்றில் சமபாவனை கொண்டுள்ளவனை, புலன்களை ஜயித்தவனை, யோகி என்று அழைக்கப்படுகிறார் .
bhagavadgita_anvaya_L241	सुहृन्मित्रार्युदासीनमध्यस्थद्वेष्यबन्धुषु साधुष्वपि च पापेषु समबुद्धिर्विशिष्यते	सुहृन्मित्रार्युदासीनमध्यस्थद्वेष्यबन्धुषु साधुषु पापेषु अपि च समबुध्दिः विशिष्यते।	நல்ல மனம் கொண்டவர், நண்பன் ,பகைவன்,பொருட்படுத்தாதவன், நடுநிலையிலிருப்பவன், வெறுப்பவர்கள், உறவினர் ஆகியவர்களிடமும், நல்லோர்களிடமும் மற்றும் பாவிகலிடத்தும்கூட சமமான பாவனை கொண்டுள்ளவன், சிறந்தவன் ஆகிறான்.
bhagavadgita_anvaya_L242	योगी युञ्जीत सततमात्मानं रहसि स्थितः एकाकी यतचित्तात्मा निराशीरपरिग्रहः	यतचित्तात्मा निराशीः अपरिग्रहः एकाकी योगी रहसि स्थितः सततम् आत्मानं युञ्जीत।	தன் மனம் மற்றும் ஆத்மாவை அடக்கி, எதிலும் ஆசையில்லாமல், சேர்த்து வைத்துக் கொள்ளாமால் , தனி ஒருவனாக, யோகி தனியான இடத்தில் அமர்ந்து கொண்டு, இடைவிடாது ஆத்மாவை (பரமாத்மாவில்)இணைக்க வேண்டும்.
bhagavadgita_anvaya_L243	शुचौ देशे प्रतिष्ठाप्य स्थिरमासनमात्मनः नात्युच्छ्रितन्नातिनीचम् चैलाजिनकुशोत्तरम् तत्रैकाग्रम् मनः कृत्वा यतचित्तेन्द्रियक्रियः उपविश्यासने युञ्ज्याद्योगमात्मविशुद्धये	यतचित्तेन्द्रियक्रियः शुचौ देशे स्थिरं नात्युच्छ्रितं नातिनीचं चैलाजिनकुशोत्तरम् आत्मनः आसनं प्रतिष्ठाप्य तत्र आसने उपविश्य मनः एकाग्रं कृत्वा आत्मविशुद्धये योगं युञ्ज्यात्।	மனம் , புலன்களின் செயல்களை அடக்கி, தூய்மையான இடத்தில் அசைவற்றதாக, மிக உயரமாக இல்லாமலும், மிகத் தாழ்வாக இல்லாமலும், தர்பை, மான்தோல், துணி இவைகளை மேலே உடைய, தன்னுடைய இருக்கையை அமைத்துக் கொண்டு அந்த இருக்கையில் அமர்ந்து கொண்டு மனதை ஒருமுகப்படுத்தி ஆத்மாவின் தூய்மைக்காக யோகத்தை பயில வேண்டும்.
bhagavadgita_anvaya_L244	समङ्कायशिरोग्रीवन्धारयन्नचलम् स्थिरः संप्रेक्ष्य नासिकाग्रं स्वन्दिशश्चानवलोकयन् प्रशान्तात्मा विगतभीर्ब्रह्मचारिव्रते स्थितः मनः संयम्य मच्चित्तो युक्त आसीत मत्परः	कायशिरोग्रीवं समम् अचलं धारयन् स्थिरः भूत्वा स्वं नासिकाग्रं सम्प्रेक्ष्य दिशः च अनवलोकयन् प्रशान्तात्मा विगतभीः ब्रह्मचारिव्रते स्थितः सन् मनः संयम्य मच्चित्तः मत्परः युक्तः आसीत।	உடல், தலை, கழுத்து இவற்றை சமமாக , அசையாமல் தாங்கிக் கொண்டு நிலையாக இருந்துக் கொண்டு , தன்னுடைய மூக்கின் நுனியின்மீது, பார்வையை ஒருமுகப்படுத்தி, மற்றும் திசைகளை பாராமல் , அமைதியான ஆத்மா அச்சமின்றி பிரம்மச்சாரி விரதத்தில் நிலைத்து நின்று இருக்கும் போது மனதை அடக்கி என்னை மனதில் நினைத்தவனாக, என்னை மையமாக கொண்டு இணைந்து இருக்க வேண்டும்.
bhagavadgita_anvaya_L245	युञ्जन्नेवम् सदात्मानम् योगी नियतमानसः शान्तिन्निर्वाणपरमाम्मत्संस्थामधिगच्छति	नियतमानसः योगी एवं सदा आत्मानं युञ्जन् निर्वाणपरमां मत्संस्थां शान्तिम् अधिगच्छति।	மனதைத் தன்வசப்படுத்திய யோகி இவ்வாறு எப்பொழுதும் ஆத்மாவை ஒன்றிணைத்துக் கொண்டு நிர்வாகத்தின் உச்சமாகிய என் நிலையில் உள்ள அமைதியை அடைகிறான்.
bhagavadgita_anvaya_L246	नात्यश्नतस्तु योगोस्ति न चैकान्तमनश्नतः न चातिस्वप्नशीलस्य जग्रतो नैव चार्जुन	अर्जुनः! अत्यश्नतः तु योगः न अस्ति। एकान्तं अनश्नतः च न। अतिस्वप्नशीलस्य च न। जाग्रतः च न एव।	அர்ஜுனா! அதிகமாக உண்பவனுக்கும் யோகம் இல்லை மற்றும் முற்றிலும் உண்ணாமல் இருப்பவனுக்கும் இல்லை மற்றும் அதிகமாக உறங்குபவனுக்கும் இல்லை மற்றும் எப்பொழுதும் விழித்துக் கொண்டேஇருப்பவனுக்கும் கண்டிப்பாக இல்லை.
bhagavadgita_anvaya_L247	युक्ताहारविहारस्य युक्तचेष्टस्य कर्मसु युक्तस्वप्नावबोधस्य योगो भवति दुःखहा	युक्ताहारविहारस्य कर्मसु युक्तचेष्टस्य युक्तस्वप्नावबोधस्य योगः दुःखहा भवति।	அளவுடன் உண்டு நடமாடுகின்றவனுக்கு, செயல்களில் உரிய முயற்சி செய்கின்றவனுக்கு, அளவோடு உறங்கி விழித்திருப்பவனுக்கு, யோகம் துக்கத்தைப் போக்குகிறது
bhagavadgita_anvaya_L248	यदा विनियतञ्चित्तमात्मन्येवावतिष्ठते निःस्पृहः सर्वकामेभ्यो युक्तः इत्युच्यते तदा	यदा विनियतं चित्तम् आत्मनि एव अवतिष्ठते सर्वकामेभ्यः निःस्पृहः तदा युक्तः इति उच्यते।	எப்பொழுது முற்றிலும் கட்டுப்படுத்தப்பட்டுள்ள மனம் ஆத்மாவினிடமே நன்கு நிலைபெற்றிருக்கிறதோ, அனைத்து காமங்களிலிருந்தும் விருப்பமின்றி ,அப்பொழுது (யோகத்தில்) ஒன்றியவன் என்று அழைக்கப்படுகிறான்.
bhagavadgita_anvaya_L249	यथा दीपो निवातस्थो नेङ्गते सोपमा स्मृता योगिनो यतचित्तस्य युञ्जतो योगमात्मनः	यथा निवातस्थः दीपः न इङ्गते सा आत्मनः योगं युञ्जतः यतचत्तस्य योगिनः उपमा स्मृता।	எப்படி காற்று வீசாத இடத்தில் இருக்கும் விளக்கின் சுடர் அசையாமல் இருக்குமோ, (அப்படி )அந்த ஆத்ம த்யானத்தில் ஈடுபடுகின்ற யோகியின் வெற்றி கொண்ட மனமானது உவமையாகச் சொல்லப்படுகிறது.
bhagavadgita_anvaya_L250	यत्रोपरमते चित्तन्निरुद्धं योगसेवया यत्र चैवात्मनात्मानम् पश्यन्नात्मनि तुष्यति	यत्र योगसेवया निरुद्धं चित्तम् उपरमते यत्र च एव आत्मना आत्मानं पश्यन् आत्मनि तुष्यति।	எப்பொழுது யோகப்பயிற்சியினால் கட்டுப்பட்டு மனம் அமைதியாகிறதோ, மற்றும் எப்பொழுது ஆத்மாவினாலேயே ஆத்மாவை(பரமாத்மாவை ) கண்டு ஆத்மாவில் திருப்தி அடைகிறாரோ
bhagavadgita_anvaya_L251	सुखमात्यन्तिकं यत् तत् बुद्धिग्राह्यमतीन्द्रियम् वेत्ति यत्र न चैवायम् स्थितश्चलति तत्त्वतः	यत्र यत्तत् बुद्धिग्राह्यम् अतीन्द्रियम् आत्यन्तिकं सुखं वेत्ति यत्र च स्थितः अयं तत्त्वतः न एव चलति।	எங்கு அது எதுவாக , புத்தியால் உணரப்படும், இந்திரியங்களுக்கு அப்பாற்பட்ட, முடிவற்ற சுகத்தை அறிகிறானோ மற்றும் எங்கு, நிலைபெற்று அந்த (யோகி) ஆத்மசொரூபத்திலிருந்து அசைவதேயில்லையோ
bhagavadgita_anvaya_L252	यं लब्ध्वा चापरं लाभम्मन्यते नाधिकम् ततः यस्मिन्स्थितो न दुःखेन गुरुणापि विचाल्यते	यं च लब्ध्वा ततः अधिकम् अपरं लाभं न मन्यते यस्मिन् स्थितः गुरुणा दुःखेन अपि न विचाल्यते (तं योगसंज्ञितं विद्यात्। )	மற்றும் இதை பெற்றவுடன், அதன் பிறகு அதிகமான மற்ற லாபத்தை கருதமாட்டானோ, அதில் நிலைபெற்றவன் மிகப்பெரிய துயரத்தால்கூட களங்கமாட்டானோ (அதை யோகம் என்று அறியவும் )
bhagavadgita_anvaya_L253	तं विद्याद्दुःखसंयोगवियोगं योगसञ्ज्ञितम् स निश्चयेन योक्तव्यो योगोनिर्विण्णचेतसा	तं दुःखसंयोगवियोगं योगसञ्ज्ञितं विद्यात्। सः योगः अनिर्विण्णचेतसा निश्चयेन योक्तव्यः।	அந்த துன்பமயமான சம்சாரச் சேர்க்கையிலிருந்து விடுபடுவது யோகம் என்று அறியவும். அந்த யோகம், கைவிடாத மனதுடன் உறுதியுடன் பயிற்சி செய்யப்பட வேண்டும் .
bhagavadgita_anvaya_L254	सङ्कल्पप्रभवान्कामांस्त्यक्त्वा सर्वानशेषतः मनसैवेन्द्रियग्रामम् विनियम्य समन्ततः शनैः शनैरुपरमेद्बुद्ध्या धृतिगृहीतया आत्मसंस्थम्मनः कृत्वा न किञ्चिदपि चिन्तयेत्	सङ्कल्पप्रभवान् सर्वान् कामान् अशेषतः त्यक्त्वा मनसा एव समन्ततः इन्द्रियग्रामं विनियम्य धृतिगृहीतया बुद्ध्या शनैः शनैः उपरमेत्। मनः आत्मसंस्थं कृत्वा किञ्चित् अपि चिन्तयेत्।	சங்கல்பத்தினால் உண்டாகக்கூடிய அனைத்து விருப்பங்களையும் முழுமையாக துறந்து மனதால் மட்டுமே எல்லாப் பக்கங்களிலிருந்தும் புலன்களின் கூட்டத்தை நன்கு அடக்கி உறுதியான புத்தியினால் மெதுவாக மெதுவாக அமைதிபெறவேண்டும். மனதை ஆத்மாவில் நிலைநிறுத்திக்கொண்டு சிறிதும் கூட சிந்திக்கலாகாது.
bhagavadgita_anvaya_L255	यतो यतो निश्चरति मनश्चञ्चलमस्थिरम् ततस्ततो नियम्यैतदात्मन्येव वशम् नयेत्	चञ्चलम् अस्थिरं मनः यतः यतः निश्चरति ततः ततः एतत् नियम्य आत्मनि एव वशं नयेत्।	சஞ்சலமான, நிலையில்லாத, மனம் எங்கே எங்கே அலைகிறதோ, அங்கிருந்து அங்கிருந்து அதை தடுத்து நிறுத்தி ஆத்மாவினிடமே கட்டுப் படுத்தி கொண்டு வர வேண்டும்.
bhagavadgita_anvaya_L256	प्रशान्तमनसं ह्येनं योगिनं सुखमुत्तमम् उपैति शान्तरजसम्ब्रह्मभूतमकल्मषम्	प्रशान्तमनसं हि शान्तरजसम् अकल्मषं ब्रह्मभूतम् एनं योगिनम् उत्तमं सुखम् उपैति।	ஏனெனில் ,அமைதியான மனமுடையவனும், ரஜோகுணம் அடங்கியவனும், பாவங்கள் அற்றவனும், பிரஹ்மத்திலே ஒன்றியவனுமான இந்த யோகியை உயரிய சுகம் வந்தடைகிறது.
bhagavadgita_anvaya_L257	युञ्जन्नेवं सदात्मानम् योगी विगतकल्मषः सुखेन ब्रह्मसंस्पर्शमत्यन्तं सुखमश्नुते	विगतकल्मषः योगी एवम् आत्मानं सदा युञ्जन् सुखेन अत्यन्तं सुखं ब्रह्मसंस्पर्शम् अश्नुते।	பாவமற்ற யோகி இவ்வாறு ஆத்மாவை எப்பொழுதும் ஈடுபடுத்தி எளிதாக, பரமாத்மாவை அடைவது எனும் முடிவற்ற சுகத்தை அடைகிறான்.
bhagavadgita_anvaya_L258	सर्वभूतस्थमात्मानं सर्वभूतानि चात्मनि ईक्षते योगयुक्तात्मा सर्वत्रसमदर्शनः	योगयुक्तात्मा सर्वत्र समदर्शनः आत्मानं सर्वभूतस्थम् आत्मनि च सर्वभूतानि ईक्षते।	யோகத்துடன் இணைந்தவனும் , எல்லாவற்றிலும் சமமான பார்வையுள்ளவானுமான (யோகி) ஆத்மாவை, எல்லா உயிரினங்களிலும் இருப்பதாகவும் மற்றும் ஆத்மாவில் எல்லா உயிரினங்களையும் காண்கிறான்.
bhagavadgita_anvaya_L259	यो माम्पश्यति सर्वत्र सर्वञ्च मयि पश्यति तस्याहन्न प्रणश्यामि स च मे न प्रणश्यति	यः मां सर्वत्र पश्यति सर्वं च मयि पश्यति तस्य अहं न प्रणश्यामि सः च मे न प्रणश्यति।	எவன், என்னை(பரமாத்மாவான வாசுதேவனான ) எல்லா உயிரினங்களிலும் பார்கிறானோ, எல்லா உயிரினங்களும் என்னிடம் அடக்கி இருப்பதாக பார்கிறானோ, அவனுக்கு நான் மறைவதில்லை மற்றும் அவன் எனக்கு மறைவதில்லை.
bhagavadgita_anvaya_L260	सर्वभूतस्थितं यो माम्भजत्येकत्वमास्थितः सर्वथा वर्तमानोपि स योगी मयि वर्तते	एकत्वम् आस्थितः यः सर्वभूतस्थितं मां भजति सः योगी सर्वथा वर्तमानः अपि मयि वर्तते।	ஒன்றிய நிலையில் நிலைபெற்று எவன் அனைத்து உயிரினங்களிலும் ஆத்மாவாக விளங்கும் என்னை வழிபடுகிறானோ, அந்த யோகி எந்த வகையில் செயல்பட்டுக்கொண்டிருந்தாலும் என்னிடத்திலேயே செயல்பட்டுக்கொண்டிருக்கிறான்.
bhagavadgita_anvaya_L261	आत्मौपम्येन सर्वत्र समम्पश्यति यो अर्जुन सुखं वा यदि वा दुःखं स योगी परमो मतः	अर्जुन! (तस्मात्) सुखं (भवतु) यदि वा (तस्मात्) दुःखं (तथापि) यः आत्मौपम्येन सर्वत्र समं पश्यति सः परमः योगी मतः।	அர்ஜுனா ! (அதனால்) சுகம் (இருக்கட்டும் ) அல்லது (அதனால்) துன்பம் (என்றாலும்) எவன் தன்னைப்போலவே எல்லா உயிரினங்களையும், சமமாக பார்கிறானோ, அந்த யோகி உயர்ந்தவனாக மதிக்கப்படுகிறான்.
bhagavadgita_anvaya_L262	अर्जुन उवाच योयं योगस्त्वया प्रोक्तः साम्येन मधुसूदन एतस्याहन्न पश्यामि चञ्चलत्वात्स्थितिम् स्थिराम्	मधुसूदन! यः अयं योगः त्वया साम्येन प्रोक्तः मनसः चञ्चलत्वात् एतस्य स्थिरां स्थितिम् अहं न पश्यामि।	மதுசூதனா! எது இந்த யோகம் உங்களால் சமத்துவத்துடன் சொல்லப்பட்டதோ, மனதின் சஞ்சலத்தினால், இதன் உறுதியான இருப்பை நான் காணவில்லை.
bhagavadgita_anvaya_L263	चञ्चलं हि मनः कृष्ण प्रमाथि बलवद्दृढम् तस्याहम् निग्रहम्मन्ये वायोरिव सुदुष्करम्	कृष्ण! मनः हि चञ्चलं बलवत् दृढं प्रमाथि। अहं तस्य निग्रहं वायोः इव सुदुष्करं मन्ये।	கிருஷ்ணா! மனம் உண்மையில் சஞ்சலமானது, வலிமை பொருந்தியது, திடமானது , பிடிக்க முடியாதது . நான் அதன் கட்டுப்பாட்டை காற்றைப் போல மிகவும் கடினமானதாக நினைக்கிறேன்.
bhagavadgita_anvaya_L264	श्रीभगवानुवाच असंशयम्महाबाहो मनो दुर्निग्रहञ्चलम् अभ्यासेन तु कौन्तेय वैराग्येण च गृह्यते	महाबाहो! असंशयं मनः दुर्निग्रहं चलम्। कौन्तेय! अभ्यासेन तु वैराग्येण च गृह्यते।	நீண்ட கைகளை உடையவனே! சந்தேகமின்றி மனம் அடக்க முடியாதது, சஞ்சலமானது. குந்தியின் மகனே! ஆனால் பயிற்சியினாலும் மற்றும் உறுதியினாலும் (மனதை) அடக்கலாம்.
bhagavadgita_anvaya_L265	असंयतात्मना योगो दुष्प्राप इति मे मतिः वश्यात्मना तु यतता शक्योवाप्तुमुपायतः	असंयतात्मना योगः दुष्प्रापः इति मे मतिः। यतता वश्यात्मना तु उपायतः अवाप्तुं शक्यः।	கட்டுப்பாடில்லாத ஆத்மாவுடன் யோகம் அடையமுடியாது என்பது என் கருத்து. ஆனால் முயற்சி செய்கிறவனால் கட்டுப்படுத்தப்பட்ட ஆத்மாவுடன் (யோகத்தை)அடைவது சாத்தியமானது.
bhagavadgita_anvaya_L266	अर्जुन उवाच अयतिः श्रद्धयोपेतो योगाच्चलितमानसः अप्राप्य योगसंसिद्धिङ्काङ्गतिङ्कृष्ण गच्छति	कृष्ण! श्रद्धया उपेतः अयतिः योगात् चलितमानसः योगसंसिद्धिम् अप्राप्य कां गतिं गच्छति?	கிருஷ்ணா! யோகத்தில் நம்பிக்கையுடையவனாக இருந்தும், மன அடக்கம் இல்லாமையினால் யோகத்திலிருந்து தவறிய மனதையுடையவன், யோகத்தின் பயனை அடையாது எந்த கதியை அடைகிறான்?
bhagavadgita_anvaya_L267	कच्चिन्नोभयविभ्रष्टश्छिन्नाभ्रमिव नश्यति अप्रतिष्ठो महाबाहो विमूढो ब्रह्मणः पथि	महाबाहो! उभयविभ्रष्टः अप्रतिष्ठः ब्रह्मणः पथि विमूढः छिन्नाभ्रमिव न नश्यति कच्चित्।	நீண்ட கைகளை உடையவனே! இரண்டு வழிகளிலிருந்து நழுவி பிடிப்பு இல்லாதவன், பகவானை அடைகின்ற மார்க்கத்தில் குழப்பமடைந்தவன், சிதறிய மேகம் போல ஒருபோதும் அழிந்து விட மாட்டானா?
bhagavadgita_anvaya_L268	एतन्मे संशयङ्कृष्ण छेत्तुमर्हस्यशेषतः त्वदन्यः संशयस्यास्य छेत्ता न ह्युपपद्यते	कृष्ण! एतत् मे संशयम् अशेषतः छेत्तुम् अर्हसि। त्वदन्यः हि अस्य संशयस्य छेत्ता न उपपद्यते।	கிருஷ்ணா! இந்த என்னுடைய சந்தேகத்தை முற்றிலும் அகற்ற வேண்டும் . உண்மையில் உன்னைத் தவிர இந்த சந்தேகத்தை போக்குபவர் கிடைப்பது சாத்தியமில்லை.
bhagavadgita_anvaya_L269	श्रीभगवानुवाच पार्थ नैवैह नामुत्र विनाशस्तस्य विद्यते न हि कल्याणकृत्कश्चिद्दुर्गतिन्तात गच्छति	पार्थ! इह तस्य विनाशः न एव विद्यते। अमुत्र न। तात! कल्याणकृत् हि कश्चित् दुर्गतिं न गच्छति।	பார்த்தா! இவ்வுலகில் அந்த அழிவு நிச்சயமாக இல்லை. மேலுலகில் இல்லை. பிரியமானவனே! உண்மையில் சுப காரியம் செய்யும் யாரும் தாழ்நிலையை அடைவதில்லை.
bhagavadgita_anvaya_L270	प्राप्य पुण्यकृतां लोकानुषित्वा शाश्वतीः समाः शुचीनां श्रिमताम् गेहे योगभ्रष्टोभिजायते	योगभ्रष्टः पुण्यकृतां लोकान् प्राप्य शाश्वतीः समाः उषित्वा शुचीनां श्रीमतां गेहे अभिजायते।	யோகத்தில் வீழ்ந்தவர், புண்ணியம் செய்தவர்களின் உலகங்களை அடைந்து நிலையான காலங்கள் நல்லொழுக்கமுள்ள செல்வந்தர்களுடைய வீட்டில் பிறக்கிறான்.
bhagavadgita_anvaya_L271	अथवा योगिनामेव कुले भवति धीमताम् एतद्धि दुर्लभतरं लोके जन्म यदीद्रशम्	अथवा धीमतां योगिनां कुले एव भवति। यत् एतत् ईदृशं हि जन्म लोके दुर्लभतरम्।	அல்லது ஞானிகளான, யோகிகளுடைய குளத்திலேயே உண்டாகிறான். ஆனால் நிச்சயமாக இத்தகைய பிறப்பு உலகில் மிகவும் அரிதானது.
bhagavadgita_anvaya_L272	अथवा योगिनामेव कुले भवति धीमताम् एतद्धि दुर्लभतरं लोके जन्म यदीद्रशम् ||6.42|| तत्र तम्बुद्धिसंयोगं लभते पौर्वदेहिकम् यतते च ततो भूयः संसिद्धौ कुरुनन्दन	कुरुनन्दन! तत्र तं पौर्वदेहिकं बुद्धिसंयोगं लभते। ततः च संसिद्धौ भूयः यतते।	குறு வம்சத்தின் மகனே! அங்கு அந்த முற்பிறவியில் சேர்த்து வைக்கப்பட்ட புத்தியுடன் கூடிய ஒன்றிணைவை பெறுகிறான். மற்றும் அதை காட்டிலும் சித்தி அடைவதற்காக, மறுபடியும் முயல்கிறான் .
bhagavadgita_anvaya_L273	पूर्वाभ्यासेन तेनैव ह्रियते ह्यवशोपि सः जिज्ञासुरपि योगस्य शब्दब्रह्मातिवर्तते	सः अवशः अपि तेन पूर्वाभ्यासेन एव ह्रियते। योगस्य जिज्ञासुः अपि शब्दब्रह्म अतिवर्तते हि।	அவன் தன் முயற்சியை செய்யாவிட்டாலும் கூட, அந்த முற்பிறப்பின் பயிற்சியினாலேயே ஈர்க்கப்படுகிறான். யோகத்தை அறிய விரும்புபவன்கூட, வேதம் சொல்லும் கர்மபலனை சந்தேகமின்றி கடந்து செல்கிறான்.
bhagavadgita_anvaya_L274	प्रयत्नाद्यतमानस्तु योगी संशुद्धकिल्बिषः अनेकजन्मसंसिद्धस्ततो याति पराङ्गतिम्	संशुद्धकिल्बिषः प्रयत्नात् यतमानः योगी तु अनेकजन्मसंसिद्धः ततः परां गतिं याति।	பாவங்களிலிருந்து பரிசுகதப்பட்டவனாய் முயற்சியுடன் பயிற்சி செய்யும் யோகியோ பல பிறவிகளில் சாதித்து (முதிர்ச்சி அடைந்து) அதன் பிறகு உயர்ந்த நிலையை அடைகிறான்.
bhagavadgita_anvaya_L275	तपस्विभ्योधिको योगी ज्ञानिभ्योपि मतोधिकः कर्मिभ्यश्चाधिको योगी तस्माद्योगी भवाअर्जुन	योगी तपस्विभ्यः अधिकः मतः। ज्ञानिभ्यः अपि अधिकः। कर्मिभ्यः च अधिकः। अर्जुन! तस्मात् योगी भव।	யோகியானவன் தவம் செய்வோர்களைக் காட்டினும் மேலானவன் (என்று) கருதப்படுகிறான். ஞானமுள்ளவர்களைக் காட்டினும் மேலானவன். மற்றும் கடமையைச் செய்பவர்களைக் காட்டினும் மேலானவன். அர்ஜுனா! யோகி ஆவாயாக.
bhagavadgita_anvaya_L276	योगिनामपि सर्वेषाम्मद्गतेनान्तरात्मना श्रद्धावान्भजते यो मां स मे युक्ततमो मतः	सर्वेषां योगिनाम् अपि यः श्रद्धावान् मद्गतेन अन्तरात्मना मां भजते सः मे यक्ततमः मतः।	அனைத்து யோகிகளிலும் எவன் நம்பிக்கையுடன் என்னை , உள்ளத்தால் என்னை வழிபாடுசெய்கிறானோ, அவன் எனக்கு (என்னால்) மிகவும் சிறந்தவனாகக் கருதப்படுகிறான்.
bhagavadgita_anvaya_L277	श्रीभगवानुवाच मय्यासक्तमनाः पार्थ योगं युञ्जन्मदाश्रयः असंशयं समग्रं मां यथा ज्ञास्यसि तच्छृणु	पार्थ! मयि आसक्तमनाः योगं युञ्जन् मदाश्रयः असंशयं समग्रं मां यथा ज्ञास्यसि तत् श्रुणु।	ஸ்ரீ பகவான் சொன்னார்: பார்த்தா! என்னுடன் இசைந்த மனத்துடன் யோகம் பின்பற்றும்போது என்னையே மேலான கதியாகக் கொண்டு எந்தவித சந்தேகமுமின்றி என்னை எவ்வாறு நீ அறிந்து கொள்வாயோ (அவ்வாறு சொல்கிறேன்)அதை கேள்.
bhagavadgita_anvaya_L278	ज्ञानं तेहं सविज्ञानमिदं वक्ष्याम्यशेषतः यज्ज्ञात्वा नेह भूयोन्यज्ज्ञातव्यमवशिष्यते	अहम् इदं सविज्ञानं ज्ञानं ते अशेषतः वक्ष्यामि यत् ज्ञात्वा अन्यत् ज्ञातव्यं भूयः इह न अवशिष्यते।	நான் இந்த விஞ்ஞானத்துடன் கூடிய ஞானத்தை உனக்கு முழுமையாக சொல்கிறேன், எதை அறிந்து கொண்ட பின், மேலும் வேறொன்றும் அறியவேண்டியது இங்கு மீதம் இருக்காதோ!
bhagavadgita_anvaya_L279	मनुष्याणां सहस्रेषु कश्चिद्यतति सिद्धये यततामपि सिद्धानां कश्चिन्मां वेत्ति तत्त्वतः	मनुष्याणां सहस्रेषु कश्चित् सिद्धये यतति। यततामपि सिद्धानां कश्चित् मां तत्वतः वेत्ति।	ஆயிரக்கணக்கான மனிதர்களில் யாரோ ஒருவன் சித்தி பெறுவதற்காக முயல்கிறான். முயற்சிக்கும் சித்தி அடைந்தவர்களில் கூட யாரோ ஒருவன்தான் என்னை உள்ளபடி அறிகிறான்.
bhagavadgita_anvaya_L280	भूमिरापोनलोवायुः खं मनो बुद्धिरेव च अहङ्कार इतीयं मे भिन्ना प्रकृतिरष्टधा	भूमिः आपः अनलः वायुः खं मनः बुद्धिः अहंकारः च एव इति इयं मे प्रकृतिः अष्टधा भिन्ना।	நிலம், நீர் , நெருப்பு, காற்று,ஆகாயம்,மனம், புத்தி மற்றும் அகங்காரம், இவ்வாறு இந்த எனது ப்ரக்ருதி எட்டு வகையாக பிரிக்கப்பட்டுள்ளது
bhagavadgita_anvaya_L281	अपरेयमितस्त्वन्यां प्रकृतिं विद्धि मे पराम् जीवभूतां महाबाहो ययेदं धार्यते जगत्	हे महाबाहो! इयम् अपरा। इतः मे जीवभूताम् अन्यां परां प्रकृतिं विद्धि। यया इदं जगत् धार्यते।	ஓ மிகுந்த தோள்வலிமை உள்ளவனே! இது கீழான ப்ரக்ருதி. இதற்கு வேறுபட்ட ஜீவ வடிவான, எதனால் இந்த உலகு தாங்கப்படுகிறதோ அது எனது உயர்ந்த ப்ரக்ருதி என்று அறிந்து கொள்ள வேண்டும்.
bhagavadgita_anvaya_L282	एतद्योनीनि भूतानि सर्वाणीत्युपधारय अहं कृत्स्नस्य जगतः प्रभवः प्रलयस्तथा	सर्वाणि भूतानि एतद्योनीनि इति उपधारय। अहं कृत्स्नस्य जगतः प्रभवः तथा प्रलयः।	எல்லா உயிரினங்களின் உற்பத்திஸ்தலங்களும் இது (இந்த இரண்டு ப்ரக்ருதிகள்) என்று தெரிந்து கொள் . நான் உலகமனைத்தின் தோற்றத்திற்கும் காரணம் அவ்வாறே மறைவிற்கும்.
bhagavadgita_anvaya_L283	मत्तः परतरं नान्यत्किञ्चिदस्ति धनञ्जय मयि सर्वमिदं प्रोतं सूत्रे मणिगणा इव	हे धनञ्जय! मत्तः अन्यत् किञ्चित् परतरं नास्ति। इदं सर्वं सूत्रे मणिगणाः इव मयि प्रोतम्।	ஓ தனஞ்சயா! என்னைக் காட்டிலும் வேறு ஒன்றும் மேலானது இல்லை. இவையாவும் நூலில் மணிகளைப் போல என்னிடத்து கோக்கப்பட்டிருக்கின்றன.
bhagavadgita_anvaya_L284	रसोहमप्सु कौन्तेय प्रभास्मि शशिसूर्ययोः प्रणवः सर्ववेदेषु शब्दः खे पौरुषन्नृषु	हे कौन्तेय! अहम् अप्सु रसः शशिसूर्ययोः प्रभा सर्ववेदेषु प्रणवः खे शब्दः नृषु पौरुषम् अस्मि।	ஓ குந்தியின் மகனே! நான் நீரில் சுவையாகவும், சந்திரன்,சூரியன் இவர்களில் ஒளியாகவும், எல்லா வேதங்களிலும் ஓம்காரமாகவும் ஆகாசத்தில் ஒலியாகவும் ஆண்களிடத்தில் ஆண்மையாகவும் இருக்கிறேன்.
bhagavadgita_anvaya_L285	पुण्यो गन्धः पृथिव्यञ्च तेजश्चास्मि विभावसौ जीवनं सर्वभूतेषु तपश्चास्मि तपस्विषु	पृथिव्यां च पुण्यः गन्धः विभावसौ तेजः च अस्मि। सर्वभूतेषु जीवनं तपस्विषु तपः च अस्मि।	மற்றும் மண்ணில் புண்யமான நறுமணமாகவும் மற்றும் நெருப்பில் ஒளியாகவும் இருக்கிறேன். எல்லா உயிரினங்களிலும் உயிராகவும், தவம் செய்வோர்களிடத்தில் தவமாகவும் இருக்கிறேன்.
bhagavadgita_anvaya_L286	बीजं मां सर्वभूतानां विद्धि पार्थ सनातनम् बुद्धिर्बुद्धिमतामस्मि तेजस्तेजस्विनामहम्	हे पार्थ सर्वभूतानां सनातनं बीजं मां विद्धि। बुद्धिमतां बुद्धिः तेजस्विनां तेजः अहम् अस्मि।	ஓ பார்த்தா! எல்லா உயிரினங்களுக்கும், நிலையான விதை (என்று) என்னை அறிந்துகொள். அறிவாளிகளுடைய அறிவாகவும், தேஜஸ்விகளுடைய தேஸாகவும் நான் இருக்கிறேன்.
bhagavadgita_anvaya_L287	बलं बलवतां चाहं कामरागविवर्जितम् धर्मावीरुद्धो भूतेषु कामोस्मि भरतर्षभ	हे भरतर्षभ! अहं बलवतां कामरागविवर्जितं बलं भूतेषु धर्माविरुद्धः कामः च अस्मि।	ஓ பாரதகுலசெம்மலே! நான் வலிமைமிக்கவர்களுடைய ஆசையும், பற்றும் நீக்கப்பெற்ற வலிமையாக மற்றும் உயிரினங்களில் அறத்திற்கு மாறுபடாத காமமாக இருக்கிறேன்.
bhagavadgita_anvaya_L288	ये चैव सात्त्विका भावा राजसास्तामसाश्च ये मत्त एवेति तान्विद्धि न त्वहं तेषु ते मयि	ये च एव सात्विकाः भावाः ये राजसाः तामसाः च तान् मत्त एव इति विद्धि। अहं तु तेषु न ते मयि।	மேலும்கூட எந்த சாத்விகமான, எவை ராஜசமான, தாமஸமான உணர்வுகள் , அவை என்னிடமிருந்து தோன்றியவை என்று அறிந்து கொள். ஆனால் நான் அவைகளில் இல்லை, அவை யாவும் என்னிடம் இருக்கின்றன.
bhagavadgita_anvaya_L289	त्रिभिर्गुणमयैर्भावैरेभिः सर्वमिदं जगत् मोहितं नाभिजानाति मामेभ्यः परमव्ययम्	गुणमयैः त्रीभिः एभिः भावैः इदं सर्वं जगत् मोहितम्। एभ्यः परम् अव्ययं मां न अभिजानाति।	குணங்களின் விளைவுகளான இந்த மூன்று உணர்வுகளால் இந்த அகில உலகமும் மயக்கம் அடைந்துள்ளது. இவற்றிற்கு மேற்பட்டவனும், அழிவற்றவனுமான, என்னை அறிவதில்லை.
bhagavadgita_anvaya_L290	दैवी हि एषा गुणमयी मम माया दुरत्यया मामेव ये प्रपद्यन्ते मायामेतां तरन्ति ते	दैवी गुणमयी एषा मम माया दुरत्यया। ये माम् एव प्रपद्यन्ते ते एतां मायां तरन्ति।	தெய்விகமான முக்குணமயமான இந்த என்னுடைய மாயை கடப்பதற்கு அரிதானது. எவர்கள் என்னையே சரணடைகின்றனரோ, அவர்கள் இந்த மாயையை கடந்து விடுகிறார்கள்.
bhagavadgita_anvaya_L291	न मां दुष्कृतिनो मूढाः प्रपद्यन्ते नराधमाः माययापहृतज्ञाना आसुरं भावमाश्रिताः	मायया अपहृतज्ञानाः आसुरं भावम् आश्रिताः दुष्कृतिनः मूढाः नराधमाः मां न प्रपद्यन्ते।	மாயையினால் ஞானம் அபகரிக்கப்பட்டவர்கள், அசுரத்தன்மையை அடைந்தவர்கள், இழிவான செயல்களை புரிகின்றவர்கள், மூடர்கள், மனிதர்களில் தாழ்ந்தவர்கள் என்னை சரணடைவதில்லை.
bhagavadgita_anvaya_L292	चतुर्विधा भजन्ते मां जनाः सुकृतिनोर्जुन आर्तो जिज्ञासुरर्थार्थी ज्ञानी च भरतर्षभ	हे भरतर्षभ अर्जुन! आर्तः जिज्ञासुः अर्थार्थी ज्ञानी च (इति) चतुर्विधाः सुकृतिनः जनाः मां भजन्ते।	ஓ பாரதகுலசெம்மலே அர்ஜுனா ! துன்பமடைந்தவன், எனது பேருண்மையை அறிய ஆவலுடையவன், உலகியல் பொருட்களை பெறவேண்டி வழிபடுபவன் மற்றும் மெய்ஞ்ஞானம் பெற்றவன் (இவ்வாறு) நான்கு விதமான நற்செயல்கள் செய்கின்றவர்களான மனிதர்கள் என்னை வழிபடுகிறார்கள்.
bhagavadgita_anvaya_L293	तेषां ज्ञानी नित्ययुक्त एकभक्तिर्विशिष्यते प्रियो हि ज्ञानिनोत्यर्थमहं स च मम प्रियः	तेषां नित्ययुक्तः एकभक्तिः ज्ञानी विशिष्यते। अहं हि ज्ञानिनः अत्यर्थ प्रियः। सः च मम प्रियः।	அவர்களுள், எப்பொழுதும் என்னிடமே ஒன்றிவிட்ட வேறொன்றைச் சாராமல் பக்தி செய்கின்ற ஞானி மிகவும் சிறந்தவன். ஏனெனில் நான், ஞானிக்கு மிகவும் பிரியமானவன். அவனும் எனக்கு பிரியமானவன்.
bhagavadgita_anvaya_L294	उदाराः सर्व एवैते ज्ञानी त्वात्मैव मे मतम् आस्थितः स हि युक्तात्मा मामेवानुत्तमाङ्गतिम्	एते सर्वे उदाराः एव। ज्ञानी तु आत्मा एव (इति) मतम्। सः हि युक्तात्मा अनुत्तमां गतिं माम् एव आस्थितः।	இவர்கள் எல்லோருமே சிறந்தவர்கள்தாம். ஆனால் ஞானி என் ஆத்ம சொரூபமே (என்பது ) கருத்து. ஏனென்றால் யோகத்தில் நிலைத்திருப்பவனாகிய அவன் மிக உத்தமமான கதியான என்னையே நிலைபெற்று நிற்கிறான்.
bhagavadgita_anvaya_L295	बहूनां जन्मनामन्ते ज्ञानवान् मां प्रपद्यते वासुदेवः सर्वमिति स महात्मा सुदुर्लभः	बहूनां जन्मनाम् अन्ते वासुदेवः सर्वम् इति (यः) ज्ञानवान् मां प्रपद्यते सः महात्मा सुदुर्लभः।	பல பிறவிகளுக்கு முடிவில் ,வாசுதேவனே அனைத்தும் என்று (எந்த ) தத்வஞானம் அடைந்த மனிதன் என்னை புகளாகக் கொள்கிறானோ, அவன் மஹாத்மா, மிக மிக அரிதானவன்
bhagavadgita_anvaya_L296	कामैस्तैस्तैर्हृतज्ञानाः प्रपद्यन्तेन्यदेवताः तं तं नियममास्थाय प्रकृत्या नियताः स्वया	तैः तैः कामैः हृतज्ञानाः स्वया प्रकृत्या नियताः तं तं नियमम् आस्थाय अन्यदेवताः प्रपद्यन्ते।	அந்தந்த ஆசையினால் ஞானம் அபகரிக்கப்பட்டவர்கள், தம்முடைய இயல்பினால் தூண்டப்பட்டு அந்தந்த நியமங்களை கைக்கொண்டு மற்ற தேவதைகளை சரணடைகிறார்கள்.
bhagavadgita_anvaya_L297	यो यो यां यां तनुं भक्तः श्रद्धयार्चितुमिच्छति तस्य तस्याचलां श्रद्धां तामेव विदधाम्यहम्	यः यः भक्तः यां यां तनुं श्रद्धया अर्चितुम् इच्छति तस्य तस्य ताम् एव अचलां श्रद्धाम् अहं विदधामि।	எந்தெந்த பக்தன் எந்தெந்த தேவதையின் சொரூபத்தை ச்ரத்தையுடன் பூஜிக்க விரும்புகிறானோ அந்தந்த பக்தனுக்கு அந்த தேவதையிடமே ஸ்திரமான ச்ரத்தையை நான் செய்கிறேன்.
bhagavadgita_anvaya_L298	स तया श्रद्धया युक्तस्तस्या राधनमीहते लभते च ततः कामान् मयैव विहितान्हि तान्	सः तया श्रद्धया युक्तः तस्याः राधनम् ईहते। ततः च मया एव विहितान् तान् कामान् हि लभते।	அவன் அந்த ச்ரத்தையுடன் கூடியவனாக அந்த தேவதையினுடைய பூஜையை செய்கிறான்.மற்றும் அந்த தேவதையிடமிருந்து என்னாலேயே நிர்ணயம் செய்யப்பட்டுள்ள அந்த விரும்பிய போகங்களை சந்தேகமின்றி அடைகிறான்.
bhagavadgita_anvaya_L299	अन्तवत्तु फलं तेषां तद्भवत्यल्पमेधसाम् देवान्देवयजो यान्ति मद्भक्ता यान्ति मामपि	अल्पमेधसां तेषां तत् फलं तु अन्तवत् भवति। देवयजः देवान् यान्ति। मद्भक्ताः अपि मां यान्ति।	ஆனால் சிற்றறிவு படைத்தவர்களாகிய அவர்களுடைய அந்த பலன் முடிவுடையதாகிறது. தேவதைகளை பூஜிப்பவர்கள் (அந்த) தேவதைகளை அடைகிறார்கள். என்னுடைய பக்தர்கள் என்னையே அடைகிறார்கள்
bhagavadgita_anvaya_L300	अव्यक्तं व्यक्तिमापन्नं मन्यन्ते मामबुद्धयः परम्भावमजानन्तो ममाव्ययमनुत्तमम्	अबुद्धयः मम अनुत्तमं परम् अव्ययं भावम् अजानन्तः अव्यक्तं मां व्यक्तिम् आपन्नं मन्यन्ते।	அறிவற்றவர்கள் என்னுடைய இணையற்றதும் மேலானதுமான, அழிவற்றதும் தன்மையை அறிந்து கொள்ளாமல் மனம், புலன்கள் இவற்றிற்கு அப்பாற்பட்டவனான என்னை கண்களால் காணக்கூடிய தோற்றத்தை (மனிதனைப் போல)அடைந்தவன் என்று எண்ணுகிறார்கள்
bhagavadgita_anvaya_L301	नाहं प्रकाशः सर्वस्य योगमायासमावृतः मूढोयं नाभिजानाति लोको मामजमव्ययम्	योगमायासमावृतः अहं सर्वस्य न प्रकाशः। मूढः अयं लोकः अव्ययम् अजं मां न अभिजानाति।	யோகமாயையால் மறைக்கப்பட்டுள்ள நான், எல்லோருக்கும் புலப்படுவதில்லை. அறிவற்ற இந்த உலகம், அழிவில்லாத, பிறப்பில்லாத என்னை அறிவதில்லை.
bhagavadgita_anvaya_L302	वेदाहं समतीतानि वर्तमानानि चार्जुन भविष्याणि च भूतानि मां तु वेद न कश्चन	हे अर्जुन! अहं समतीतानि वर्तमानानि च भविष्याणि च भूतानि वेद। मां तु कश्चन न वेद।	ஓ அர்ஜுனா! நான் முன்பே உயிர் வாழ்ந்து காலமாகிவிட்டவையும் மற்றும் இப்பொழுது இருக்கின்றவையும் மற்றும் இனித்தொன்றப்போகின்றவையுமான எல்லா உயிரினங்களையும் அறிவேன். ஆனால் என்னை எவரும் அறிவதில்லை
bhagavadgita_anvaya_L303	इच्छाद्वेषसमुत्थेन द्वन्द्वमोहेन भारत सर्वभूतानि सम्मोहं सर्गे यान्ति परन्तप	हे भारत परन्तप! सर्गे सर्वभूतानि इच्चाद्वेषसमुत्थेन द्वन्द्वमोहेन सम्मोहं यान्ति।	ஓ பாரதகுலத்தோன்றலே பகைவரை வெல்லுபவனே! படைப்பில் எல்லா உயிரினங்களும் விருப்பு வெறுப்புகளால் உண்டான இருமையின் மயக்கத்தினால் மிகுந்த மோகத்தை அடைகின்றன.
bhagavadgita_anvaya_L304	येषां त्वन्तगतम्पापं जनानाम्पुण्यकर्मणाम् ते द्वन्द्वमोहनिर्मुक्ता भजन्ते मां दृढव्रताः	येषां तु पुण्यकर्मणां जनानां पापम् अन्तगतं ते द्वन्द्वमोहनिर्मुक्ताः दृढव्रताः मां भजन्ते।	ஆனால் புண்ணிய கருமங்களுடைய எந்த மனிதர்களின் பாவம் முடிவடைகிறதோ , அவர்கள் இருமையின் மயக்கத்திலிருந்து விடுபட்டு உறுதியான நிச்சத்துடன் கூடியவர்களாய் என்னை பூஜிக்கிறார்கள்.
bhagavadgita_anvaya_L305	जरामरणमोक्षाय मामाश्रित्य यतन्ति ये ते ब्रह्म तद्विदुः कृत्स्नमध्यात्मं कर्म चाखिलम्	ये माम् आश्रित्य जरामरणमोक्षाय यतन्ति ते तत् ब्रह्म कृत्स्नम् अध्यात्मम् अखिलं च कर्म विदुः।	எவர்கள் என்னை சரணமடைந்து மூப்பு, மரணம் இவற்றிலிருந்து விடுபடுவதற்காக முயல்கிறார்களோ, அவர்கள் அந்த பிரம்மத்தை, அத்யாத்மம் முழுவதையும் அவ்வாறே கருமம் அனைத்தையும் அறிந்து கொள்கின்றனர்.
bhagavadgita_anvaya_L306	साधिभूताधिदैवम्मां साधियज्ञञ्च ये विदुः प्रयाणकालेपि च मां ते विदुर्युक्तचेतसः	ये साधिभूताधिदैवं साधियज्ञं च मां विदुः ते युक्तचेतसः प्रयाणकाले अपि च मां विदुः।	எவர்கள் அதிபூதம் அதிதைவம் இவற்றோடு கூடியவனாகவும் மற்றும் அதியக்ஞத்துடன் கூடியவனாகவும் என்னை அறிகிறார்கள் அவர்கள் அத்தகைய ஒன்றிய மனதோடு கூடிய மரணத்தறுவாயிலும்கூட என்னையே அறிகிறார்கள்.
bhagavadgita_anvaya_L307	अर्जुन उवाच किं तद्ब्रह्म किमध्यात्मं किं कर्म पुरुषोत्तम अधिभूतञ्च किम्प्रोक्तमधिदैवं किमुच्यते अधियज्ञः कथङ्कोत्र देहेस्मिन्मधुसूदन प्रयाणकाले च कथञ्ज्ञेयोसि नियतात्मभिः	पुरुषोत्तम! किं तद् ब्रह्म? किं अध्यात्मम्? किं कर्म? किं अधिभूतं च प्रोक्तम्? अधिदैवं किम् उच्यते? मधुसूदन! अत्र अस्मिन् देहे अधियज्ञः कः? कथम्? नियतात्मभिः प्रयाणकाले कथं च ज्ञेयः असि?	புருஷோத்தமா! அந்த பிரம்மம் (என்பது) என்ன? அத்யாத்மம் (என்பது) என்ன? கர்மம் (என்பது) என்ன? அதிபூதம் என்று எதை அழைக்கப்படுகிறது? அதிதைவம் (என்று) எது சொல்லப்படுகிறது? மதுசூதனா! இங்கு இந்த தேகத்தில் அதியக்ஞன் என்பவர் யார்? எப்படி ? மேலும் ஒன்றிய மனதோடு கூடியவர்களால் மரணத்தருவாயில் எப்படி (நீங்கள்) அறியப்படுகிறீர்கள்?
bhagavadgita_anvaya_L308	श्रीभगवानुवाच अक्षरम्ब्रह्म परमं स्वभावोध्यात्मम्ग् उच्यते भूतभावोद्भवकरो विसर्गः कर्मसञ्ज्ञितः	परमम् अक्षरं ब्रह्म स्वभावः अध्यात्मम् उच्यते। भूतभावोद्भवकरः विसर्गः कर्मसंज्ञितः।	மிக உயர்ந்த, அழிவற்ற, பிரம்மத்தின் இயல்பை அத்யாத்மம் (என்று) அழைக்கப்படுகிறது .உயிர்களை உண்டுபண்ணி, நிலைத்திருக்கும்படியான படைப்பு கர்மம் எனப்படுகிறது.
bhagavadgita_anvaya_L309	अधिभूतं क्षरो भावः पुरुषश्चाधिदैवतम् अधियज्ञोहमेवात्र देहे देहभृतां वर	क्षरः भावः अधिभूतम् पुरुषः च अधिदैवतम्। देहभृतां वर! अत्र देहे अहम् एव अधियज्ञः।	அழியக்கூடிய இயல்பு 'அதிபூதம்' மற்றும் புருஷன் 'அதிதைவம்' எனக்கூறப்படுகிறார். உடல் எடுத்தவர்களுள் உயர்ந்தவனே (அர்ஜுனா )! இந்த உடலில் நானே 'அதியக்ஞ' மாக(யாகத்தின் கடவுளாக) இருக்கிறேன்.
bhagavadgita_anvaya_L310	अन्तकाले च मामेव स्मरन् मुक्त्वा कलेवरम् यः प्रयाति स मद्भावं याति नास्त्यत्र संशयः	यः अन्तकाले च माम् एव स्मरन् कलेवरं मुक्त्वा प्रयाति सः पुरुषः मद्भावं याति। अत्र न संशयः।	எந்த மனிதன் மரணகாலத்திலும், என்னையே நினைத்துக் கொண்டு, உடலை விட்டுவிட்டு கிளம்புகிறானோ, அந்த மனிதன் என் சொரூபத்தை அடைகிறான். இதில் சந்தேகமில்லை.
bhagavadgita_anvaya_L311	यं यं वापि स्मरन्भावन्त्यजत्यन्ते कलेवरम् तं तमेवैति कौन्तेय सदा तद्भावभावितः	कौन्तेय! अन्ते यं यं वापि भावं स्मरन् कलेवरं त्यजति (सः) सदा तद्भावभावितः तं तम् एव एति।	குந்தியின் மகனே! கடைசி காலத்தில் எந்தெந்த சொரூபத்தை சிந்தித்தவண்ணமாய் உடலை துறக்கிறானோ,(அவன்) எப்பொழுதும் அதே சிந்தனையில் இருக்கிறான்,அதை அதையே (சொரூபத்தையே) அடைகிறான்.
bhagavadgita_anvaya_L312	तस्मात्सर्वेषु कालेषु मामनुस्मर युध्य च मय्यर्पितमनोबुद्धिर्मामेवैष्यस्यसम्शयः	तस्मात् सर्वेषु कालेषु माम् अनुस्मर युध्य च। मयि अर्पितमनोबुद्धिः माम् एव एष्यसि। असंशयः।	ஆகையினால் எல்லா காலங்களிலும், என்னை நினைத்துக்கொண்டிரு போரும் செய்வாயாக. மனம், புத்தியை என்னிடத்தில் அர்ப்பணம் செய்வதால் என்னையே அடைவாய். சந்தேகமில்லை.
bhagavadgita_anvaya_L313	अभ्यासयोगयुक्तेन चेतसा नान्यगामिना परमम्पुरुषं दिव्यं याति पार्थानुचिन्तयन्	पार्थ! अभ्यासयोगयुक्तेन नान्यगामिना चेतसा अनुचिन्तयन् दिव्यं परमं पुरूषं याति।	பார்த்தா! யோகப் பயிற்சியில் ஈடுபட்டு, வேறு விஷயங்களில் செல்லாத, மனதினால் தொடர்ந்து சிந்தித்து தெய்வீகமான, பரமபுருஷனை அடைகிறான்.
bhagavadgita_anvaya_L314	कविम्पुराणमनुशासितारम् अणोरणीयांसमनुस्मरेद्यः सर्वस्य धातारमचिन्त्यरूपम् आदित्यवर्णन्तमसः परस्तात्	यः कविं पुराणम् अनुशासितारम् अणोः अणीयांसं सर्वस्य धातारम् अचिन्त्यरुपम् आदित्यवर्णं तमसः परस्तात् अनुस्मरेत्।	யார், எல்லாம் அறிந்தவனை, நிரந்தரமானவனை, எல்லாவற்றையும் ஆளுபவனை, நுண்ணியதைக் காட்டிலும், மிகவும் நுண்ணியமானவனை, எல்லாவற்றையும் தாங்குபவனை, சிந்தனைக்கு எட்டாத வடிவுடையோனை, கதிரவனைப் போன்று ஒளிர்பவனை, இருளுக்கு அப்பாற்பட்டவனை, நினைக்கிறானோ -
bhagavadgita_anvaya_L315	प्रयाणकाले मनसाचलेन भक्त्या युक्तो योगबलेन चैव भ्रुवोर्मध्ये प्राणमावेश्य सम्यक् स तम्परम्पुरुषमुपैति दिव्यम्	सः भक्त्या युक्तः प्रयाणकाले योगबलेन च एव भृवोः मध्ये प्राणं सम्यक् आवेश्य अचलेन मनसा (स्मरन्) दिव्यं परं तं पुरुषम् उपैति।	அவன் இறக்கும் தருவாயில் பக்தியோடும் மற்றும் யோகத்தின் வலிமையோடு புருவங்களின் மத்தியில் பிராணனை நன்றாக நிலைநிறுத்தி அசையாத மனத்தோடு (நினைத்துக்கொண்டு ) திவ்யரூபத்தோடு கூடிய மேலான அந்த புருஷனை அடைகிறான்.
bhagavadgita_anvaya_L316	यदक्षरं वेदविदो वदन्ति विशन्ति यद्यतयो वीतरागाः यदिच्छन्तो ब्रह्मचर्यञ्चरन्ति तत्ते पदं सङ्ग्रहेण प्रवक्ष्ये	वेदविदः यत् अक्षरं वदन्ति वीतरागाः यतयः यत् विशन्ति यत् इच्छन्तः ब्रह्मचर्यं चरन्ति तत् पदं ते सङ्ग्रहेण प्रवक्ष्ये।	வேதமறிந்த வித்துவான்கள் எதை அழிவில்லாதது (என்று) கூறுகிறார்களோ, பற்று நீங்கிய சந்யாசிகள் எதில் புகுகிறார்களோ, எதை விரும்பி பிரம்மச்சர்ய நெறியை கடைப்பிடிக்கிறார்களோ, அந்த பரமபதத்தை உனக்கு சுருக்கமாக கூறப்போகிறேன்
bhagavadgita_anvaya_L317	सर्वद्वाराणि संयम्य मनो हृदि निरुध्य च मूर्ध्न्याधायात्मनः प्राणमास्थिटो योगधारनाम् ओमित्येकाक्षरम्ब्रह्म व्याहरन्मामनुस्मरन् यः प्रयाति त्यजन्देहं स याति परमाङ्गतिम्	सर्वद्वाराणि संयम्य मनः हृदि निरुध्य च आत्मनः प्राणं मूर्ध्नि आधाय योगधारणाम् आस्थितः ओम् इति एकाक्षरं ब्रह्म व्याहरन् माम् अनुस्मरन् यः देहं त्यजन् प्रयाति सः परमां गतिं याति।	புலன்களின் எல்லா வாயில்களையும், கட்டுப்படுத்தி மற்றும் மனதை இதயத்தில் நிலைநிறுத்தி பிராணனை உச்சந்தலையில் வைத்து யோக தாரணையில் நிலைத்து நின்று 'ஓம்' என்னும் ஒரே எழுத்தான பிரம்மத்தை உச்சரித்து என்னை சிந்தித்துக் கொண்டு யார் இவ்வுடலை விட்டுவிட்டு செல்கிறானோ, அவன் உயர்ந்த கதியை அடைகிறான்.
bhagavadgita_anvaya_L318	अनन्यचेताः सततं यो मां स्मरति नित्यशः तस्याहं सुलभः पार्थ नित्ययुक्तस्य योगिनः	पार्थ! यः अनन्यचेताः नित्यशः सततं मां स्मरति तस्य नित्ययुक्तस्य योगिनः अहं सुलभः।	பார்த்தா! எவன் வேறு சிந்தனையற்று எப்பொழுதும் இடைவிடாமல் என்னை நினைக்கிறானோ, அந்த ஒருநிலைப்பட்ட யோகிக்கு நான் எளிதில் அடையக்கூடியவன்.
bhagavadgita_anvaya_L319	मामुपेत्य पुनर्जन्म दुःखालयमशाश्वतम् नाप्नुवन्ति महात्मानः संसिद्धिम्परमाङ्गताः	परमां संसिद्धिं गताः महात्मानः माम् उपेत्य अशाश्वतं दुःखालयं पुनर्जन्म न आप्नुवन्ति।	மிக உயர்ந்த, சித்தியை அடைந்த மகான்கள், என்னை அடைந்துவிட்ட பிறகு, நிலையற்ற துக்கங்களுக்கு உறைவிடமான மறுபிறவியை அடைவதில்லை.
bhagavadgita_anvaya_L320	आब्रह्मभुवनाल्लोकाः पुनरावर्तिनोर्जुन मामुपेत्य तु कौन्तेय पुनर्जन्म न विद्यते	अर्जुन! आब्रह्मभुवनात् लोकाः पुनरावर्तिनः। कौन्तेय! माम् उपेत्य तु पुनर्जन्म न विद्यते।	அர்ஜுனா! பிரம்மலோகம்வரை எல்லா உலகங்களுக்கும் அழிந்து உண்டாகும் தன்மை உடையன. குந்தியின் மகனே!ஆனால் என்னை அடைந்துவிட்ட பிரகு மறுபிறவி கிடையாது.
bhagavadgita_anvaya_L321	सहस्रयुगपर्यन्तमहर्यद्ब्रह्मणो विदुः रात्रिं युगसहस्रान्तान्तेहोरात्रविदो जनाः	ब्रह्मणः यत् अहः सहस्रयुगपर्यन्तं ये विदुः ते अहोरात्रविदः जनाः रात्रिं युगसहस्रान्तां विदुः।	பிரம்மாவின், எந்த ஒரு பகல் ஆயிரம் யுகங்கள் வரை நீடிக்கும் என்பதை எவர் அறிகிறார்களோ, அந்த பகலிரவு என்ற காலத்தின் தத்துவத்தை அறிந்த மனிதர்கள், இரவும் ஆயிரம் யுகங்கள் வரை நீடிக்கும் என்று அறிகிறார்கள்.
bhagavadgita_anvaya_L322	अव्यक्ताद्व्यक्तयः सर्वाः प्रभवन्त्यहरागमे रात्र्यागमे प्रलीयन्ते तत्रैवाव्यक्तसञ्ज्ञके	अहरागमे अव्यक्तात् सर्वाः व्यक्तयः प्रभवन्ति। रात्र्यागमे अव्यक्तसंज्ञके तत्र एव प्रलीयन्ते।	பகல் தொடங்கும்போது அவ்யக்தமானதிலிருந்து எல்லாவிதமான வெளிப்பாடுகளும் உண்டாகின்றன . இரவு தொடங்கும்போது அவ்யக்தமானதில் , அங்கேயே மறைகின்றன.
bhagavadgita_anvaya_L323	भूतग्रामः स एवायम्भूत्वा भूत्वा प्रलीयते रात्र्यागमेवशः पार्थ प्रभवत्यहरागमे	पार्थ! सः एव अयं भूतग्रामः अवशः भूत्वा भूत्वा रात्र्यागमे प्रलीयते। अहरागमे प्रभवति।	பார்த்தா! அதே இந்த, உயிரினங்களின் கூட்டம் தன்வசமின்றி மீண்டும் மீண்டும் பிறந்து இரவின் தொடக்கக் காலத்தில் மறைகிறது. பகலின் தொடக்கத்தில் உண்டாகிறது.
bhagavadgita_anvaya_L324	परस्तस्मात्तु भावोन्योव्यक्तोव्यक्तात्सनातनः यः स सर्वेषु भूतेषु नश्यत्सु न विनश्यति	तस्मात् अव्यक्तात् परः यः अन्यः अव्यक्तः भावः (सः) तु सनातनः। सः सर्वेषु भूतेषु नश्यत्सु न विनश्यति।	எனவே அவ்யக்தத்தைக் காட்டிலும் மிகவும் உயர்ந்த எந்த வேறான (தனித்தன்மைகொண்ட) வெளிப்படாத நிலையே (அவன்) நிரந்தரமானது. அவன் எல்லா பூதங்களும் அழிந்த போதிலும், அழிவதில்லை.
bhagavadgita_anvaya_L325	अव्यक्तोक्षर इत्युक्तस्तमाहुः परमाङ्गतिम् यं प्राप्य न निवर्तन्ते तद्धाम परमाम्मम	अव्यक्तः अक्षरः इति उक्तः तं परमां गतिम् आहुः। यं प्राप्य न निवर्तन्ते तत् मम परमं धाम।	அவ்யக்தமானது (தோன்றாநிலை), அழிவில்லாதது என்று கூறப்பட்ட, அதேயே மிக உயர்ந்த கதி (என்று) கூறுவர். எதை அடைந்த பிறகு திரும்புவதில்லையோ, அது என்னுடைய பரமபதம்.
bhagavadgita_anvaya_L326	पुरुषः सः परः पार्थ भक्त्या लभ्यस्त्वनन्यया यस्यान्तःस्थानि भूतानि येन सर्वमिदन्ततम्	पार्थ! भूतानि यस्य अन्तःस्थानि येन इदं सर्वं ततम् सः तु परः पुरुषः अनन्यया भक्त्या लभ्यः।	பார்த்தா! எல்லா உயிரினங்களும் யாருடைய அகமதில் இருக்கின்றதோ, யாரால் இந்த அகில உலகமும் பரிபூரணமாக நிறைந்து இருக்கிறதோ , அந்த பரம புருஷனோ தனித்துவமான பக்தியின் மூலம் அடையப்படுகிறார்.
bhagavadgita_anvaya_L327	यत्र काले त्वनावृत्तिमावृत्तिञ्चैव योगिनः प्रयाता यान्ति तङ्कालं वक्ष्यामि भरतर्षभ	भरतर्षभ! योगिनः यत्र काले तु प्रयाताः आवृत्तिम् अनावृत्तिं चैव यान्ति तं कालं वक्ष्यामि।	பாரத குலத்தில் சிறந்தவனே!யோகிகள் எந்த காலத்தில் உயிர் விட்டுச் சென்றால், திரும்பிவரும் நிலை மற்றும் திரும்பி வராத பெருநிலையையும் அடைகிறார்களோ அந்த காலத்தை சொல்கிறேன்.
bhagavadgita_anvaya_L328	अग्निर्ज्योतिरहः शुक्लः षण्मासा उत्तरायणम् तत्र प्रयाता गच्छन्ति ब्रह्म ब्रह्मविदो जनाः	अग्निः ज्योतिः अहः शुक्लः षण्मासाः उत्तरायणं तत्र प्रयाताः ब्रह्मविदः जनाः ब्रह्म गच्छन्ति।	தீ, ஒளி, பகல், ஸுக்லபக்ஷம்,ஆறுமாதம் உத்தராயணம் இவற்றில் உடலை விட்டுவிட்டு போகின்ற, பிரம்மஞானிகள் பிரம்மத்தை அடைகிறார்கள்.
bhagavadgita_anvaya_L329	धूमो रात्रिस्तथा कृष्णः षण्मासा दक्षिणायनम् तत्र चान्द्रमसञ्ज्योतिर्योगी प्राप्य निवेर्तते	धूमः रात्रिः कृष्णः तथा षण्मासाः दक्षिणायनं तत्र योगी चान्द्रमसं ज्योतिः प्राप्य निवर्तते।	புகை, இரவு, கிருஷ்ணபக்ஷம் அதே போல ஆறுமாதம் தக்ஷிணாயனம் இவைகளில் யோகி சந்திரனுடைய ஒளியை அடைந்து திரும்பி வருகிறார்(மறுபிறவியடைகிறான்).
bhagavadgita_anvaya_L330	शुक्लकृष्णे गती ह्येते जगतः शाश्वते मते एकया यात्यनावृत्तिमन्ययावर्तते पुनः	एते हि शुक्लकृष्णे गती जगतः शाश्वते मते। एकया अनावृत्तिं याति अन्यया पुनः आवर्तते।	ஏனென்றால் இந்த சுக்ல, கிருஷ்ண (தேவயானம்,பித்ருயானம்) வழிகள் உலகில் நிரந்தரமானவைகலென்று கருதப்படுகின்றன. ஒன்றினால், பிறவாமையை அடைகிறான் மற்றொன்றினால் திரும்பவும் பிறக்கிறான்.
bhagavadgita_anvaya_L331	नैते सृती पार्थ जानन्योगी मुह्यति कश्चन तस्मात्सर्वेषु कालेषु योगयुक्तो भवार्जुन	पार्थ! एते सृती जानन् कश्चन योगी न मुह्यति। तस्मात् अर्जुन! सर्वेषु कालेषु योगयुक्तः भव।	`பார்த்தா! இவ்விரண்டு வழிகளையும் அறிகின்ற எந்த யோகியும், மோஹமடைவதில்லை. ஆகையினால் அர்ஜுனா! எல்லா காலங்களிலும் யோகத்தில் நிலைத்தவனாக ஆகிவிடு.
bhagavadgita_anvaya_L332	वेदेषु यज्ञेषु तपःसु चैव दानेषु यत्पुण्यफलम्प्रदिष्टम् अत्येति तत्सर्वमिदं विदित्वा योगी परं स्थानमुपैति चाद्यम्	योगी एतत् सर्वं विदित्वा वेदेषु यज्ञेषु तपस्सु दानेषु च एव यत् पुण्यफलं प्रदिष्टं तत् अत्येति परम् आद्यं स्थानम् उपैति।	யோகியானவன் இதை எல்லாம் அறிந்து வேதங்களில், யாகங்களில், தவங்களில், மற்றும் தானங்களில் கூட எந்த புண்ய பலனானது சொல்லப்பட்டிருக்கிறதோ, அதை கடந்து மிக உயர்ந்த பரமபதத்தை அடைகிறான்.
bhagavadgita_anvaya_L333	श्रीभगवानुवाच इदं तु ते गुह्यतमं प्रवक्ष्याम्यनसूयवे ज्ञानं विज्ञानसहितं यज्ज्ञात्वा मोक्ष्यसेशुभात्	अनसूयवे ते इदं तु गुह्यतमं विज्ञानसहितं ज्ञानं प्रवक्ष्यामि यत् ज्ञात्वा अशुभात् मोक्ष्यसे।	பொறாமைப்படாத உனக்கே இந்த இரகசியாமான அறிவுடன் கூடிய ஞானத்தை நன்கு விளக்குகிறேன், எதை அறிந்து அசுபத்திலிருந்து விடுபடுவாயோ.
bhagavadgita_anvaya_L334	राजविद्या राजगुह्यं पवित्रमिदमुत्तमम् प्रत्यक्षावगमं धर्म्यं सुसुखं कर्तुमव्ययम्	इदं राजविद्या राजगुह्यं पवित्रम् उत्तमं प्रत्यक्षावगमं धर्म्यं कर्तुं सुसुखम् अव्ययम्।	இந்த ராஜ விதத்தை (அனைத்து வித்யைகளுக்கும் அரசு) , மறைபொருளுள் மேலானது, மிகப் புனிதமானது, மிகச்சிறந்தது, கண்கூடாக உணர்தற்குரியது, தர்மத்தோடு கூடியது, செய்தற்கு மிக எளியது, அழிவற்றது.
bhagavadgita_anvaya_L335	अश्रद्दधानाः पुरुषा धर्मस्यास्य परन्तप अप्राप्य मां निवर्तन्ते मृत्युसंसारवर्त्मनि	परन्तप! अस्य धर्मस्य अश्रद्दधानाः पुरुषाः माम् अप्राप्य मृत्युसंसारवर्त्मनि निवर्तन्ते।	எதிரிகளை வாட்டுபவனே! இந்த தர்மத்தில், நம்பிக்கையின்றி மனிதர்கள் என்னை அடையாது மரண சம்சார மார்க்கத்தில் திரும்பிவருகின்றனர் .
bhagavadgita_anvaya_L336	मया ततमिदं सर्वं जगदव्यक्तमूर्तिना मत्स्थानि सर्वभूतानि न चाहं तेष्ववस्थितः	अव्यक्तमूर्तिना च मया इदं सर्वं जगत् ततम्।सर्वभूतानि मत्स्थानि। अहं तेषु न अवस्थितः।	மற்றும் உருவமற்ற பரமாத்மாவான என்னால் இவ்வுலகம் யாவும் நிறைந்து உள்ளது. உயிரனைத்தும் என்னிடத்தில் இருக்கின்றன. நான் அவற்றில் இருக்கவில்லை.
bhagavadgita_anvaya_L337	न च मत्स्थानि भूतानि पश्य मे योगमैश्वरम् भूतभृन्न च भूतस्थो ममात्मा भूतभावनः	(वस्तुतः)भूतानि मत्स्थानि न। भूतभृत् च भूतभावनः च मम आत्मा भूतस्थः न। मे ऐश्वरं योगं पश्य।	(உண்மையில்) உயிரினங்கள் என்னுள் இருப்பவையல்ல. உயிரினங்களைப் பாதுகாப்பது மற்றும் உயிரினங்களை உண்டாக்குகின்றவனுமாக(இருந்தபோதிலும்) என்னுடைய ஆத்மா உயிரினங்களில் நிலைபெற்று இருப்பதில்லை. என்னுடைய ஈஸ்வர யோகத்தின் சிறப்பை பார்.
bhagavadgita_anvaya_L338	यथाकाशस्थितो नित्यं वायुः सर्वत्रगो महान् तथा सर्वाणि भूतानि मत्स्थानीत्युपधारय	यथा नित्यं सर्वत्रगः महान् आकाशस्थितः वायुः तथा मत्स्थानि सर्वाणि भूतानि इति उपधारय।	எப்படி எப்பொழுதும் எங்கும் செல்லுகிற பெருங்காற்று ஆகாசத்தில் நிலைத்து இருக்கிறதோ, அதைப் போல என்னிடத்திருக்கின்றன எல்லா உயிரினங்களும், என்று தெரிந்துகொள்.
bhagavadgita_anvaya_L339	सर्वभूतानि कौन्तेय प्रकृतिं यान्ति मामिकाम् कल्पक्षये पुनस्तानि कल्पादौ विसृजाम्यहम्	कौन्तेय! कल्पक्षये सर्वभूतानि मामिकां प्रकृतिं यान्ति।पुनः कल्पादौ तानि अहं विसृजामि।	குந்தியின் மகனே! கல்பங்களின் முடிவில் எல்லா உயிரினங்களும் என்னுடைய பிரகிருதியை அடைகின்றன. திரும்பவும் கல்பத்தின் ஆரம்பத்தில் அவற்றை நான் தோன்றத் செய்கிறேன்.
bhagavadgita_anvaya_L340	प्रकृतिं स्वामवष्टभ्य विसृजामि पुनः पुनः भूतग्राममिमम् कृत्स्नमवसम्प्रकृतेर्वशात्	स्वां प्रकृतिम् अवष्टभ्य प्रकृतेः वशात् अवशम् इमं कृत्स्नं भूतग्रामं पुनः पुनः विसृजामि।	என்னுடைய பிரகிருதியை ஏற்றுக் கொண்டு பிரகிருதியினுடைய வசத்திலிருக்கின்ற தன் வசமிழந்த இந்த அனைத்து உயிரினக் கூட்டத்தையும் மீண்டும் மீண்டும் படைக்கிறேன்.
bhagavadgita_anvaya_L341	न च मां तानि कर्माणि निबध्नन्ति धनञ्जय उदासीनवदासीनमसक्तं तेषु कर्मसु	धनञ्जय! तेषु कर्मसु असक्तं च उदासीनवत् आसीनं मां तानि कर्माणि न निबध्नन्ति।	தனஞ்சயா! அந்தக் கர்மங்களில் பற்றில்லாதவனும் மற்றும் ஒதுங்கியவனைப் போன்றும் இருக்கின்ற என்னை அந்தக் கர்மங்கள் பந்தப்படுத்துவதில்லை .
bhagavadgita_anvaya_L342	मयाध्यक्षेण प्रकृतिः सूयते सचराचरम् हेतुनानेन कौन्तेय जगद्विपरिवर्तते	कौन्तेय! अध्यक्षेण मया प्रकृतिः सचराचरं सूयते। अनेन हेतुना जगत् विपरिवर्तते।	குந்தியின் மகனே! (என் )கண்காணிப்பில் என்னுடைய பிரகிருதி, அசைவன, அசையாதன இவற்றை ( சராசரங்களை) உருவாக்குகிறது. இந்த காரணத்தினால் உலகம் சுழல்கிறது.
bhagavadgita_anvaya_L343	अवजानन्ति मां मूढा मानुषीं तनुमाश्रितम् परं भावमजानन्तो मम भूतमहेश्वरम्	मम परं भावम् अजानन्तः मूढाः मानुषीं तनुम् आश्रितं मां भूतमहेश्वरम् अवजानन्ति।	என்னுடைய பரம இயல்பை அறியாத மூடர்கள் மானுட உடலை எடுத்துள்ள, உயிர்களுக்கெல்லாம் தலைவனான என்னை அவமதிக்கிறார்கள்
bhagavadgita_anvaya_L344	मोघाशा मोघकर्माणो मोघज्ञाना विचेतसः राक्षसीमासुरीं चैव प्रकृतिम् मोहिनीम् श्रिताः	मोघाशाः मोघकर्माणः मोघज्ञानाः विचेतसः राक्षसीम् आसुरीं च मोहिनीं प्रकृतिम् एव श्रिताः।	வீணான ஆசையுடையவர்களும், பயனற்ற செயல்களைச் செய்பவர்களும், கோணலறிவு உடையவர்களுமான, உறுதியற்ற மனமுடையவர்கள், மாயையான அரக்க மற்றும் அசுரத் தன்மையின் , இயல்பையே சார்ந்துள்ளார்கள்.
bhagavadgita_anvaya_L345	महात्मानस्तु मां पार्थ दैवीं प्रकृतिमाश्रिताः भजन्त्यनन्यमनसो ज्ञात्वा भूतादिमव्ययम्	पार्थ! दैवीं प्रकृतिम् आश्रिताः महात्मानः तु मां भूतादिम् अव्ययम् ज्ञात्वा अनन्यमनसः भजन्ति।	ஆனால் பார்த்தா! தெய்வீக இயல்பை அடைந்தவர்களாய், மகான்கள், உயிர்களின் ஆதியும், அழியாததுமான என்னை அறிந்து, வேறு எதிலும் நாட்டமில்லாத மனதுடன் வழிபடுகிறார்கள்.
bhagavadgita_anvaya_L346	सततं कीर्तयन्तो मां यतन्तश्च दृढव्रताः नमस्यन्तश्च मां भक्त्या नित्ययुक्ता उपासते	दृढव्रताः सततं कीर्तयन्तः यतन्तः च मां नमस्यन्तः च नित्ययुक्ताः भक्त्या माम् उपासते।	உறுதியான விரதத்தோடு எப்பொழுதும் புகழ்பவராய் மற்றும் முயல்பவராயும் மற்றும் என்னை நமஸ்கரிப்பவர்களாயும், எப்பொழுதும் (என்னிடத்தில்) இணைந்திருந்து பக்தியுடன் என்னை வணங்குகிறார்கள்.
bhagavadgita_anvaya_L347	ज्ञानयज्ञेन चाप्यन्ये यजन्तो मामुपासते एकत्वेन पृथक्त्वेन बहुधा विश्वतोमुखम्	अन्ये च विश्वतोमुखं मां ज्ञानयज्ञेन एकत्वेन पृथक्त्वेन बहुधा यजन्तः अपि उपासते।	மேலும் மற்றவர்களும் விஸ்வாதோமுகமான என்னை ஞான யாகத்தின் மூலம் ஒன்றாய் வேறாய் பலவாக வழிபடுகின்றனர் கூடவே வணங்குகின்றனர்.
bhagavadgita_anvaya_L348	अहं क्रतुरहं यज्ञः स्वधाहमहमौषधम् मन्त्रोहमहमेवाज्यमहमग्निरहं हुतम्	अहं क्रतुः अस्मि। अहं यज्ञः अस्मि। अहं स्वधा अस्मि। अहम् औषधम् अस्मि। अहं मन्त्रः अस्मि। अहम् आज्यम् अस्मि। अहम् अग्निः अस्मि। अहम् एव हुतम् अस्मि।	நான் கர்மங்களின் காரியமாக இருக்கிறேன். நான் யாகமாக இருக்கிறேன். நான் ஸ்வதாவாக(பித்ருயக்ஞமான ச்ராத்தமாக) இருக்கிறேன். நான் மூலிகைகளாக இருக்கிறேன். நான் மந்திரமாக இருக்கிறேன். நான் நெய்யாக இருக்கிறேன். நான் அக்னியாக இருக்கிறேன். நானே ஹோமத்தில் அர்ப்பணிக்கப்படும் பொருளாக இருக்கிறேன்.
bhagavadgita_anvaya_L349	पिताहमस्य जगतो माता धाता पितामहः वेद्यं पवित्रमोंकार ऋक्सामयजुरेव च	अस्य जगतः पिता माता धाता पितामहः वेद्यं पवित्रम् ओङ्कारः ऋक् साम यजुः च अहम् एव।	இந்த உலகின் தாயும், தந்தையும், தாங்குபவனும், பாட்டனாரும், அறியத்தக்கவனும், புனிதமானவனும், ஓம்காரமும் ருக் வேதமும், சாம வேதமும் மற்றும் யஜுர் வேதமும் நானே தான்.
bhagavadgita_anvaya_L350	गतिर्भर्ता प्रभुः साक्षी निवासः शरणं सुहृत् प्रभवः प्रलयः स्थानं निधानं बीजमव्ययम्	(अहम् एव) गतिः भर्ता प्रभुः साक्षी निवासः शरणं सुहृत् प्रभवः प्रलयः स्थानं निधानम् अव्ययम् बीजम्।	(நானே) அடையத்தக்க பரமபதம், காத்துபோஷிப்பவன், எல்லோரையும் ஆள்பவன், சாட்சி , இருப்பிடம், புகலிடம், நண்பன், உற்பத்தியின் மூலம், அழிவின் காரணம், தங்குமிடம், பொக்கிஷம், அழிவில்லாத விதை.
bhagavadgita_anvaya_L351	तपाम्यहमहं वर्षं निगृह्णाम्युत्सृजामि च अमृतम् चैव मृत्युश्च सदसच्चाहमर्जुन	अर्जुन! अहं तपामि अहं वर्षं निगृह्णामि अहम् उत्सृजामि च। अहम् एव अमृतं च मृत्युः च सत् असत् च।	அர்ஜுனா! நான் வெப்பம் தருகிறேன் நான் மழையை தடுக்கிறேன் மற்றும் நான் பெய்விக்கிறேன். மற்றும் நானே சாகாமையும் மற்றும் சாவும் மற்றும் சத்தும் அசத்தும்.
bhagavadgita_anvaya_L352	त्रैविद्या मां सोमपाः पूतपाफाः यज्ञैरिष्ट्वा स्वर्गतिं प्रार्थयन्ते ते पुण्यमासाद्य सुरेन्द्रलोकम् अश्नन्ति दिव्यान्दिवि देवभोगान्	त्रैविद्याः सोमपाः पूतपापाः मां यज्ञैः इष्ट्वा स्वर्गतिं प्रार्थयन्ते। ते पुण्यं सुरेन्द्रलोकम् आसाद्य दिवि दिव्यान् देवभोगान् अश्नन्ति।	மூன்று வேதங்களை கடைபிடிப்பவர்கள், சோமபானம் அருந்துபவர்கள், பாபத்திலிருந்து விடுபட்டவர்கள், என்னை யாகங்களால் பூஜித்து ஸ்வர்க்கத்தை வேண்டுகின்றனர். அவர்கள் புண்ணியமான தேவேந்திர லோகத்தை அடைந்து ஸ்வர்க்கத்தில் தெய்வீகமான தேவபோகங்களை அனுபவிக்கிறார்கள்.
bhagavadgita_anvaya_L353	ते तं भुक्त्वा स्वर्गलोकं विशालम् क्षीणे पुण्ये मर्त्यलोकं विशन्ति एवं त्रैधर्म्यमनुप्रपन्नाः गतागतं कामकामा लभन्ते	ते तं विशालं स्वर्गलोकं भुक्त्वा पुण्ये क्षीणे (सति) मर्त्यलोकं विशन्ति। एवं त्रयीधर्मम् अनुप्रपन्नाः कामकामाः गतागतं लभन्ते।	அவர்கள் அந்த பறந்த ஸ்வர்க்கலோகத்தை அனுபவித்துவிட்டு புண்ணியம் தீர்ந்து போனவுடன் (எப்பொழுது) இறப்புக்குரியதான மண்ணுலகை அடைகிறார்கள். இவ்வாறு மூன்று வேத தர்மத்தை பின்பற்றும் காமப்பற்றுள்ளவர்கள் போவதையும், வருவதையும் அடைகிறார்கள்.
bhagavadgita_anvaya_L354	अनन्याश्चिन्तयन्तो मां ये जनाः पर्युपासते तेषां नित्याभियुक्तानां योगक्षेमं वहाम्यहम्	अनन्याः ये जनाः मां चिन्तयन्तः पर्युपासते नित्याभियुक्तानां तेषां योगक्षेमम् अहं वहामि।	வேறு எதிலும் நாட்டம் இல்லாது, எந்த மனிதர்கள் என்னை சிந்தித்துக்கொண்டு எங்கும் உபாசிக்கிறார்களோ, நிரந்தரமாக இணைந்திருக்கின்ற அவர்களுடைய யோகக்ஷேமத்தை நான் வழங்குகிறேன்.
bhagavadgita_anvaya_L355	येप्यन्यदेवताभक्ता यजन्ते श्रद्धयान्विताः तेपि मामेव कौन्तेय यजन्त्यविधिपूर्वकम्	कौन्तेय! ये भक्ताः अपि श्रद्धया अन्विताः अन्यदेवताः यजन्ते ते अपि अविधिपूर्वकं माम् एव यजन्ति।	குந்தியின் மகனே! எந்த பக்தர்கள், ச்ரத்தையோடு கூடியவர்களாக இருந்தபோதிலும், மற்ற தெய்வங்களை வழிபடுகிறார்களோ, அவர்களும் விதிமுறைப்படி இல்லாமல் என்னையே வழிபடுகிறார்கள்.
bhagavadgita_anvaya_L356	अहम् हि सर्वयज्ञानाम् भोक्ता च प्रभुरेव च न तु मामभिजानन्ति तत्त्वेनातश्च्यवन्ति ते	अहम् एव हि सर्वयज्ञानां भोक्ता च प्रभुः च। ते मां तत्त्वेन न तु अभिजानन्ति। अतः च्यवन्ति।	ஏனெனில் நானே எல்லா யாகங்களையும் ஏற்றுக் கொள்பவனும் மற்றும் அடக்கி ஆள்பவனும்(ஆவேன்). அவர்கள் என்னை உண்மையான நிலையில் அறிவதில்லை. ஆகையால் வீழ்ச்சி அடைகிறார்கள்.
bhagavadgita_anvaya_L357	यान्ति देवव्रता देवान्पितॄन् यान्ति पितृव्रताः भूतानि यान्ति भूतेज्या यान्ति मद्याजिनोपि माम्	देवव्रताः देवान् यान्ति। पितृव्रताः पितॄन् यान्ति। भूतेज्याः भूतानि यान्ति। मद्याजिनः अपि मां यान्ति।	தெய்வங்களை வழிபடுபவர்கள், தெய்வங்களை அடைகிறார்கள். பித்ருக்களை வழிபடுபவர்கள் பித்ருக்களை அடைகிறார்கள். பூதங்களை வழிபடுபவர்கள், பூதங்களை அடைகிறார்கள். என்னை வழிபடுபவர்கள் என்னையே அடைகிறார்கள்.
bhagavadgita_anvaya_L358	पत्रं पुष्पं फलं तोयं यो मे भक्त्या प्रयच्छति तदहं भक्त्युपहृतमश्नामि प्रयतात्मनः	यः पत्रं पुष्पं फलं तोयं मे भक्त्या प्रयच्छति प्रयतात्मनः भक्त्युपहृतं तत् अहम् अश्नामि।	எவன் ஒரு இலை, பூ , பழம், நீர் எனக்கு பக்தியுடன் அளிக்கிறானோ, தூயமனத்தானுடைய அந்த பக்தியினால் அளிக்கப்பட்டதை நான் அருந்துகிறேன்.
bhagavadgita_anvaya_L359	यत्करोषि यदश्नासि यज्जुहोषि ददासि यत् यत्तपस्यसि कौन्तेय तत्कुरुष्व मदर्पणम्	कौन्तेय! यत् करोषि यत् अश्नासि यत् जुहोषि यत् ददासि यत् तपस्यसि तत् मदर्पणं कुरुष्व।	குந்தியின் மகனே! எதைச் செய்கிறாயோ, எதை உண்கிறாயோ, எதை ஹோமம் செய்கிறாயோ, எதை கொடுக்கிறாயோ , எந்த தவம் செய்கிறாயோ, அதை எனக்கு அர்ப்பணம் செய்துவிடு.
bhagavadgita_anvaya_L360	शुभाशुभफलैरेवम् मोक्ष्यसे कर्मबन्धनैः संन्यासयोगयुक्तात्मा विमुक्तो मामुपैष्यसि	एवं शुभाशुभफलैः कर्मबन्धनैः मोक्ष्यसे। सन्न्यासयोगयुक्तात्मा विमुक्तः माम् उपैष्यसि।	இங்கணம் நல்ல மற்றும் கெட்ட பலன்களைத் தருகின்ற கர்மவினைகளின் பிணைப்புகளிலிருந்து விடுபடுவாய். சந்நியாச யோகத்தில் இணைந்த ஆத்மா விடுதலை அடைந்து என்னை அடைவாய்.
bhagavadgita_anvaya_L361	समोहं सर्वभूतेषु न मे द्वेष्योस्ति न प्रियः ये भजन्ति तु मां भक्त्या मयि ते तेषु चाप्यहम्	अहं सर्वभूतेषु समः। द्वेष्यः मे न अस्ति प्रियः न। ये तु मां भक्त्या भजन्ति ते मयि अहं तेषु च अपि।	நான் எல்லா உயிரினங்களிடமும் சமமாக இருக்கிறேன். வெறுக்கப்படுபவர் எனக்கு இல்லை விரும்பப்படுபவரும் இல்லை. ஆனால் யார் என்னை பக்தியோடு வணங்குகிறார்களோ, அவர்கள் என்னிடத்தும் நானும் அவர்களிடத்தும் இருக்கிறேன்.
bhagavadgita_anvaya_L362	अपि चेत्सुदुराचारो भजते मामनन्यभाक् साधुरेव स मन्तव्यः सम्यग्व्यवसितो हि सः	अपि चेत् सुदुराचारः अनन्यभाक् मां भजते सः साधुः एव मन्तव्यः। सः हि सम्यक् व्यवसितः।	தீய நடத்தையுடன் இருந்தாலும் கூட, வேறு ஒன்றையும் எண்ணாது என்னை வழிபடுவானேயானால், அவன் சாது என்றே கருதப்படவேண்டும். அவனே நன்கு தீர்மானித்தவன்.
bhagavadgita_anvaya_L363	क्षिप्रं भवति धर्मात्मा शश्वच्छान्तिं निगच्छति कौन्तेय प्रतिजानीहि न मे भक्तः प्रणश्यति	दुराचारः अपि क्षिप्रं धर्मात्मा भवति। शश्वत् शान्तिं निगच्छति। कौन्तेय! प्रतिजानीहि मे भक्तः न प्रणश्यति।	தவறான நடத்தையுள்ளவர்கள் கூட விரைவில் தர்மாத்மா ஆகிறான். நிலையான அமைதியை அடைகிறான். குந்தியின் மகனே! உறுதியாக அறிந்துகொள் என்னுடைய பக்தன் ஒருபோதும் அழிவதில்லை.
bhagavadgita_anvaya_L364	मां हि पार्थ व्यपाश्रित्य येपि स्युः पापयोनयः स्त्रियो वैश्यास्तथा शूद्रास्तेपि यान्ति परां गतिम्	पार्थ! पापयोनयः ये अपि स्त्रियः वैश्याः तथा शूद्राः स्युः ते अपि मां व्यपाश्रित्य परां गतिं यान्ति हि।	பார்த்தா! பாவ யோனியில் பிறந்தவர்கள் (கீழான பிறவியர்கள்), எவர்களாக இருந்தாலும், பெண்கள், வைசியர்கள் அங்கணமே சூத்திரர்கள் , அவர்கள் கூட என்னை முற்றிலும் சரணடைந்தால், உயர்ந்த நிலையை நிச்சயமாக அடைகிறார்கள்.
bhagavadgita_anvaya_L365	किं पुनर्ब्राह्मणाः पुण्या भक्ताराजर्षयस्तथा अनित्यमसुखं लोकमिमं प्राप्य भजस्व माम्	पुण्याः भक्ताः ब्राह्मणाः तथा राजर्षयः पुनः किम्? (तस्मात्) इमम् अनित्यम् असुखं लोकं प्राप्य मां भजस्व।	புண்ணியமான பக்தர்களும், பிரம்மத்தை அறிந்தவர்களும், அப்படியே ராஜரிஷிகளும் இன்னும் எவ்வளவு?(எனவே )இந்த நிலையற்ற, துன்பமான, உலகத்தை அடைந்து என்னை வழிபடுவாயாக.
bhagavadgita_anvaya_L366	मन्मना भव मद्भक्तो मद्याजी मां नमस्कुरु मामेवैष्यसि युक्त्वैवम् आत्मानं मत्परायणः	मन्मनाः मद्याजी मद्भक्तः भव। मां नमस्कुरु। एवम् आत्मानं युक्त्वा मत्परायणः माम् एव एष्यसि।	என் மீது மனதை வை, என்னை வழிபடு, என் பக்தியில் இரு. என்னை வாங்கு. இவ்வாறு உன்னை (ஆத்மாவை என்னோடு) இனைத்து, என்னை இலக்காகக்கொண்டு என்னிடமே வருவாய்.
bhagavadgita_anvaya_L367	श्रीभगवानुवाच भूय एव महाबाहो शृणु मे परमं वचः यत्तेहं प्रीयमाणाय वक्ष्यामि हितकाम्यया	महाबाहो! भूयः एव मे परमं वचः शृणु यत् अहं प्रीयमाणाय ते हितकाम्यया वक्ष्यामि।	நீண்ட கைகளை உடையவனே! மீண்டும் என்னுடைய மேலான மொழியை கேளாய், எதை நான். அன்பு கொண்டவனான உனக்கு நலம் கருதி கூறுகிறேன்.
bhagavadgita_anvaya_L368	न मे विदुः सुरगणाः प्रभवं न महर्षयः अहमादिर्हि देवानां महर्षीणां च सर्वशः	सुरगणाः मे प्रभवं न विदुः महर्षयः न। अहं हि सर्वशः देवानां महर्षीणां च आदिः।	தேவர் கூட்டம் என் உற்பத்தியை அறிவதில்லை மகரிஷிகளும் (அறிவது) இல்லை. நானே எல்லா விதங்களிலும் தேவர்களுக்கும் மற்றும் மகரிஷிகளுக்கும் ஆதி காரணம்.
bhagavadgita_anvaya_L369	यो मामजमनादिं च वेत्ति लोकमहेश्वरम् असम्मूढः स मर्त्येषु सर्वपापैः प्रमुच्यते	यः असम्मूढः माम् अजम् अनादिं लोकमहेश्वरं च वेत्ति सः मर्त्येषु सर्वपापैः प्रमुच्यते।	யார் குழப்பமின்றி என்னை, பிறப்பற்றவன், ஆதி இல்லாதவன் மற்றும் உலகமனைத்துக்கும் தலைவன் (என்று) அறிகிறானோ, அவன் மனிதர்களுள், அனைத்து பாவங்களிலிருந்து விடுபடுகிறான்.
bhagavadgita_anvaya_L370	बुद्धिर्ज्ञानमसम्मोहः क्षमा सत्यं दमः शमः सुखं दुःखं भवोभावो भयं चाभयमेव च अहिंसा समता तुष्टिस्तपो दानं यशोयशः भवन्ति भावा भूतानां मत्त एव पृथग्विधाः	बुद्धिः ज्ञानम् असम्मोहः क्षमा सत्यं दमः शमः सुखं दुःखं भवः अभावः भयं च अभयम् एव च अहिंसा समता तुष्टिः तपः दानं यशः अयशः पृथग्विधाः भावाः भूतानां मत्तः एव भवन्ति।	புத்தி, அறிவு, குழப்பமற்ற மனநிலை , பொறுமை, சத்தியம், புலனடக்கம், உள்ளத்தை அடக்குதல், சுகம், துக்கம், தோன்றுதல், அழிதல் மற்றும் அச்சம் மற்றும் அச்சமின்மை, அஹிம்சை, நடு நிலை, திருப்தி, தவம், தானம், புகழ், அவமானம், பலவிதங்களான தன்மைகள் உயிர்களுக்கு என்னிடத்திருந்தே உண்டாகின்றன.
bhagavadgita_anvaya_L371	महर्षयः सप्त पूर्वे चत्वारो मनवस्तथा मद्भावा मानसा जाता येषां लोक इमाः प्रजाः	सप्त महर्षयः तथा पूर्वे चत्वारः मनवः मद्भावाः मानसाः जाताः येषाम् इमाः प्रजाः लोके।	ஏழு மஹரிஷிகள் அவ்வாறே அவர்களுக்கும் முந்தியவர்களான நான்கு மனுக்களும், என்னுடைய பிரபாவத்தை உடையவர்களாய் என்னுடைய சங்கல்பத்தாலேயே தோன்றியவர்கள் அவர்களிடத்திருந்து இவ்வுயிர்கள் உண்டாயின இவ்வுலகில்.
bhagavadgita_anvaya_L372	एतां विभूतिं योगं च मम यः वेत्ति तत्त्वतः सोविकम्पेन योगेन युज्यते नात्र संशयः	यः मम एतां विभूतिं योगं च तत्त्वतः वेत्ति सः अविकम्पेन योगेन युज्यते अत्र संशयः न।	யார் என்னுடைய இந்த பெருமையையும் யோகத்தையும் உள்ளபடி அறிகிறானோ, அவன் அசையாத யோகத்தில் இணைக்கப்படுகிறான், இதில் சந்தேகமில்லை.
bhagavadgita_anvaya_L373	अहं सर्वस्य प्रभवो मत्तः सर्वं प्रवर्तते इति मत्वा भजन्ते मां बुधाः भावसमन्विताह्	अहं सर्वस्य प्रभवः मत्तः सर्वं प्रवर्तते इति मत्वा बुधाः भावसमन्विताः मां भजन्ते।	நான் எல்லாவற்றினுடைய ஆதாரம், என்னிடத்திருந்து யாவும் தோன்றுகிறது என்று அறிந்து கொண்டு, அறிஞர்கள் உணர்வுகளுடன் நிறைந்து என்னை வழிபடுகிறார்கள்.
bhagavadgita_anvaya_L374	मच्चित्ता मद्गतप्राणा बोदयन्तः परस्परम् कथयन्तश्च मां नित्यं तुष्यन्ति च रमन्ति च	(बुधाः भावसमन्विताः) मच्चित्ताः मद्गतप्राणाः परस्परं मां बोधयन्तः कथयन्तः च नित्यं तुष्यन्ति च रमन्ति च।	(உணர்வுகளுடன் நிறைந்த அறிஞர்கள்) என்னுடைய சிந்தனையில் ஆழ்ந்து, என்னில் உயிரோடு ஒன்றி, ஒருவருக்கொருவர் என்னை(பற்றி) விளக்கிக்கொண்டு மற்றும் பேசிக்கொண்டு, மற்றும் எப்பொழுதும் திருப்தியடைந்து மகிழ்கின்றனர்.
bhagavadgita_anvaya_L375	तेषां सततयुक्तानां भजतां प्रीतिपूर्वकम् ददामि बुद्धियोगं तं येन मामुपयान्ति ते	सततयुक्तानां प्रीतिपूर्वकं भजतां तेषां तं बुद्धियोगं ददामि येन ते माम् उपयान्ति।	எப்பொழுதும் இணைந்திருப்பவர்களுக்கு, அன்பு நிறைவோடு வழிபடுபவர்களுக்கு அந்த புத்தி யோகத்தை தருகிறேன், அதன் மூலம் அவர்கள் என்னை அடைகின்றனர்.
bhagavadgita_anvaya_L376	तेषामेवानुकम्पार्थमहमज्ञानजं तमः नाशयाम्यात्मभावस्थो ज्ञानदीपेन भास्वता	आत्मभावस्थः अहं तेषाम् एव अनुकम्पार्थं भास्वता ज्ञानदीपेन अज्ञानजं तमः नाशयामि।	(அவர்களுடைய) உள்ளத்தில் நிலைத்து நின்று, நான் அவர்களுக்கு கருணையினாலேயே பிரகாசமான ஞான தீபத்தினால் அறியாமையால் உண்டான இருளை நாசம் செய்கிறேன்.
bhagavadgita_anvaya_L377	अर्जुन उवाच परं ब्रह्म परं धाम पवित्रं परमं भवान् पुरुषं शाश्वतं दिव्यमादिदेवमजम् विभुम् आहुस्त्वामृषयः सर्वे देवर्षिर्नारदस्तथा असितो देवलो व्यासः स्वयं चैव ब्रवीषि मे	भवान् परं ब्रह्म परं धाम परमं पवित्रम्। देवर्षिः नारदः असितः देवलः व्यासः इति सर्वे ऋषयः त्वां शाश्वतं दिव्यं पुरुषम् आदिदेवम् अजं विभुम् आहुः। तथा स्वयं च एव में ब्रवीषि।	நீங்கள் பரப்பிரம்மம், மேலான இருப்பிடம், உயர்த்த பரிசுத்தமானவர். தேவரிஷியாகிய நாரதர், அசிதர், தேவலர், வியாசர் ஆகிய அனைத்து ரிஷிகளும், உன்னை, நித்தியமான தெய்விகமான புருஷன், ஆதிதேவன், பிறப்பற்றவன், வியாபகமானவன் என்று கூறுகிறார்கள். அதேபோல் நீங்களும் கூட அவ்வாறே எனக்கு கூறுகிறீர்கள்.
bhagavadgita_anvaya_L378	सर्वमेतदृतं मन्ये यन्मां वदसि केशव न हि ते भगवन्व्यक्तिं विदुर्देवा न दानवाः	केशव! मां यत् वदसि एतत् सर्वम् ऋतं मन्ये। भगवन्! देवाः ते व्यक्तिं न विदुः न हि दानवाः।	கேசவா! என்னிடம் எதை சொல்லுகிறீர்களோ, அது அனைத்தும் உண்மை (என்று) எண்ணுகிறேன். பகவானே! தேவர்கள் உங்களுடைய சுயரூபத்தை அறியவில்லை அசுரர்களும் கண்டிப்பாக அறியவில்லை.
bhagavadgita_anvaya_L379	स्वयमेवात्मनात्मानं वेत्थ त्वं पुरुषोत्तम भूतभावन भूतेश देवदेव जगत्पते	पुरुषोत्तम भूतभावन भूतेश देवदेव जगत्पते! त्वं स्वयम् एव आत्मना आत्मानं वेत्थ।	புருஷோத்தமா! உயிர்களை உண்டாக்குபவனே, உயிரினங்களுக்கு தலைவனே, தேவர்களுக்குத் தேவனே, உலகை ஆளுபவனே! நீங்களே உங்கள் ஆத்மா மூலம் உங்களை அறிவீர்கள்.
bhagavadgita_anvaya_L380	वक्तुमर्हस्यशेषेण दिव्या ह्यात्मविभूतयः याभिर्विबूतिभिर्लोकानिमांस्त्वम् व्याप्य तिष्ठसि	याभिः विभूतिभिः त्वम् इमान् लोकान् व्याप्य तिष्ठसि ताः दिव्याः आत्मविभूतयः अशेषेण वक्तुम् अर्हसि।	எந்த மகிமைகளினால் நீர் இந்த உலகங்களில் வியாபித்து நிற்கிறீர்களோ, அந்த தெய்விகமான ஆத்ம மகிமைகளை முழுமையாக கூறுவதற்குத் திறமை வாய்ந்தவர்.
bhagavadgita_anvaya_L381	कथं विद्यामहं योगिंस्त्वाम् सदा परिचिन्तयन् केषु केषु च भावेषु चिन्त्योसि भगवन्मया	योगिन्! अहं सदा त्वां परिचिन्तयन् कथं विद्याम् ? भगवन्! मया केषु केषु च भावेषु चिन्त्यः असि।	யோகியே! நான் எப்பொழுதும் உன்னை சிந்தித்துக்கொண்டு எப்படி அறிவேன்? பகவானே! மற்றும் என்னால் எந்தெந்த நிலைகளில் நீர் சிந்திக்கத்தக்கவராக இருக்கிறீர்கள்.
bhagavadgita_anvaya_L382	विस्तरेणात्मनो योगं विभूतिं च जनार्दन भूयः कथय तृप्तिर्हि शृण्वतो नास्ति मेमृतम्	जनार्दन! आत्मनः योगं विभूतिं च विस्तरेण भूयः कथय। अमृतं शृण्वतः मे तृप्तिः नास्ति।	ஜனார்தனா! (உங்களுடைய) ஆத்மாவின் யோகம் மற்றும் மகிமையை விரிவாக மீண்டும் கூறுங்கள். அமுதை கேட்கின்ற எனக்கு திருப்தி இல்லை.
bhagavadgita_anvaya_L383	श्रीभगवानुवाच हन्त ते कथयिष्यामि दिव्या ह्यात्मविभूतयः प्राधान्यतह् कुरुक्श्रेष्ठ नास्त्यन्तो विस्तरस्य मे	कुरुश्रेष्ठ! हन्त दिव्याः आत्मविभूतयः हि ते प्राधान्यतः कथयिष्यामि। मे विस्तरस्य अन्तः नास्ति।	குருகுலத்தில் சிறந்தவனே! கவனி, தெய்விகமான ஆத்ம மகிமைகளில் உனக்கு முக்கியமானதை சொல்லுகிறேன். ஏனெனில் என்னுடைய விரிவுக்கு முடிவு இல்லை.
bhagavadgita_anvaya_L384	अहमात्मा गुडाकेश सर्वभूताशयस्थितः अहमादिश्च मध्यं च भूतानामन्त एव च	गुडाकेश! सर्वभूताशयस्थितः आत्मा अहं भूतानाम् आदिः च मध्यं च अन्तः च एव अहम्।	குடாகேசா! எல்லாப் உயிர்களின் மனதில் உள்ள ஆத்மா நான்; உயிர்களுக்கு ஆதியும் மற்றும் நடுவும் மற்றும் முடிவும் நானே.
bhagavadgita_anvaya_L385	आदित्यानामहं विष्णुर्ज्योतिषां रविरंशुमान् मरीचिर्मरुतामस्मि नक्षत्राणामहं शशी	अहम् आदित्यानां विष्णुः ज्योतिषाम् अंशुमान् रविः मरुतां मरीचिः अस्मि नक्षत्राणाम् अहं शशी।	நான் ஆதித்தியர்களுள் விஷ்ணு, ஒளிர்பவைகளுள் கிரணங்களோடு கூடிய சூரியன், வாயு தேவர்களுள் மரீசியாக இருக்கிறேன், நக்ஷத்திரங்களுள் நான் சந்திரன்.
bhagavadgita_anvaya_L386	वेदानां सामवेदोस्मि देवानामस्मि वासवः इन्द्रियाणां मनश्चास्मि भूतानामस्मि चेतना	वेदानां सामवेदः अस्मि। देवानां वासवः अस्मि। इन्द्रियाणां मनः च अस्मि। भूतानां चेतना अस्मि।	வேதங்களில் சாமவேதமாக இருக்கிறேன். தேவர்களுல் இந்திரனாக இருக்கிறேன். புலன்களுள் மனதாக இருக்கிறேன். பிராணிகளில் புத்தி உணர்வாக இருக்கிறேன்.
bhagavadgita_anvaya_L387	रुद्राणां शङ्करश्चास्मि वित्तेशो यक्षरक्षसाम् वसूनां पावकश्चास्मि मेरुः शिखरिणामहम्	रुद्राणां शङ्करः च अस्मि। यक्षरक्षसां वित्तेशः वसूनां पावकः शिखरिणां मेरुः च अहम् अस्मि।	மற்றும் ருத்திரர்களுள் சங்கரனாக இருக்கிறேன். யக்ஷர்கள் மற்றும் ராக்ஷஸர்களில் செல்வத்தின் தலைவனாகவும்(குபேரனாகவும்), வசுக்களுள் அக்னியாகவும், மற்றும் சிகரங்களுள் மேருவாகவும் நான் இருக்கிறேன்.
bhagavadgita_anvaya_L388	पुरोधसां च मुख्यं मां विद्धि पार्थ बृहस्पतिम् सेनानीनामहं स्कन्दः सरसामस्मि सागरः	पार्थ! पुरोधसां मुख्यं बृहस्पतिं मां विद्धि। सेनानीनां स्कन्दः अहम्। सरसां सागरः अस्मि।	பார்த்தா! புறோகிதர்களுள் முக்கியமானவரான பிரஹஸ்பதி (என்று) என்னை அறிந்து கொள். படைத்தலைவர்களுள் நான் ஸ்கந்தன். ஏரிகளில் கடலாக இருக்கிறேன்.
bhagavadgita_anvaya_L389	महर्षीणां भृगुरहं गिरामस्म्येकमक्षरम् यज्ञानां जपयज्ञोस्मि स्थावराणां हिमालयः	महर्षीणाम् अहं भृगुः। गिराम् एकम् अक्षरम् अस्मि। यज्ञानां जपयज्ञः अस्मि। स्थावराणां हिमालयः अस्मि।	மகரிஷிகளுள் நான் பிருகு. சொற்களுள் ஓரெழுத்தாக (பிரணவமாக) இருக்கிறேன். யாகங்களுள் ஜபயக்ஞமாக இருக்கிறேன். அசையாப் பொருட்களுள் இமயமலையாக இருக்கிறேன்.
bhagavadgita_anvaya_L390	अश्वत्थः सरवृक्षाणां देवर्षीणां च नारदः गन्धर्वाणां चित्ररथः सिद्धानाम् कपिलः मुनिः	सर्ववृक्षाणाम् अश्वत्थः देवर्षीणां च नारदः गन्धर्वाणां चित्ररथः सिद्धानां कपिलः मुनिः (अस्मि)।	மரங்கள் எல்லாவற்றினுள் அரசமரம் மற்றும் தேவரிஷிகளுள் நாரதர், கந்தர்வர்களுள் சித்திரரதன், சித்தர்களுள் கபிலமுனிவராக (இருக்கிறேன்).
bhagavadgita_anvaya_L391	उच्चैःश्रवसमश्वानां विद्धि माममृतोद्भवम् ऐरावतं गजेन्द्राणां नराणां च नराधिपम्	अश्वानाम् अमृतोद्भवम् उच्चैः श्रवसं गजेन्द्राणाम् ऐरावतं नराणां नराधिपं च मां विद्धि।	குதிரைகளுள் அமிர்தத்துடன் உண்டான உச்சைசிரவஸ், யானைகளுள் ஐராவதம் மற்றும் மக்களுள் அரசனாகவும் என்னை அறிந்து கொள்.
bhagavadgita_anvaya_L392	आयुधानामहं वज्रं धेनुनामस्मि कामधुक् प्रजनश्चास्मि कन्दर्पः सर्पाणामस्मि वासुकिः	अहम् आयुधानां वज्रं धेनूनां कामधुक् प्रजनः कन्दर्पः सर्पाणां वासुकिः च अस्मि।	நான் ஆயுதங்களுள் வஜ்ராயுதம், பசுக்களுள் காமதேனு, பிறப்பிப்பவர்களிடத்து மன்மதன் மற்றும் பாம்புகளுள் வாசுகியாக இருக்கிறேன்.
bhagavadgita_anvaya_L393	अनन्तश्चास्मि नागनां वरुणो यादसामहम् पितॄणामर्यमा चास्मि यमः संयमतामहम्	नागानां च अनन्तः अस्मि। यादसाम् अहं वरुणः। पितॄणां च अर्यमा अस्मि। संयमतां यमः अहम्।	மற்றும் நாகங்களுள் அனந்தனாக இருக்கிறேன். ஜலதேவதைகளுள் நான் வருணன். மற்றும் பித்ருக்களுள் அரியமானாக இருக்கிறேன். அடக்கி ஆள்பவைகளுள் நான் யமன்.
bhagavadgita_anvaya_L394	प्रह्लादश्चास्मि दैत्यानां कालः कलयतामहम् मृगानाम् च मृगेन्द्रोहं वैनतेयश्च पक्षिणाम्	दैत्येषु प्रह्लादः च अस्मि। कलयत्सु अहं कालः। मृगेषु च अहं मृगेन्द्रः। पक्षिषु च वैनतेयः।	மற்றும் அசுரர்களுள் பிரஹ்லாதனாக இருக்கிறேன். கணிப்பவர்களுள் நான் காலன். மற்றும் விளங்குகளில் நான் சிங்கம். மற்றும் பாறைகளுள் கருடன்.
bhagavadgita_anvaya_L395	पवनः पवतामस्मि रामः शस्त्रभृतामहम् झषाणां मकरश्चास्मि स्रोतसामस्मि जाह्नवी	पवतां पवनः अस्मि। शस्त्रभृताम् अहं रामः झषाणां मकरः च अस्मि। स्रोतसां जाह्नवी अस्मि।	தூய்மைப் படுத்துபவைகளுள் காற்றாக இருக்கிறேன். ஆயுதம் பிடித்தவர்களுள் நான் ராமன் மற்றும் மீன் இனங்களுள் முதலையாகவும் நதிகளில் கங்கையாகவும் இருக்கிறேன்.
bhagavadgita_anvaya_L396	सर्गाणामादिरन्तश्च मध्यं चैवाहमर्जुन अध्यात्मविद्या विद्यानां वादः प्रवदतामहम्	अर्जुन! सर्गाणाम् आदिः अन्तः च मध्यं च अहम् एव। विद्यानाम् अध्यात्मविद्या प्रवदताम् अहं वादः अस्मि।	அர்ஜுனா! படைப்புகளின் ஆரம்பம் மற்றும் முடிவு மற்றும் மத்தியம்(நடு) நானே தான். கல்விகளுள் ஆன்மீகக் கல்வியாகவும், தர்க்கம் செய்பவர்களுடைய வாதமாகவும் நான் இருக்கிறேன்.
bhagavadgita_anvaya_L397	अक्षराणामकाषोस्मि द्वन्द्वः सामासिकस्य च अहमेवाक्षयः कालो धाताहम् विश्वतोमुखः	अक्षराणाम् अकारः अस्मि। सामासिकस्य द्वन्द्वः च। अहम् एव अक्षयः कालः। विश्वतोमुखः धाता अहम्।	எழுத்துக்களுள் அகரமாக இருக்கிறேன். மற்றும் கூட்டுச்சொற்களுள் 'இரட்டை சேர்க்கை'. நானே தான் அழியாத காலம்.எல்லாப்புறங்களிலும் முகங்கள் கொண்டவனும், காத்துப் பேணுபவனும் நான்.
bhagavadgita_anvaya_L398	मृत्युः सर्वहरश्चाहमुद्भवश्च भविष्यताम् कीर्तिः श्रीर्वाक्च नारीणां स्मृतिर्मेधा धृतिः क्षमा	अहं सर्वहरः मृत्युः च। भविष्यताम् उद्भवः च। नारीणां कीर्तिः श्रीः वाक् स्मृतिः मेधा धृतिः क्षमा च।	மற்றும் அனைத்தையும் அழிக்கும் மரணம். மற்றும் எதிர்காலத்தின் தோற்றம். பெண்களிடத்தில் புகழும், செல்வமும், சொல்லும், நினைவாற்றலும், அறிவும், திண்மையும் மற்றும் பொறுமையும்(ஆகிறேன்).
bhagavadgita_anvaya_L399	बृहत्साम तथा साम्नां गायत्री छन्दसामहम् मासानां मार्गशीर्षोहमृतूनाम् कुसुमाकरः	तथा साम्नां बृहत्साम। छन्दसाम् अहं गायत्री। मासानां मार्गशीर्षः अहम्। ऋतूनां कुसुमाकरः।	மேலும் ஸாம காணங்களில் பிருஹத்ஸாமம். சந்தங்களில் நான் காயத்ரீ.நான் மாசங்களில் மார்கழி. பருவங்களில் வசந்த காலம்.
bhagavadgita_anvaya_L400	द्यूतं छलयतामस्मि तेजस्तेजस्विनामहम् जयोस्मि व्यवसायोस्मि सत्त्वं सत्त्ववतामहम्	छलयतां द्यूतम् अस्मि। तेजस्विनां तेजः अहम्। जयः अस्मि। व्यवसायः अस्मि। सत्त्ववतां सत्त्वम् अहम्।	வஞ்சகர்களுள் சூதாட்டமாக இருக்கிறேன். திறமை படைத்தவர்களுடைய திறமை நான்.வெற்றியாக இருக்கிறேன். முயற்சியாக இருக்கிறேன். சத்துவகுணம் பண்புள்ளவர்களிலன் பண்பு நான்.
bhagavadgita_anvaya_L401	वृष्णीनां वासुदेवोस्मि पाण्डवानाम् धनञ्जयः मुनीनामप्यहं व्यासः कवीनामुशना कविः	वृष्णीनां वासुदेवः अस्मि। पाण्डवानां धनञ्जयः। मुनीनाम् अपि अहं व्यासः। कवीनाम् उशना कविः।	விருஷ்ணி குலத்தில் வாசுதேவநாக இருக்கிறேன். பாண்டவர்களில் தனஞ்ஜயன்(அர்ஜுனன்). முனிவர்களுள் கூட நான் வியாசர். கவிஞர்களுள் சுக்கிராச்சாரிய கவி.
bhagavadgita_anvaya_L402	दण्डो दमयतामस्मि नीतिरस्मि जिगीषताम् मौनं चैवास्मि गुह्यानां ज्ञानं ज्ञानवतामहम्	दमयतां दण्डः अस्मि। जिगीषतां नीतिः अस्मि। गुह्यानां मौनं च एव अस्मि। ज्ञानवतां ज्ञानम् अहम्।	தண்டிப்பவர்கள்பால் நான் செங்கோல. வெற்றி வேண்டுபவரிடத்து நீதியாக இருக்கிறேன். ரகசியங்களுள் மௌனமாகவே இருக்கிறேன். அறிவுள்ளவர்களில் அறிவு நான்.
bhagavadgita_anvaya_L403	यच्चापि सर्वभूतानां बीजं तदहमर्जुन न तदस्ति विना यत्स्यान्मया भूतं चराचरम्	अर्जुन! सर्वभूतानां यत् बीजं तत् अपि अहम्। मया विना चराचरं भूतं यत् स्यात् तत् नास्ति।	அர்ஜுனா! எல்லா உயிர்களுக்கும் எது விதையோ, அது கூட நான். நடமாடும் மற்றும் நிலையுள்ள எந்த உயிரினங்கள் இருக்கக்கூடுமோ, என்னையன்றி அவை இருக்க முடியாது
bhagavadgita_anvaya_L404	नान्तोस्ति मम दिव्यानां विभूतीनां परन्तप एष तूद्देशतः प्रोक्तो विभूतेर्विस्तरो मया	परन्तप! मम दिव्यानां विभूतीनाम् अन्तः न अस्ति। मया एषः विभूतेः विस्तरः तु उद्देशतः प्रोक्तः।	எதிரியை வாட்டுபவனே, என்னுடைய தெய்வீகமான மகிமைகளுக்கு முடிவு இல்லை. என்னால் இந்த மகிமையின் விரிவும்கூட சுருக்கமாகத்தான் கூறப்பட்டது.
bhagavadgita_anvaya_L405	यद्यद्विभूतिमत्सत्त्वं श्रीमदूर्जितमेव वा तत्तदेवावगच्छ त्वं मम तेजोंशसम्भवम्	यद्यत् विभूतिमत् श्रीमत् ऊर्जितम् एव वा सत्त्वं तत्तत् एव मम तेजोंऽशसम्भवं त्वम् अवगच्छ।	எது எது மகிமையுடையதோ, செல்வமுடையதோ, சக்தி உடையதோ, அந்த அந்தப் பொருள் எல்லாம் கூட என் பிரகாசத்தின் ஒரு பகுதியில் உண்டானது (என்று) நீ அறிந்து கொள்.
bhagavadgita_anvaya_L406	अथवा बहुनैतेन किं ज्ञातेन तवार्जुन विष्टभ्याहमिदं कृत्स्नमेकांशेन स्थितो जगत्	अर्जुन! अथवा एतेन बहुना ज्ञातेन तव किम् ? अहम् इदं कृत्स्नं जगत् एकांशेन विष्टभ्य स्थितः।	அர்ஜுனா! தவிரவும் இவ்வாறு அதிகம் அறிந்து (கொள்வதால்) உனக்கு என்ன(பயன்)? நான் இந்த உலகனைத்தையும் ஓர் அம்சத்தினால் தங்கிக் கொண்டு இருக்கிறேன்.
bhagavadgita_anvaya_L407	अर्जुन उवाच मदनुग्रहाय परमं गुह्यमध्यात्मसञ्ज्ञितम् यत्त्वयोक्तं वचस्तेन मोहोयम् विगतो मम	मदनुग्रहाय परमं गुह्यम् अध्यात्मसञ्ज्ञितम् यत् वचः त्वया उक्तं तेन मम अयं मोहः विगतः।	எனக்கு அருள் புரிவதற்காக, உன்னதமான இரகசியமான, ஆத்ம தத்துவமான எந்த சொற்கள் உன்னால் கூறப்பட்டதோ, அதனால் எனக்கு இந்த மயக்கம்(அஞ்ஞானம்) நீங்கிவிட்டது.
bhagavadgita_anvaya_L408	भवाप्ययौ हि भूतानां श्रुतौ विस्तरशो मया त्वत्तः कमलपत्राक्ष माहात्म्यमपि चाव्ययम्	कमलपत्राक्ष! भूतानां भवाप्ययौ हि विस्तरशः त्वत्तः मया श्रुतौ। अव्ययं माहात्म्यम् अपि च।	தாமரைக்கண்ணனே! ஏனெனில் உயிரினங்களின் பிறப்பு மற்றும் அழிவு (பற்றி) விரிவாக உன்னிடமிருந்து என்னால் கேட்கப்பட்டன. மற்றும் அழியாத பெருமையையும்(கேட்டேன்).
bhagavadgita_anvaya_L409	एवमेतद्यथात्थ त्वमात्मानम् परमेश्वर द्रष्टुमिच्छामि ते रूपमैश्वरं पुरुषोत्तम	परमेश्वर! पुरुषोत्तम! आत्मानं त्वं यथा आत्थ एवम् एतत् ते ऐश्वरं रूपं द्रष्टुम् इच्छामि।	பரமேஸ்வரா! புருஷோத்தமா! உங்களைப்பற்றி நீங்கள் எவ்வாறு கூறினீர்களோ, அவ்வாறே இந்த உங்களுடைய தெய்விகமான ரூபத்தை காண விரும்புகிறேன்.
bhagavadgita_anvaya_L410	मन्यसे यदि तच्छक्यम् मया द्रष्टुमिति प्रभो योगेश्वर ततो मे त्वम् दर्शयात्मानमव्ययम्	प्रभो! तत् मया द्रष्टुं शक्यम् इति यदि मन्यसे ततः हे योगेश्वर! त्वम् अव्ययम् आत्मानं मे दर्शय।	இறைவா! அதை என்னால் பார்க்க இயலும் என்று நினைப்பீர்களேயானால், அப்பொழுது, ஓ யோகேஸ்வரா! நீங்கள் (உங்களுடைய)அழிவற்ற சொரூபத்தை எனக்கு காட்டு.
bhagavadgita_anvaya_L411	श्रीभगवानुवाच पश्य मे पार्थ रूपाणि शतशोथ सहस्रशः नानाविधानि दिव्यानि नानावर्णाकृतीनि च	पार्थ! शतशः अथ सहस्रशः नानाविधानि दिव्यानि नानावर्णाकृतीनि च मे रूपाणि पश्य।	பார்த்தா! நூற்றுக்கணக்கான, ஆயிரக்கணக்கான, பலவகைப்பட்ட, தெய்விகமான மற்றும் பல நிறங்களும் வடிவங்களும் உடைய என்னுடைய ரூபங்களைப் பார்.
bhagavadgita_anvaya_L412	पश्यादित्यान्वसून्रुद्रानश्विनौ मरुतस्तथा बहून्यदृष्टपूर्वाणि पश्याश्चर्याणि भारत	भारत! आदित्यान् वसून् रुद्रान् अश्विनौ तथा मरुतः पश्य अदृष्टपूर्वाणि बहूनि आश्चर्याणि पश्य।	பாரதகுலத்தோன்றலே! ஆதித்யர்கள், வசுக்கள், ருத்திரர்கள், அஸ்வினிகள், அவ்வாறே மருத்துக்கலைப் பார் இதுவரை காணாத பல அதிசயங்களைப் பார்.
bhagavadgita_anvaya_L413	इहैकस्थं जगत्कृत्स्नम् पश्याद्य सचराचरम् मम देहे गुडाकेश यच्चान्यद्द्रष्टुम् इच्छसि	गुडाकेश! अद्य एकस्थं सचराचरं कृत्स्नं जगत् अन्यत् च यत् द्रष्टुम् इच्छसि (तत्सर्वम्) इह मम देहे पश्य।	உறக்கத்தை வென்றவனே(அர்ஜுனா)! இப்பொழுது, ஒரே இடத்தில் நடமாடுவதும், அசையாததும், உலகம் முழுவதையும் மற்றும் மேற்கொண்டு எதை காண விரும்புகிறாயோ, (அவை யாவும்) இங்கே எனது உடலில் பார்.
bhagavadgita_anvaya_L414	न तु मां शक्यसे द्रष्टुमनेनैव स्वचक्षुषा दिव्यं ददामि ते चक्षुः पश्य मे योगमैश्वरम्	अनेन स्वचक्षुषा एव मां द्रष्टुं न शक्यसे। ते दिव्यं चक्षुः ददामि। ऐश्वरं मे योगं पश्य।	இதனால் உன் சொந்தக் கண்ணால் சந்தேகமின்றி என்னை காண முடியாது. உனக்கு தெய்விகமான கண்களைத் தருகிறேன். தெய்விகமான எனது யோத்தைப் பார்.
bhagavadgita_anvaya_L415	सञ्जय उवाच एवमुक्त्वा ततो राजन् महायोगेश्वरो हरिः दर्शयामास पार्थाय परमं रूपमैश्वरम्	राजन्! महायोगेश्वरः हरिः एवम् उक्त्वा ततः परमम् ऐश्वरं रूपं पार्थाय दर्शयामास।	அரசே! மஹாயோகேசுவரரான ஹரியானவர் இவ்வாறு கூறி பின்னர் உன்னதமான தெய்விகமான ரூபத்தை பார்த்தனுக்குக் காண்பித்தார்.
bhagavadgita_anvaya_L416	अनेकवक्त्रनयनमनेकाद्भुतदर्शनम् अनेकदिव्याभरणं दिव्यानिकोद्यतायुधम् दिव्यमाल्याम्बरधरं दिव्यगन्धानुलेपनम् सर्वाश्चर्यमयं देवमनन्तं विश्वतोमुखम्	(तच्च रूपम्) अनेकवक्त्रनयनम् अनेकाद्भुतदर्शनम् अनेकदिव्याभरणं दिव्यानेकोद्यतायुधं दिव्यमाल्याम्बरधरं दिव्यगन्धानुलेपनं सर्वाश्चर्यमयं देवम् अनन्तं विश्वतोमुखम्।	(அந்த ரூபம்) பல முகங்களும் கண்களும், பல அதிசயமான தோற்றங்களும், பல தெய்விக ஆபரணங்களும், பல தெய்விக ஆயுதங்களும், தெய்விக மாலைகளும் ஆடைகளும், தெய்விக சுகந்தங்களால் அலங்கரிக்கப்பட்ட, எல்லாவிதங்களிலும் ஆச்சரியமான எல்லையற்ற, எல்லாப்புறங்களிலும் முகங்கள் கொண்ட தெய்வமானது.
bhagavadgita_anvaya_L417	दिवि सूर्यसहस्रस्य भवेद्युगपदुत्थिता यदि भाः सदृशी सा स्याद्भासस्तस्य महात्मनः	यदि दिवि सूर्यसहस्रस्य भाः युगपत् उत्थिता भवेत् सा महात्मनः तस्य भासः सदृशी स्यात्।	வானத்தில் ஆயிரம் சூரியர்களுடைய பிரகாசமானது ஒரேநேரத்தில் உதயமானால் எப்படி இருக்குமோ, அந்த(பிரகாசம்) மஹாத்மாவின்(பரமாத்மாவின்) அவரது பிரகாசம் போல இருக்கும்.
bhagavadgita_anvaya_L418	तत्रैकस्थं जगत्कृत्स्नं प्रविभक्तमनेकधा अपश्यद्देवदेवस्य शरीरे पाण्डवस्तदा	तदा पाण्डवः देवदेवस्य तत्र शरीरे अनेकधा प्रविभक्तं कृत्स्नं जगत् एकस्थम् अपश्यत्।	அப்பொழுது பாண்டவன், தேவர்களின் தேவனுடைய அந்த திருமேனியில், பலவிதங்களாய்ப் பிரிந்துள்ள உலகம் யாவும், ஒரே இடத்தில் இருப்பதைப் பார்த்தான்.
bhagavadgita_anvaya_L419	ततः स विस्मयाविष्टो हृष्टरोमा धनञ्जयः प्रणम्य शिरसा देवं कृताञ्जलिः अभाषत	ततः हृष्टरोमा सः धनञ्जयः विस्मयाविष्टः शिरसा देवं प्रणम्य कृताञ्जलिः अभाषत।	பின்னர் மெய்சிலிர்த்து அந்த தனஞ்சயன்(அர்ஜுனன்) வியப்படைந்து, தலையால் தெய்வத்தை வணங்கிக் கைகூப்பிக் கூறினார்.
bhagavadgita_anvaya_L420	आर्जुन उवाच पश्यामि देवांस्तव देव देहे सर्वांस्तथा भूतविशेषसङ्घान् ब्रह्माणामीशं कमलासनस्थम् ऋषींश्च सर्वानुरगांश्च दिव्यान्	देव! तव देहे सर्वान् देवान् तथा भूतविशेषसङ्घान् कमलासनस्थं ब्रह्माणम् ईशं सर्वान् ऋषीन् च दिव्यान् उरगान् च पश्यामि।	கடவுளே! உன் திருமேனியில் எல்லா தேவர்களையும் அவ்வாறே அபூர்வமான உயிரினங்களையும், தாமரை மலரில் அமர்ந்துள்ள பிரம்மாவையும் , ஈசனையும், மற்றும் ரிஷிகள் எல்லாரையும் மற்றும் தெய்விகமான நாகர்களையும் பார்க்கிறேன்.
bhagavadgita_anvaya_L421	आर्जुन उवाच पश्यामि देवांस्तव देव देहे सर्वांस्तथा भूतविशेषसङ्घान् ब्रह्माणामीशं कमलासनस्थम् ऋषींश्च सर्वानुरगांश्च दिव्यान् ||11.15|| अनेकबाहूदरवक्त्रनेत्रम् पश्यामि त्वा सर्वतोनन्तरूपम् नान्तम् न मध्यम् न पुनस्तवादिम् पश्यामि विश्वेश्वर विश्वरूप	विश्वेश्वर विश्वरूप! त्वाम् अनेकबाहूदरवक्त्रनेत्रं सर्वतः अनन्तरूपं पश्यामि। तव आदिं न पश्यामि न मध्यं न पुनः अन्तम्।	உலகங்களின் இறைவனாகிய உலகநாயகா, எண்ணிலடங்காத கைகள், வயிறுகள், முகங்கள், கண்கள் கொண்டவராகவும், எல்லா திசையிலும் அளவில்லாத உருவத்தை பார்க்கிறேன். உன்னுடைய ஆரம்பத்தை காணவில்லை, நடுப்பகுதியையும் காணவில்லை, மீண்டும் முடிவையும் காணவில்லை.
bhagavadgita_anvaya_L422	किरीटिनं गदिनं चक्रिनं च तेजोराशिं सर्वतोदीप्तिमन्तम् पश्यामि त्वां दुर्निरीक्ष्यं समन्तात् दीप्तानलार्कद्युतिमप्रमेयम्	त्वां किरीटिनं गदिनं चक्रिणं तेजोराशिं सर्वतो दीप्तिमन्तं समन्तात् दीप्तानलार्कद्युतिम् अप्रमेयं दुर्निरीक्ष्यं च पश्यामि।	உன்னை கிரீடம் தரித்து, கதை தாங்கி, சக்கரம் ஏந்தியவாராய், அனைத்து பக்கங்களிலும் பிரகாசிக்கின்ற ஒளிப்பிழம்பாய், எங்கும் நிறைந்தவராய், பிரகாசிக்கும் தீயின், சூரியனின் காந்தி கொண்ட அளவிடமுடியாதவாராய், மற்றும் பார்க்கமுடியாதவாராய் காண்கிறேன்.
bhagavadgita_anvaya_L423	त्वमक्षरं परमं वेदितव्यम् त्वमस्य विश्वस्य परं निधानम् त्वमव्ययः शाश्वतधर्मगोप्ता सनातनस्त्वं पुरुषो मतो मे	त्वं परमं वेदितव्यम् अक्षरम् त्वम् अस्य विश्वस्य परं निधानं त्वम् अव्ययः शाश्वतधर्मगोप्ता त्वं सनातनः पुरुषः मे मतः।	நீ மிக உயர்ந்த, அறியப்படவேண்டிய, அழிவற்ற பரம்பொருள், நீ இந்த உலகின் மேலான உறைவிடம், நீ அழிவில்லாதவன், நிலையான தர்மத்தைக் காப்பாற்றுபவன், நீ சாசுவதமான புருஷன், என்பது என்னுடைய கருத்து.
bhagavadgita_anvaya_L424	अनादिम्ध्यान्तमनन्तवीर्यम् अनन्तबाहुं शशिसूर्यनेत्रम् पश्यामि त्वां दिप्तहुताशवक्त्रम् स्वतेजसा विश्वमिदम् तपन्तम्	अनादिमध्यान्तम् अनन्तवीर्यम् अनन्तबाहुं शशिसूर्यनेत्रं दीप्तहुताशवक्त्रं स्वतेजसा इदं विश्वं तपन्तं त्वां पश्यामि।	ஆதி, நடு, அந்தம் இல்லாதவரும், முடிவில்லாத சக்தியையுடையவரும் , எண்ணற்ற கைகளையுடையவரும், சந்திரன் சூரியரன் இவர்களைக் கண்களாகவுடையவரும், ஜ்வலிக்கும் தீயைப் போல் ஒளிரும் வாய் படைத்தவரும், தன்னுடைய தேஜஸினால் இந்த உலகத்தை வெப்பமூட்டுபவராகவும் உன்னை காண்கிறேன்.
bhagavadgita_anvaya_L425	द्यावापृथिव्योरिदमन्तरं हि व्याप्तं त्वयैकेन दिशश्च सर्वाः दृष्ट्वाद्भुतं रूपमुग्रं तवेदम् लोकत्रयं प्रव्यथितं महात्मन्	महात्मन्! द्यावापृथिव्योः इदम् अन्तरं हि त्वया एकेन व्याप्तं सर्वाः दिशः च। तव उग्रम् अद्भुतम् इदं रूपं दृष्ट्वा लोकत्रयं प्रव्यथितम्।	மஹாத்மா! இடையேயுள்ள இந்த இடைவெளியை உன் ஒருவனால் மட்டுமே நிரப்பப்பட்டுள்ளது மற்றும் அனைத்து திசைகளும் உன்னால் நிரம்பப் பெற்றிருக்கின்றன. உன்னுடைய இந்த பயங்கரமான அற்புத வடிவத்தைக் கண்டு மூன்று உலகங்களும் பதற்றமடைந்துள்ளன.
bhagavadgita_anvaya_L426	अमी हि त्वा सुर्सङ्घा विशन्ति केचिद्भीताः प्राञ्जलयो गृणन्ति स्वस्तीत्युक्त्वा महर्षिसिद्धसङ्घाः स्तुवन्ति त्वां स्तुतिभिः पुष्कलाभिः	अमी हि सुरसङ्घाः त्वां विशन्ति। केचित् भीताः प्राञ्जलयः गृणन्ति। महर्षिसिद्धसङ्घाः स्वस्ति इति उक्त्वा पुष्कलाभिः स्तुतिभिः त्वां स्तुवन्ति।	தேவர்களின் கூட்டம் உன்னிடம் புகுகின்றனர். சிலர் அஞ்சிக் கைகூப்பி புகழ்ந்து பாடுகின்றனர். மஹரிஷி, சித்தர் கூட்டங்கள், 'மங்களம் உண்டாகட்டும்' என்று கூறி பலவிதமான ஸ்தோத்திரங்களால் உன்னைப் போற்றுகின்றனர்.
bhagavadgita_anvaya_L427	रुद्रादित्या वसवो ये च साध्याः विश्वेश्विनौ मरुतश्चोष्मपाश्च गन्धर्वयक्षासुरसिद्धसङ्घाः वीक्षन्ते त्वा विस्मिताश्चैव सर्वे	रुद्रादित्याः वसवः ये च साध्याः विश्वे अश्विनौ मरुतः च ऊष्मपाः च गन्धर्वयक्षासुरसिद्धसङ्घाः सर्वे विस्मिताः एव त्वां वीक्षन्ते।	ருத்திரர்கள் மற்றும் ஆதித்தியர்கள், வசுக்கள், சாத்தியர்கள், விசுவேதேவர்கள், அசுவினிதேவர்கள் மற்றும் மருத்துக்கள் மற்றும் ஊஷ்மபர்கள், கந்தர்வர்கள், யக்ஷர்கள், அசுரர்கள், சித்தர் கூட்டங்கள் அனைவரும் ஆச்சரியமடைந்து உன்னயே பார்க்கிறார்கள்.
bhagavadgita_anvaya_L428	रूपं महत्ते बहुवक्त्रनेत्रम् महाबाहो बहुबाहूरुपादम् बहूदरं बहुदंष्ट्राकरालम् दृष्ट्वा लोकाः प्रव्यथितास्तथाहम्	महाबाहो! बहुवक्त्रनेत्रं बहुबाहूरुपादं बहूदरं बहुदंष्ट्राकरालं महत् ते रूपं दृष्ट्वा लोकाः प्रव्यथिताः तथा अहम्।	நெடுந்தோளுடையவனே ! பல முகங்கள், கண்கள், பல கைகள், தொடைகள், பாதங்கள், பல வயிறுகள், பயமுறுத்தும் பல கொடிய பற்கள் உடைய மகத்தான உன் உருவத்தைக் கண்டு உலகங்கள் நடுங்குகின்றன; அதேபோல நானும்.
bhagavadgita_anvaya_L429	नभःस्पृशं दीप्तमनेकवर्णम् व्यात्ताननं दिप्तविशालनेत्रम् दृष्ट्वा हि त्वां प्रव्यथितान्तरात्मा धृतिं न विन्दामि शमं च विष्णो	विष्णो! नभःस्पृशं दीप्तम् अनेकवर्णं व्यात्ताननं दीप्तविशालनेत्रं त्वां दृष्ट्वा हि प्रव्यथितान्तरात्मा धृतिं शमं च न विन्दामि।	விஷ்ணுவே ! வானத்தைத் தொடும் பல நிறங்களுடன் பிரகாசிக்கின்ற , திறந்த வாய்களை உடைய, ஒளிமிக்க அகன்ற கண்கள் உடைய, உன்னைக் கண்டு உண்மையில் மிகவும் நடுங்கிய மனமுடைய நான் உறுதியையும், அமைதியையும், காணவில்லை.
bhagavadgita_anvaya_L430	दंष्ट्राकरालानि च ते मुखानि दृष्ट्वैव कालानलसन्निभानि दिशो न जाने न लभे च शर्म प्रसीद देवेश जगन्निवास	जगन्निवास देवेश! दंष्ट्राकरालानि कालानलसन्निभानि च ते मुखानि दृष्ट्वा एव दिशः न जाने। शर्म च न लभे। प्रसीद।	உலகங்களில் வசிக்கும் தேவர்களின் தலைவனே! அச்சமூட்டும் கோரப் பற்களுடன் பிரளய காலத்துத் தீக்கு ஒப்பான உனது முகங்களைக் கண்டதும் எனக்குத் திசைகள் தெரியவில்லை.மற்றும் அமைதியும் கிடைக்கவில்லை. அருள் புரிக.
bhagavadgita_anvaya_L431	अमी च त्वां धृतराष्ट्रस्य पुत्राः सर्वे सहैवावनिपालसङ्घैः भीष्मो द्रोणः सूतपुत्रस्तथासौ सहास्मदीयैरपि योधमुख्यैः वक्त्राणि ते त्वरमाणा विशन्ति दंष्ट्राकरालानि भयानकानि केचिद्विलग्ना दशनान्तरेषु सन्दृश्यन्ते चूर्णितैरुत्तमाङ्गैः	अवनिपालसङ्घैः सह एव सर्वे च अमी धृतराष्ट्रस्य पुत्राः तथा असौ भीष्मः द्रोणः सूतपुत्रः अस्मदीयैः योधमुख्यैः सह त्वां विशन्ति। ते दंष्ट्राकरालानि भयानकानि वक्त्राणि त्वरमाणाः विशन्ति। केचित् दशनान्तरेषु विलग्नाः चूर्णितैः उत्तमाङ्गैः (उपलक्षिताः) दृश्यन्ते।	பார் ஆளும் அரசர் கூட்டத்துடனும், கூடவே அனைவரும் மற்றும் திருதராஷ்டிரனின் புத்திரர்கள் அதுபோல இந்த பீஷ்மர், துரோணர், சூதபுத்திரர் (கர்ணன்) நம்மைச் சார்ந்த முக்கியமான போர்வீரர்களுடன் உன்னை புகுகிறார்கள். அவர்கள் கொடிய பற்களுடன் பயங்கரமான வாய்களில் அவசரமாக புகுகிறார்கள். சிலர் பல்லிடுக்குகளில் சிக்கியவாறு தூள் தூளான உடல் பாகங்களுடன் காணப்படுகிறார்கள்.
bhagavadgita_anvaya_L432	यथा नदीनां बहवोम्बुवेगाः समुद्रमेवाभिमुखा द्रवन्ति तथा तवामी नरलोकवीराः विशन्ति वक्त्राण्यभिविज्वलन्ति	यथा नदीनां बहवः अम्बुवेगाः समुद्रम् एव अभिमुखाः द्रवन्ति तथा अमी नरलोकवीराः अभिविज्वलन्ति तव वक्त्राणि विशन्ति।	எவ்வாறு நதிகளின் பல நீரோட்டங்கள் கடலை மட்டுமே நோக்கி ஓடுகின்றனவோ அதுபோல, இந்த மண்ணுலக வீரர்கள் ஜொலிக்கின்ற உனது வாய்களுள் நுழைகின்றனர்.
bhagavadgita_anvaya_L433	यथा प्रदीप्तं ज्वलनं पतङ्गाः विशन्ति नाशाय समृद्दवेगाः तथैव नाशाय विशन्ति लोकाः तवापि वक्त्राणि समृद्दवेगाः	यथा समृद्धवेगाः पतङ्गाः प्रदीप्तं ज्वलनं नाशाय विशन्ति तथा एव समृद्धवेगाः लोकाः तव वक्त्राणि अपि नाशाय विशन्ति।	எவ்வாறு வெகுவேகமாக விட்டிற்பூச்சிகள் கொழுந்துவிட்டு எரியும் நெருப்பில் அழிவதற்காக புகுகின்றனவோ, அவ்வாறே வெகுவேகமாக மக்களும் கூட உங்களுடைய வாய்களில் அழிவதற்காக நுழைகிறார்கள்.
bhagavadgita_anvaya_L434	लेलिह्यसे ग्रसमानः समन्तात् लोकान्समग्रान्वदनैर्ज्वलद्भिः तेजोभिरापूर्य जगत्समग्रम् भासस्तवोग्राः प्रतपन्ति विष्णो	ज्वलद्भिः वदनैः समग्रान् लोकान् समन्तात् ग्रसमानः लेलिह्यसे। विष्णो! तव उग्राः भासः तेजोभिः आपूर्य समग्रं जगत् प्रतपन्ति।	ஜ்வலிக்கும் வாய்களால் உலகனைத்தையும் எல்லாப் புறங்களிலிருந்தும் விழுங்கிக் கொண்டு நக்கி ருசி பார்க்கிறீர். விஷ்ணுவே! உனது பயங்கரமான ஒளிகள் மிகுந்த வெப்பத்தினால் வையகம் முழுவதையும் நிரப்பிச் சுட்டெரிக்கின்றன.
bhagavadgita_anvaya_L435	आख्याहि मे को भवानुग्ररूपः नमोस्तु ते देववर प्रसीद विज्ञातुमिच्छामि भवन्तमाद्यम् न हि प्रजानामि तव प्रवृत्तिम्	देववर! उग्ररूपः भवान् कः मे आख्याहि। ते नमः अस्तु। प्रसीद। आद्यं भवन्तं विज्ञातुम् इच्छामि। तव प्रवृत्तिं न हि प्रजानामि।	தெய்வங்களில் சிறந்தவரே! பயங்கர வடிவுள்ள நீங்கள் யார் (என்று) என்னிடம் கூறுங்கள். உம்மை வணங்குகிறேன். அருள் புரியுங்கள். ஆதியிலிருந்து உங்களை அறிய விரும்புகிறேன். உங்களுடைய செயலை நிச்சயமாக புரிந்து கொள்ள முடியவில்லை.
bhagavadgita_anvaya_L436	श्रीभगवानुवाच कालोस्मि लोकक्षयकृत् प्रवृत्तः लोकान्समाहर्तुमिह प्रवृत्तः ऋतेपि त्वा न भविष्यन्ति सर्वे येवस्थिताः प्रत्यनीकेषु योधाः	लोकक्षयकृत् प्रवृद्धः कालः अस्मि। लोकान् समाहर्तुम् इह प्रवृत्तः। त्वाम् ऋते प्रत्यनीकेषु ये अवस्थिताः योधाः सर्वे अपि न भविष्यन्ति।	உலகங்களை அழிக்கவல்ல பெருகி வளர்ந்துள்ள காலனாக இருக்கிறேன். உலகங்களைச் சம்ஹரிக்க இங்கு செயல்படுகிறேன். உன்னைத் தவிர எதிர்படையில் எந்த போர் வீரர்கள் இருக்கின்றார்களோ, எல்லோரும் இறுக்கப் போவதில்லை.
bhagavadgita_anvaya_L437	तस्मात्त्वमुत्तिष्ठ यशो लभस्व जित्वा शत्रून्भुङ्क्ष्व राज्यं समृद्दम् मयैवेते निहताः पूर्वमेव निमित्तमात्रं भव सव्यसाचिन्	सव्यसाचिन्! तस्मात् त्वम् उत्तिष्ठ यशः लभस्व। शत्रून् जित्वा समृद्धं राज्यं भुङ्क्ष्व। एते मया पूर्वं निहताः। निमित्तमात्रं भव।	இரு கைகளாலும் வில் பயன் படுத்த கூடியவனே! ஆகையால் நீ எழுந்திரு; புகழைப் பெரு. எதிரிகளை வென்று செழிப்பான ராஜ்யத்தை அனுபவி. இவர்கள் என்னால் ஏற்கனவே கொல்லப்பட்டிரிக்கிறார்கள். (நீ) வெறும் கருவியாக மட்டும் இரு.
bhagavadgita_anvaya_L438	द्रोणं च भीष्मं च जयद्रथं च कर्णं तथान्यानपि योधवीरान् मया हतांस्त्वं जहि मा व्यथिष्ठाः युध्यस्व जेतसि रणे सपत्नान्	द्रोणं च भीष्मं च जयद्रथं च कर्णं तथा अन्यान् अपि योधवीरान् मया हतान् त्वं जहि। मा व्यथिष्ठाः। युध्यस्व। रणे सपत्नान् जेतासि।	துரோணரும், பீஷ்மரும், ஜயத்ரதனும், கர்ணனும் அவ்வாறே இன்னும் மற்ற போர்வீரர்களும் என்னால் கொல்லப்பட்டவர்கள்; நீ வென்று வீழ்த்து. கவலைப்படாதே. போர் புரிவாயாக. போரில் பகைவர்களை வெல்லுவாய்.
bhagavadgita_anvaya_L439	द्रोणं च भीष्मं च जयद्रथं च कर्णं तथान्यानपि योधवीरान् मया हतांस्त्वं जहि मा व्यथिष्ठाः युध्यस्व जेतसि रणे सपत्नान् ||11.34|| सञ्जय उवाच एतच्छ्रुत्वा वचनं केशवस्य कृताञ्जलिर्वेपमानः किरीटी नमस्कृत्वा भूय एवाह कृष्णम् सगद्गदम् भीतभीतः प्रणम्य	किरीटी केशवस्य एतत् वचनं श्रुत्वा कृताञ्जलिः वेपमानः भीतभीतः कृष्णं नमस्कृत्वा सगद्गदं भूयः एव प्रणम्य आह।	மகுடம் அணிந்தவன் (அர்ஜுனன்) கேசவருடைய இந்த வசனத்தைக் கேட்டுக் கைகூப்பி நடுங்கிக் கொண்டே பயந்து பயந்து கிருஷ்ணனை நமஸ்கரித்து, தடுமாறி மீண்டும் மேலும் வணங்கிச் சொன்னான்.
bhagavadgita_anvaya_L440	अर्जुन उवाच स्थाने हृषीकेश तव प्रकीर्त्या जगत्प्रहृष्यत्यनुरज्यते च रक्षांसि भीतानि दिशोद्रवन्ति सर्वे नमस्यन्ति च सिद्धसङ्घाः	हृषीकेश! तव प्रकीर्त्या जगत् प्रहृष्यति अनुरज्यते च। रक्षांसि भीतानि दिशः द्रवन्ति। सर्वे सिद्धसङ्घाः च नमस्यन्ति इति स्थाने।	ரீஷீகேசா! உமது புகழில் உலகம் இன்புற்று மகிழ்கிறது. ராக்ஷசர்கள் பயத்தால் எல்லா திசைகளிலும் ஓடுகிறார்கள். மற்றும் எல்லா சித்தர் கூட்டங்களும் வணங்குகிறார்கள் இவை யாவும் பொருத்தமானவைகளே.
bhagavadgita_anvaya_L441	कस्मात् च ते न नमेरन् महात्मन् गरीयसे ब्रह्मणोप्यादिकर्त्रे अनन्त देवेश जगन्निवास त्वमक्षरं सदसत्तत्परं यत्	महात्मन्! गरीयसे ब्रह्मणः अपि आदिकर्त्रे ते कस्मात् च न नमेरन् ? अनन्त देवेश जगन्निवास! त्वं सत् असत् (च) तत्परं यत् अक्षरम् (तदपि)।	மஹாத்மாவே! பிரம்மனைவிடவும் உயர்ந்த ஆதிகர்த்தாவாகிய உன்னை ஏன் வணங்குவதில்லை? முடிவற்றவரே! தேவேசா! ஜகத்திற்கு இருப்பிடமானவரே! நீயே சத்து, அசத்து, (மற்றும்) அதற்கும் அப்பாற்பட்ட எது அழிவற்றதோ (அதுவும்).
bhagavadgita_anvaya_L442	त्वमादिडेवः पुरुषः पुराणः त्वमस्य विश्वस्य परं निधानम् वेत्तासि वेद्यं च परं च धाम त्वया ततं विश्वमनन्तरूप	अनन्तरूप! त्वम् आदिदेवः पुराणः पुरुषः। त्वम् अस्य विश्वस्य परं निधानं वेत्ता असि। वेद्यं च परं धाम च। विश्वं त्वया ततम्।	எண்ணில்லா வடிவங்களை உடையவனே! நீ ஆதிமுதற் கடவுள்; பழமையான புருஷர். நீ இந்த உலகத்திற்கு சிறந்த இருப்பிடம், அறிந்தவராக இருக்கிறீர்கள். அறியத்தக்கதும் மற்றும் உயர்ந்த இடம்(நீயே). உலகனைத்தும் உன்னால் வ்யாபிக்கப்பட்டுள்ளது.
bhagavadgita_anvaya_L443	वायुर्यमोग्निर्वरुणः शशाङ्कः प्रजापतिस्त्वं प्रपितामहश्च नमो नमस्तेस्तु सहस्रकृत्वः पुनश्च भूयोपि नमो नमस्ते	त्वं वायुः यमः अग्निः वरुणः शशाङ्कः प्रजापतिः प्रपितामहः च। ते सहस्रकृत्वः नमः नमः अस्तु। पुनः च भूयः अपि ते नमः नमः।	நீ காற்று, யமன், அக்கினி, வருணன், சந்திரன், மக்களை உருவாக்குபவன் (பிரம்மன்)மற்றும் முப்பாட்டனார். உனக்கு ஆயிரம் முறை வணக்கம் வணக்கம் இருக்கட்டும். மற்றும் மீண்டும் மேலும் கூட உனக்கு வணக்கங்கள்.
bhagavadgita_anvaya_L444	नमः पुरस्तात् पृष्ठतस्ते नमोस्तु ते सर्वत एव सर्व अनन्तवीर्याअमितविक्रमस्त्वम् सर्वं समाप्नोषि ततोसि सर्वः	पुरस्तात् अथ पृष्ठतः ते नमः। सर्व ते सर्वतः एव नमः अस्तु। अनन्तवीर्य! त्वम् अमितविक्रमः सर्वं समाप्नोषि। ततः सर्वः असि।	முன்புறமிருந்தும் பின்னர் பின்புறமிருந்தும் உனக்கு நமஸ்காரம். அனைத்துமானவரே, உனக்கு எல்லாப் புறங்களிலிருந்தும் நமஸ்காரம் இருக்கட்டும். அளவற்ற வலிமை உடையவரே! அளவற்ற பராக்கிரமம் உடைய நீ எல்லாவற்றிலும் வியாபித்து இருக்கிறீர்கள். அதனால் எல்லாம் நீயே.
bhagavadgita_anvaya_L445	सखेति मत्वा प्रसभं यदुक्तम् हे कृष्ण हे यादव हे सखेति अजानता महिमानं तवेदम् मया प्रमादात्प्रणयेन वापि यच्चावहासार्थमसत्कृतोसि विहारशय्यासनभोजनेषु एकोथवाप्यच्युत तत्समक्षम् तत्क्षामये त्वामहमप्रमेयम्	तव महिमानम् इदम् अजानता मया प्रमादात् प्रणयेन वा अपि यत् सखा इति मत्वा प्रसभं हे कृष्ण हे यादव हे सखे इति उक्तम् विहारशय्यासनभोजनेषु अपहासार्थम् एकः अथवा तत्समक्षं वा यत् असत्कृतः असि अच्युत! तत् सर्वम् अहम् अप्रमेयं त्वां क्षामये।	உங்களுடைய இந்த பெருமையை அறியாத என்னால், தவறுதலாலோ, அன்பினாலோ அல்லது தோழன் என்று எண்ணி துடுக்காக ஏய் கிருஷ்ணா! ஏய் யாதவா! ஏய் நண்பனே! என்று கேளிக்கைகளிலன்பொழுதும், படுத்திருந்தபொழுதும், அமர்ந்திருந்தபொழுதும், உணவு அருந்துகையிலும், கிண்டலுக்காக தனியாக அல்லது பிறர் முன்னிலையிலோ அல்லது எந்தவிதமாக அவமதிக்கப்பட்டிருக்கிறீர்களோ, அச்சுதா! அவை அனைத்தும் அளவிடமுடியாத உன்னை நான் பொறுத்தருள வேண்டுகிறேன்.
bhagavadgita_anvaya_L446	पितासि लोकस्य चराचरस्य त्वमस्य पूज्यश्च गुरुर्गरीयान् न त्वत्समोस्त्यभ्यधिकः कुतोन्यः लोकत्रयेप्यप्रतिमप्रभाव	त्वं चराचरस्य अस्य लोकस्य पिता असि पूज्यः गुरुः गरीयान् च। अप्रतिमप्रभाव! लोकत्रये अपि त्वत्समः न अस्ति अभ्यधिकः अन्यः कुतः।	நீர் அசைவனவும் அசையாதனவும் கொண்ட , இந்த உலகத்திற்கு தந்தையாக இருக்கிறீர்; போற்றத் தக்கவராக, குருவாக, மற்றும் மிக உயர்ந்தவராக (இருக்கிறீர்). ஒப்பற்ற மகிமையுள்ளவரே! மூன்று உலகிலும் கூட உனக்கு நிகரானவர் கிடையாது. உன்னை விட மேலான மற்றொருவர் எங்கே?
bhagavadgita_anvaya_L447	तस्मात्प्रणम्य प्राणिधाय कायम् प्रसादये त्वामहमीशमीड्यम् पितेव पुत्रस्य सखेव सख्युः प्रियः प्रियायार्हसि देव सोढुम्	देव तस्मात् प्रणम्य कायं प्रणिधाय ईड्यम् ईशं त्वाम् अहं प्रसादये। पुत्रस्य पिता इव सख्युः सखा इव प्रियायाः प्रियः इव सोढुम् अर्हसि।	தேவா, ஆதலால் வணங்கி (நான்) காயத்தால் சாஷ்டாங்கமாக நமஸ்காரித்து வழிபடத்தக்க ஈசனாகிய உன்னை நான் மகிழ்ச்சி கொண்டவராக இருக்க வேண்டுகிறேன். மைந்தனுக்குத் தந்தை போன்றும், தோழனுக்குத் தோழன் போன்றும், காதலிக்கு காதலன் போன்றும் பொருத்தருள வேண்டும்.
bhagavadgita_anvaya_L448	अदृष्टपूर्वं हृषितोस्मि दृष्ट्वा भयेन च प्रव्यथितम् मनो मे तदेव मे दर्शय देव रूपम् प्रसीद देवेश जगन्निवास	देवेश जगन्निवास! प्रसीद! अदृष्टपूर्वं दृष्ट्वा हृषितः अस्मि। देव! मे मनः भयेन प्रव्यथितं च। तत् रूपम् एव मे दर्शय।	தேவர்களின் தலைவரே! உலகத்தின் இருப்பிடமே! தயவு செய்! முன்பு காணாததைக் கண்டு மகிழ்ந்தவனாயிருக்கிறேன். தேவா! என்னுடைய மனது மேலும் அச்சத்தால் நடுங்குகிறது. அந்த உருவத்தயே எனக்கு காட்டு.
bhagavadgita_anvaya_L449	किरीटिनं गदिनं चक्रहस्तम् इच्छामि त्वां द्रष्टुमहं तथैव तेनैव रूपेण चतुर्भुजेन सहस्रबाहो भव विश्वमूर्ते	विश्वमूर्ते अहं किरीटिनं गदिनं चक्रहस्तं त्वां तथा एव द्रष्टुम् इच्छामि। सहस्रबाहो! चतुर्भुजेन तेन रूपेण एव (उपलक्षितः) भव।	விசுவரூபம் கொண்டவரே! நான் கிரீடம் அணிந்தவராக, கதை பிடித்தவராக, கையில் சக்கரமும் உடையவராக உன்னை அவ்வாறே காண விரும்புகிறேன். ஆயிரம் கைகளுடையவரே! நான்கு கைகளுடைய அந்த வடிவத்தில் மட்டும் காட்சி அளியுங்கள்.
bhagavadgita_anvaya_L450	श्रीभगवानुवाच मया प्रसन्नेन तवार्जुनेदम् रूपं परं दर्शितमात्मयोगात् तेजोमयं विश्वमनन्तमाद्यम् यन्मे त्वदन्येन न दृष्टपूर्वम्	अर्जुन! प्रसन्नेन मया आत्मयोगात् तेजोमयं विश्वम् अनन्तम् आद्यं यत् मे त्वदन्येन न दृष्टपूर्वम् इदं परं रूपं तव दर्शितम्।	அர்ஜுனா! மகிழ்ச்சியுடன் என்னால் என்னுடைய ஆன்மிக சக்தியால், ஒளிமயமான, முடிவற்றதுமான, முதன்மையுமான, எந்த என்னுடைய மற்றவரால் காணப்படாத இந்த பரம ரூபம் உனக்குக் காண்பிக்கப்பட்டது.
bhagavadgita_anvaya_L451	न वेदयज्ञाध्ययनैर्न दानैः न च क्रियाभिर्न तपोभिरुग्रैः एवंरूपः शक्योहम् नृलोके द्रष्टुं त्वदन्येन कुरुप्रवीर	कुरुप्रवीर! नृलोके वेदयज्ञाध्ययनैः एवंरूपः अहं द्रष्टुं न शक्यः दानैः न क्रियाभिः च न उग्रैः तपोभिः न।	குருகுலப் பெருவீரா! மனித உலகில் வேதங்கள், யாகங்கள் கற்பதாலோ, இந்த ரூபத்தில் நான் காணப்பட இயலாதவன்; தானங்களாலோ,கர்மங்களாலோ மற்றும் கடுமையான தவங்களாலோ காணப்பட முடியாதவன்.
bhagavadgita_anvaya_L452	मा ते व्यथा मा च विमूढभावः दृष्ट्वा रूपं घोरमीदृङ्ममेदम् व्यपेतभीः प्रीतमनाः पुनस्त्वम् तदेव मे रूपमिदम् प्रपश्य	घोरम् ईदृक् मम रूपं दृष्ट्वा ते व्यथा मा विमूढभावः च मा। त्वं व्यपेतभीः प्रीतमनाः मे तत् एव इदं रूपं पुनः प्रपश्य।	இத்தகைய என்னுடைய கோரமான ரூபத்தை பார்த்து உனக்குக் கலக்கம் வேணடாம் மற்றும் மதிமயக்கமும் வேண்டாம். நீ அச்சம் நீங்கி, மகிழ்ந்த மனதுடன் என்னுடைய அதே, இந்த ரூபத்தை மீண்டும் பார்ப்பாயாக.
bhagavadgita_anvaya_L453	सञ्जय उवाच इत्यर्जुनम् वासुदेवस्तथोक्त्वा स्वकं रूपं दर्शयामास भूयः आश्वासयामास च भीतमेनम् भूत्वा पुनः सौम्यवपुर्महात्मा	वासुदेवः इति अर्जुनं तथा उक्त्वा स्वकं रूपं भूयः दर्शयामास। महात्मा सौम्यवपुः पुनः भूत्वा भीतम् एनम् आश्वासयामास च।	வாசுதேவர்(பகவான்) இவ்வாறு அர்ஜுனனிடம் கூறிவிட்டு அதேவிதமான தன்னுடைய ரூபத்தை மீண்டும் காண்பித்தார். மஹாத்மாவானவர் இனிய வடிவமாக திரும்பவும் ஆனபின், மற்றும் பயப்பட்ட இவனை தேற்றினார்.
bhagavadgita_anvaya_L454	अर्जुन उवाच दृष्ट्वेदं मानुषं रूपं तव सौम्यं जनार्दन इदानीमस्मि संवृत्तः सचेताः प्रकृतिं गतः	जनार्दन! सौम्यं मानुषम् इदं तव रूपं दृष्ट्वा इदानीं प्रकृतिं गतः सचेताः संवृत्तः अस्मि।	ஜனார்தனா! இனியதான உன்னுடைய இந்த மானுட ரூபத்தை பார்த்து இப்பொழுது என் இயல்பான நிலையை அடைந்து விட்டேன்; நிலைபெற்ற மனம் கொண்டவனாக ஆகிவிட்டேன்.
bhagavadgita_anvaya_L455	श्रीभगवानुवाच सुदुर्दर्शमिदं रूपं दृष्टवानसि यन्मम देवा अप्यस्य रूपस्य नित्यं दर्शनकाङ्क्षिणः	सुदुर्दर्शं यत् इदं रूपं दृष्टवान् असि अस्य रूपस्य देवाः अपि नित्यं दर्शनकाङि्क्षणः।	காண்பதற்கரிதான எந்த இந்த ரூபத்தை நீ பார்த்தாயா, இந்த ரூபத்தை தேவர்களும் கூட எப்பொழுதும் பார்க்க விரும்புகின்றனர்.
bhagavadgita_anvaya_L456	नाहम् वेदैर्न तपसा न दानेन न चेज्यया शक्य एवंविधो द्रष्टुं दृष्टवानसि मां यथा	अहम् एवंविधः वेदैः न तपसा न दानेन न इज्यया च न द्रष्टुं शक्यः यथा मां दृष्टवान् असि।	நான் இப்படிப்பட்டவன்(என்று) வேதங்களால், தவத்தால், தானத்தினால் மற்றும் யாகங்களால் காணப்பட முடியாதவன், எவ்வாறு என்னை(நீ) பார்த்தாயா.
bhagavadgita_anvaya_L457	भक्त्या त्वनन्यया शक्य अहमेवंविधोर्जुन ज्ञातुं द्रष्टुं च तत्त्वेन प्रवेष्टुं च परन्तप	परन्तप! अर्जुन! अहम् अनन्यया भक्त्या तु एवंविधः तत्त्वेन ज्ञातुं द्रष्टुं च प्रवेष्टुं च शक्यः।	எதிரிகளை வாட்டுபவனே! அர்ஜுனா! நான் வேறொன்றைப் பயனாகக் கருதாத பக்தியாலேயே(என்னை) இவ்விதம் உள்ளபடி அறிய மற்றும் காண மற்றும் நுழைய முடியும்.
bhagavadgita_anvaya_L458	मत्कर्मकृन्मत्परमो मद्भक्तः सङ्गवर्जितः निर्वैरः सर्वभूतेषु यः स मामेति पान्डव	पाण्डव! यः मत्कर्मकृत् मत्परमः मद्भक्तः सङ्गवर्जितः सर्वभूतेषु निर्वैरः सः माम् एति।	பாண்டவா! எவன் என் பொருட்டு கடமைகளை செய்வானோ, என்னையே மேலான கதியாகக் கொள்வானோ, என்னிடம் பக்தி செலுத்துவானோ, பற்றற்றவனோ, எல்லா உயிர்களிடத்தும் பகைமை இல்லாதவனோ, அவன் என்னை அடைகிறான்.
bhagavadgita_anvaya_L459	अर्जुन उवाच एवं सततयुक्ता ये भक्तास्त्वाम् पर्युपासते ये चाप्यक्षरमव्यक्तं तेषां के योगवित्तमाः	ये भक्ताः एवं सततयुक्ताः त्वां पर्युपासते ये च अपि अक्षरम् अव्यक्तं तेषां के योगवित्तमाः।	எந்த பக்தர்கள் இவ்வாறு நிரந்தரமாக இனைந்து உன்னை வணங்குகிறார்களோ மேலும் எவர்கள் அழியாத, உருவமற்ற பிரம்மத்தையே (வணங்குகிறார்களோ) இவர்களுள் யார் யோகத்தை நன்கு அறிந்தவர்கள்
bhagavadgita_anvaya_L460	श्रीभगवानुवाच मय्यावेश्य मनो ये मां नित्ययुक्ता उपासते श्रद्धया परयोपेतास्ते मे युक्ततमा मताः	ये मनः मयि आवेश्य नित्ययुक्ताः परया श्रद्धया उपेताः माम् उपासते ते मे युक्ततमाः मताः।	யார் மனதை என்னிடத்தில் செலுத்தி நிரந்தரமாக இணைந்து சிறந்த சிரத்தையுடன் கூடியவர்களாக என்னை வழிபடுகிறார்களோ, அவர்கள் என்னால் யோகிகளிலேயே மேலானவர்(என்று) மதிக்கப் படுவர்.
bhagavadgita_anvaya_L461	ये त्वक्षरमनिर्देश्यमव्यक्तं पर्युपासते सर्वत्रगमचिन्त्यं च कूटस्थमचलं ध्रुवम् सन्नियम्येन्द्रियग्रामं सर्वत्र समबुद्धयः ते प्राप्नुवन्ति मामेव सर्वभूतहिते रताः	ये तु इन्द्रियग्रामं सन्नियम्य सर्वत्र समबुद्धयः अनिर्देश्यम् अव्यक्तं सर्वत्रगम् अचिन्त्यं कूटस्थम् अचलं ध्रुवं च अक्षरं पर्युपासते सर्वभूतहिते रताः ते माम् एव प्राप्नुवन्ति।	ஆனால் எவர்கள் இந்திரியக் கூட்டத்தை நன்கு அடக்கி எங்கும் சமபுத்தியுள்ளவர்களாய், விவரிக்கமுடியததும், உருவமற்றதும், எங்கும் நிறைந்ததும், மனதுக்கெட்டாததும், மாறாததும், நிலையானதும், நத்தியமானதும் மற்றும் அழியாததும் (ஆகிய பிரம்மத்தை) நன்கு வழிபடுகிறார்களோ, எல்லா உயிர்களின் நன்மையில் ஈடுபட்டுள்ள அவர்கள் என்னையே வந்தடைகிறார்கள்.
bhagavadgita_anvaya_L462	क्लेशोधिकतरस्तेषामव्यक्तासक्तचेतसाम् अव्यक्ता हि गतिर्दुःखम् देहवद्भिरवाप्यते	अव्यक्तासक्तचेतसां तेशां क्लेशः अधिकतरः। देहवद्भिः हि अव्यक्ता गतिः दुःखम् अवाप्यते।	உருவமற்ற பிரம்மத்தில் மனதை ஈடுபடுத்தும் அவர்களுக்கு கஷ்டம் மிக அதிகமாகும். ஏனென்றால் உடலில் பற்றுள்ளவர்களால் உருவமற்ற பிரம்ம மார்க்கம் மிகுந்த சிரமத்துடன் அடையப்படுகிறது.
bhagavadgita_anvaya_L463	ये तु सर्वाणि कर्माणि मयि सन्न्यस्य मत्पराः अनन्येनैव योगेन मां ध्यायन्त उपासते तेषामहं समुद्धर्ता मृत्युसंसारसागरात् भवामि न चिरात् पार्थ मय्यावेशितचेतसाम्	ये तु सर्वाणि कर्माणि मयि सन्न्यस्य मत्पराः अनन्येन योगेन माम् एव ध्यायन्तः उपासते। पार्थ! अहं नचिरात् मयि आवेशितचेतसां तेषां मृत्युसंसारसागरात् समुद्धर्ता भवामि।	ஆனால் யார் எல்லா செயல்களையும் எனக்கு அர்ப்பணித்து, என்னையே பரகதியாகக்கொண்டு, நிலையான பக்தி யோகத்தால் என்னையே தியானித்து வழிபடுகிறார்களோ, பார்த்தா! நான் தாமதமின்றி, என்னில் மனதை ஈடுபடுத்தியவர்களை, மரண வடிவான ஸம்ஸாரக் கடலிலிருந்து கரையேற்றுபாவனாக ஆகிறேன்.
bhagavadgita_anvaya_L464	मय्येव मन आधत्स्व मयि बुद्धिं निवेशय निवसिष्यसि मय्येव अत ऊर्ध्वं न संशयः	मयि एव मनः आधत्स्व। मयि बुद्धिं निवेशय। अतः ऊर्ध्वं मयि एव निवसिष्यसि न संशयः।	என்னிடத்தே மனதை நிலைநிறுத்து. என்னிடம் புத்தியை ஈடுபடுத்து. இதற்கு பிறகு என்னிடத்தே வசிப்பாய் (என்பதில்) சந்தேகமில்லை.
bhagavadgita_anvaya_L465	अथ चित्तं समाधातुं न शक्नोषि मयि स्थिरम् अभ्यासयोगेन ततो मामिच्छाप्तुम् धनञ्जय	धनञ्जय!अथ मयि चित्तं स्थिरं समाधातुं न शक्नोषि ततः अभ्यासयोगेन माम् आप्तुम् इच्छ।	தனஞ்ஜயா! ஆகவே, என்னில் மனதை உறுதியாக நிலைத்திருக்க முடியாவிட்டால், அப்பொழுது பயிற்சி யோகத்தால் என்னை அடைய விரும்பு.
bhagavadgita_anvaya_L466	अभ्यासेप्यसमर्थोसि मत्कर्मपरमो भव मदर्थमपि कर्माणि कुर्वन्सिद्धिमवाप्स्यसि	अभ्यासे अपि असमर्थः असि मत्कर्मपरमः भव। मदर्थं कर्माणि कुर्वन् अपि सिद्धिम् अवाप्स्यसि।	பயிற்சியில் கூட திறமையற்றவனாய் இருந்தால், என்பொருட்டுக் கடமைகளை ஆற்றுபவனாக இரு. எனக்காகச் செயல்களைச் செய்வதாலும், சித்தி(என்னை அடைவது என்ற லட்சியத்தை) அடைவாய்.
bhagavadgita_anvaya_L467	अथैतदप्यशक्तोसि कर्तुं मद्योगमाश्रितः सर्वकर्मफलत्यागं ततः कुरु यतात्मवान्	अथ एतत् अपि कर्तुम् अशक्तः असि ततः मद्योगम् आश्रितः यतात्मवान् सर्वकर्मफलत्यागं कुरु।	ஆகவே இதைக்கூட செய்வதற்கு திறமையற்றவனாய் இருந்தால், அப்பொழுது என்னை அடைவது என்ற யோகத்தை சார்ந்து நின்று, தன்னடக்கம் உடையவனாக, செய்கின்ற எல்லாக் கர்மங்களின் பயன்களையும் துறந்து விடு.
bhagavadgita_anvaya_L468	श्रेयो हि ज्ञानमभ्यासाज्ज्ञानाद्ध्यानं विशिष्यते ध्यानात्कर्मफलत्यागस्त्यागाच्छान्तिरनन्तरम्	अभ्यासात् हि ज्ञानं श्रेयः ज्ञानात् ध्यानं विशिष्यते। ध्यानात् कर्मफलत्यागः त्यागात् अनन्तरं शान्तिः।	ஏனெனில் பயிற்சியைவிட ஞானம் சிறந்தது, ஞானத்திலும் தியானம் மேலானது. தியானத்தைக்காட்டிலும், கர்மத்தின் பயனை துறப்பது (சிறந்தது), துறையிலிருந்து விரைவில் சாந்தி வருகிறது.
bhagavadgita_anvaya_L469	अद्वेष्टा सर्वभूतानां मैत्रः करुण एव च निर्ममो निरहङ्कारः समदुःखसुखः क्षमी सन्तुष्टः सततं योगी यतात्मा दृढनिश्चयः मय्यर्पितमनोबुद्धिर्यो मद्भक्तः स मे प्रियः	यः सर्वभूतानाम् अद्वेष्टा मैत्रः करुणः एव च निर्ममः निरहङ्कारः समदुःखसुखः क्षमी सततं सन्तुष्टः योगी दृढनिश्चयः मयि अर्पितमनोबुद्धिः मद्भक्तः सः मे प्रियः।	எவன் எல்லா உயிரினங்களிடமும் வெறுப்பின்றி நட்பு கொண்டவனோ, கருணை கட்டுபவனோ மற்றும் அவ்வாறே சொந்தம் கொண்டாடாதவனோ(மமகாரமற்றவனோ), தட்பெருமை இல்லாதவனோ (அஹங்காரமற்றவனோ), இன்ப துன்பங்களைச் சமமாக கருதுபவனோ, பொறுக்கும் இயல்புடையவனோ, எப்பொழுதும் திருப்தியுள்ளவனோ, யோகியோ, திடமான நம்பிக்கை உடையவனோ, என்னிடத்தில் மனம் புத்தி இவற்றை அர்ப்பணம் செய்த என்னுடைய அந்த பக்தன் எனக்குப் பிரியமானவன்.
bhagavadgita_anvaya_L470	यस्मान्नोद्विजते लोको लोकान्नोद्विजते च यः हर्षामर्षभयोद्वेगैर्मुक्तो यः स च मे प्रियः	यस्मात् लोकः न उद्विजते यः च लोकात् न उद्विजते यः हर्षामर्षभयोद्वेगैः मुक्तः सः च मे प्रियः।	எவனால் உலகுக்கு பாதிப்பு உண்டாவதில்லையோ மற்றும் எவன் உலகத்தினால் பாதிப்படைய மாட்டானோ, எவன் மகிழ்ச்சி, கோபம், பயம் மற்றும் கலக்கம் இவைகளிலிருந்து விடுபட்டவனோ, அவன் எனக்கு பிரியமானவன்.
bhagavadgita_anvaya_L471	अनपेक्षः शुचिर्दक्ष उदासीनो गतव्यथः सर्वारम्भपरित्यागी यो मद्भक्तः स मे प्रियः	यः अनपेक्षः शुचिः दक्षः उदासीनः गतव्यथः सर्वारम्भपरित्यागी मद्भक्तः सः मे प्रियः।	எவன் ஆசை இல்லாதவனோ, தூய்மையானவனோ, திறமையானவனோ, பற்றற்றவனோ ,துக்கத்திலிருந்து விடுதலை பெற்றவனோ, செயல்களனைத்திலும் 'நான் செய்கிறேன்' என்னும் அபிமானத்தை துறந்தவனோ, என்னுடைய அந்த பக்தன், எனக்கு பிரியமானவன்.
bhagavadgita_anvaya_L472	यो न हृष्यति न द्वेष्टि न शोचति न काङ्क्षति शुभाशुभपरित्यागी भक्तिमान्यः स मे प्रियः	यः न हृष्यति न द्वेष्टि न शोचति न काङ्क्षति शुभाशुभपरित्यागी भक्तिमान् सः च मे प्रियः।	எவன் மகிழ்வதில்லையோ, வெறுப்பதில்லையோ, துயரப்படுவதில்லையோ, எதற்கும் ஆசைப்படுவதில்லையோ மற்றும் எவனொருவன் நல்லதும், தீயதுமான செயல்கள் அனைத்தையும் துறந்தவனோ, அந்த பக்திமான் எனக்கு பிரியமானவன்.
bhagavadgita_anvaya_L473	समः शत्रौ च मित्रे च तथा मानापमानयोः शीतोष्णसुखदुःखेषु समः सङ्गविवर्जितः तुल्यनिन्दास्तुतिर्मौनी सन्तुष्टो येन केनचित् अनिकेतः स्थिरमतिर्भक्तिमान्मे प्रियो नरः	शत्रौ च मित्रे च समः तथा मानपमानयोः शीतोष्णसुखदुःखेषु समः सङ्गविवर्जितः तुल्यनिन्दास्तुतिः मौनी येन केनचित् सन्तुष्टः अनिकेतः स्थिरमतिः भक्तिमान् नरः मे प्रियः।	பகைவனிடமும் மற்றும் நண்பனிடமும் சமபுத்தியுடையவன், அதேபோல மானம் அவமானம், குளிர் வெப்பம், இன்ப துன்பம் இவைகளில் சமபுத்தியுடையவன், பற்றற்றவன், இகழ்ச்சியையும் புகழ்ச்சியழியும் ஒன்றாகக் கருதும் மௌனி(மௌனமாக இருப்பவன்), எதுவானாலும் திருப்தியடைபவன், இருக்க இடம் தேடாதவன், உறுதியான உள்ளம் கொண்ட பக்தியுள்ள மனிதன் எனக்கு பிரியமானவன்.
bhagavadgita_anvaya_L474	ये तु धर्म्यामृतमिदं यथोक्तम् पर्युपासते श्रद्दधाना मत्परमा भक्तास्तेतीव मे प्रियाः	ये तु भक्ताः श्रद्धधानाः मत्परमाः यथोक्तम् इदं धर्म्यामृतं पर्युपासते ते मे अतीव प्रियाः।	ஆனால் எந்த பக்தர்கள் ஆழ்ந்த நம்பிக்கையுடன் என்னையே மேலான கதியாகக் கொண்டு, கூறப்பட்ட இந்த அமிர்தம் போன்ற தர்மத்தை கடைப்பிடிக்கிறார்களோ அவர்களே எனக்கு மிகவும் பிரியமானவர்கள்.
bhagavadgita_anvaya_L475	श्रीभगवानुवाच इदं शरीरं कौन्तेय क्षेत्रमित्यभिधीयते एतद्यो वेत्ति तं प्राहुः क्षेत्रज्ञ इति तद्विदः	कौन्तेय! इदं शरीरं क्षेत्रम् इति अभिधीयते। यः एतत् वेत्ति तं क्षेत्रज्ञः इति तद्विदः आहुः।	பகவான் கூறினான் குந்தியின் மகனே! குந்தியின் மகனே! இந்த உடலை க்ஷேத்ரா (நிலம்) என்றும், அதை அறிபவன் உட்கூட்டைப் பற்றி அறிந்தவன் என்றும் அழைக்கப்படுகிறான்.
bhagavadgita_anvaya_L476	क्षेत्रज्ञं चापि मां विद्धि सर्वक्षेत्रेषु भारत क्षेत्रक्षेत्रज्ञयोर्ज्ञानं यत्तज्ज्ञानं मतं मम	भारत! सर्वक्षेत्रेषु क्षेत्रज्ञं च अपि मां विद्धि यत् क्षेत्रक्षेज्ञयोः ज्ञानं तत् ज्ञानम् (इति) मम मतम्।	பார்த்தனே! நான் அனைத்து உயிர்களின் உட்கூற்றைப் பற்றி அறிந்தவன். உடற்கூறு மற்றும் அதை அறிந்தவன், அவன் ஞானம் உடையவன், என்னைச் சார்ந்தவன்.
bhagavadgita_anvaya_L477	तत्क्षेत्रं यच्च यादृक्च यद्विकारि यतश्च यत् स च यो यत्प्रभावश्च तत्समासेन मे श्रुणु	तत् क्षेत्रं यत् च यादृक् च यद्विकारि यतः च। सः च यः यत्प्रभावः च तत् समासेन मे शृणु।	அந்த உடற்கூறு ஆனது எத்தகையத் தன்மை உடையது, எதனால் செயல்படுகின்றது, அதை அறிந்தவனுக்கு எத்தகையவன் என்பதை என்னிடமிருந்து அறிவாயாக!
bhagavadgita_anvaya_L478	ऋषिभिर्बहुधा गीतं छन्दोभिर्विविधैः पृथक् ब्रह्मसूत्रपदैश्चैव हेतुमद्भिर्विनिश्चितैः	(तदितम् ) विविधैः छन्दोभिः ऋषिभिः हेतुमद्भिः विनिश्चितैः ब्रह्मसूत्रपदैश्च बहुधा पृथक् गीतम्।	ரிஷிகளின் மூலம் பல விதமாக அதைப்பற்றி சொல்லப்பட்டு இருக்கிறது. அதை சுருக்கமாகவும் நிர்ணயிக்கப்பட்டு பிரம்ம சூத்திரங்களில் கூறப்பட்டு உள்ளது.
bhagavadgita_anvaya_L479	महाभूतान्य्यहङ्कारो बुद्धिरव्यक्तमेव च इन्द्रियाणि दशैकं च पञ्च चेन्द्रियगोचराः इच्छा द्वेषः सुखं दुःखं सङ्घातश्चेतना धृतिः एतत्क्षेत्रं समासेन सविकारमुदाहृतम्	महाभूतानि अहङ्कारः बुद्धिः अव्यक्तम् एव च दश एकं च इन्द्रियाणि पञ्च इन्द्रियगोचराः च इच्छा द्वेषः सुखं दुःखं सङ्घातः चेतना धृतिः च एतत् सविकारं समासेन क्षेत्रम् उदाहृतम्।	பஞ்சபூதம் அகங்காரம் புத்தி அவ்யக்த பத்து புலன்கள் மனம் ஐந்து புலன் பொருட்கள் விருப்பு வெறுப்பு இன்பம் துன்பம் உயிரின் அறிகுறிகள் திட நம்பிக்கை சுருக்கமாக செயல்களின் காலம் அதன் மாறுபாடுகள் எண்று கருதப்படுகின்றன
bhagavadgita_anvaya_L480	अमानित्वमदम्भित्वमहिंसा क्षान्तिरार्जवम् आचार्योपासनं शौचं स्थैर्यमात्मविनिग्रहः इन्द्रियार्थेषु वैराग्यमनहंकार एव च जन्ममृत्युजराव्याधिदुःखदोषानुदर्शनम् असक्तिरनभिष्वङ्गः पुत्रदारगृहादिषु निट्यं च समचित्तत्वमिष्टानिष्टोपपत्तिषु मयि चानन्ययोगेन भक्तिरव्यभिचारिणी विविक्तदेशसेवित्वमरतिर्जनसंसदि अध्यात्मज्ञाननित्यत्वं तत्त्वज्ञानार्थदर्शनम् एतज्ज्ञानमिति प्रोक्तमज्ञानम् यदतोन्यथा	अमानित्वम् अदम्भित्वम् अहिंसा क्षान्तिः आर्जवम् अचार्योपासनम् शौचम् स्थैर्यम् आत्मविनिग्रहः इन्द्रियार्थेषु वैराग्यम् अनहङकार एव च जन्ममृत्युजराव्याधिदुःखदोषानुदर्शनम् असक्तिः पुत्रदारगृहादिषु अनभिष्वङ्गः इष्टानिष्टोपपत्तिषु नित्यं समचित्तत्वम् च मयि च अनन्ययोगेन अव्यभिचारिणी भक्तिः च विविक्तदेशसेवित्वम् जनसंसदि अरतिः अध्यात्मज्ञाननित्यत्वम् तत्त्वज्ञानार्थदर्शनम् एतत् ज्ञानम् इति प्रोक्तम्। अतः अन्यथा यत् तत् अज्ञानम्।	அடக்கம், கவரமின்மை, அஹிம்சை, பொறுமை எளிமை அங்கீகரிக்கப்பட்ட ஆன்மீக குருவை அணுகுதல், தூய்மை தளராமை சுயக்கட்டுப்பாடு, புலனுணர்ச்சிப் பொருட்களை புறத்தல் பொய் அகங்காரம் இல்லாதிருத்தல் பிறப்பு இறப்பு முதுமை நோய் ஆகியவற்றின் துன்பத்தை கவனித்தல் குழந்தைகள், மனைவி, வீடு மற்றும் இதர பந்தத்தில் இருந்து விடுவித்து இருத்தல் விருப்பு வெறுப்புகளில் சமநிலை என்மீது நித்தியமான களங்கமற்ற பக்தி தனிமையில் வாழ விரும்புதல் பொது மக்களிடம் இருந்து விலகி இருத்தல் ஆத்மஞானத்தின் முக்கியத்துவத்தை ஏற்றல் பரம தத்துவத்தை அறிவதற்கான ஆய்வு, இவை அனைத்தையும் நான் ஞானமான அறிவிக்கிறேன். இவற்றை தவிர மற்றவை அனைத்தும் அறியாமையே ஆகும்.
bhagavadgita_anvaya_L481	ज्ञेयं यत्तत्प्रवक्ष्यामि यज्ज्ञात्वामृतमश्नुते अनादिमत्परं ब्रह्म न सत्तन्नासदुच्यते	यत् ज्ञेयं तत् प्रवक्ष्यामि यत् ज्ञात्वा अमृतम् अश्नुते। अनादिमत् परं ब्रह्म न सत्।	தற்போது நீ எதை அறிவதால் அமிர்தத்தை சுவைப்பாயோ அதை நான் உனக்கு விளக்குகிறேன். தொடக்கமில்லாததும் என் கீழ் உள்ளதும் பிரம்மம், ஆத்ம என அழைக்கப்படுவதுமான இது ஜட உலகிற்கு காரணம் மற்றும் அப்பாற்பட்டு விளங்குகிறது.
bhagavadgita_anvaya_L482	सर्वतःपाणिपादं तत्सर्वतोक्षिशिरोमुखम् सर्वतःश्रुतिमल्लोके सर्वमावृत्य तिष्ठति	सर्वतः पाणिपादं सर्वतः अक्षिशिरोमुखं सर्वतः शृतिमत् तत् लोके सर्वम् आवृत्य तिष्ठति।	அவரது கரங்கள் கால்கள் கண்கள் முகங்கள் மற்றும் எல்லா இடங்களிலும் உள்ளன. எல்லா இடங்களிலும் அவரது காதுகளும் உள்ளன. இவ்வாறாக எங்கும் வீற்று இருப்பவராக பரமாத்மா உள்ளார்.
bhagavadgita_anvaya_L483	सर्वेन्द्रियगुणाभासं सर्वेन्द्रियविवर्जितम् असक्तं सर्वभृच्चैव निर्गुणं गुणभोक्तृ च बहिरन्तश्च भूतानामचरं चरमेव च सूक्ष्मत्वात्तदविज्ञेयं दूरस्थं चान्तिके च तत् अविभक्तं च भूतेषु विभक्तमिव च स्थितम् भूतभर्तृ च तज्ज्ञेयं ग्रसिष्णु प्रभविष्णु च ज्योतिषामपि तज्ज्योतिस्तमसः परमुच्यते ज्ञानं ज्ञेयं ज्ञानगम्यं हृदि सर्वस्य विष्ठितम्	तत् सर्वेन्द्रियगुणाभासं सर्वेन्द्रियविवर्जितम् असक्तं सर्वभृत् च एव निर्गुणम् गुणभोक्तृ च भूतानां बहिः अन्तः च अचरं चरम् एव च सूक्ष्मत्वात् तत् अविज्ञेयम् दूरस्थं च अन्तिके च भूतेषु अविभक्तं च विभक्तम् इव स्थितम् च भूतभर्तृ च ग्रसिष्णु प्रभविष्णु च ज्ञेयं ज्योतिषाम् अपि ज्योतिः तमसः परम् उच्यते। ज्ञानं ज्ञेयं ज्ञानगम्यम् हृदि सर्वस्य विष्ठितम्।	எல்லா புலன்களுக்கும் மூல காரணம் பரமாத்மாவே. இருப்பினும் அவரிடம் புலன்கள் கிடையாது. அவரே எல்லா உயிர் வாழிகளையும் பராமரிப்பவர். இருப்பினும் அவர் பற்றற்றவராக உள்ளார். அவர் இயற்கையின் குணங்களுக்கு அப்பாற்பட்டவர். அதே சமயத்தில் ஜக இயற்கையின் எல்லா குணங்களுக்கும் அவரே எஜமானர். பரம உண்மை. எல்லா உயிர் வாழிகளின் உள்ளும் புறமும், அசைவன மற்றும் அசையாத பொருளிலும் உள்ளார். அவர் சூக்ஷ்மமானவர் என்பதால் ஜடா பொருட்களால் காண்பதற்கோ அறிவதற்கோ அப்பாற்பட்டவர். மிக மிகத் தொலைவில் இருப்பது போல் தோன்றினாலும் அவர் அனைவரின் அருகிலும் உள்ளார். எல்லா உயிர்களுக்கும் இடையே இருந்திருப்பதாகத் தோன்றினாலும் அவர் ஒருபோதும் பிரிக்கப்பட முடியாதவர். அவர் ஒருவராகவே இருக்கின்றார். அவரே எல்லா உயிர் வாழிகளையும் காப்பவர் என்றபோதிலும் அழிப்பவரும் விருத்தி செய்பவரும் அவரே. என்பதை புரிந்து கொள்ளவேண்டும். ஒளிரும் எல்லாப்பொருட்களுக்கும் மூலம் அவரே. அவர் ஜடத்தின் இருட்டிற்கு அப்பாற்பட்டவராகவும் தோன்றாதவராகவும் உள்ளார். அவரே அறிவாகவும் அறியப்படும் பொருளாகவும் அறிவின் இலக்காகவும் உள்ளார்
bhagavadgita_anvaya_L484	इति क्षेत्रं तथा ज्ञानं ज्ञेयं चोक्तं समासतः मद्भक्त एतद्विज्ञाय मद्भावायोपपद्यते	इति क्षेत्रं तथा ज्ञानं ज्ञेयं च समासतः उक्तम्। मद्भक्तः एतत् विज्ञाय मद्भवाय उपपद्यते।	இவ்வாறாக, செயல்களில் காலம், இடம், அறிவு ஞானம் அறியப்படும் பொருள் ஆகியவை சுருக்கமாக என்னால் விவரிக்கப்பட்டன. எனது பக்தர்கள் மட்டுமே இவற்றை முழுமையாகப் புரிந்துகொண்டு எனது இயற்கையை அடைய முடியும். .
bhagavadgita_anvaya_L485	प्रकृतिं पुरुषं चैव विद्ध्यनादी उभावपि विकारांश्च गुणांश्चैव विद्धि प्रकृतिसम्भवान्	प्रकृतिं पुरुषं च एव उभौ अपि अनादी विद्धि। विकारान् गुणान् च एव प्रकृतिसम्भवान् विद्धि।	ஜட இயற்கையும் உயிர் வாழிகளும் ஆரம்பமற்றவை என்பதை புரிந்து கொள்ள வேண்டும். அவற்றின் மாற்றங்களும் ஜடத்தின் குணங்களும், இயற்கையின் உற்பத்திப் பொருட்களே
bhagavadgita_anvaya_L486	कार्यकरणकर्तृत्वे हेतुः प्रकृतिरुच्यते पुरुषः सुखदुःखानां भोक्तृत्वे हेतुरुच्यते	कार्यकारणकर्तृत्वे प्रकृतिः हेतुः उच्यते। पुरुषः सुखःदुखानं भोक्तृत्वे हेतुः उच्यते।	எல்லா செயல்களுக்கும் விளைவுகளுக்கும் இயற்கையே காரணமாக கூறப்படுகிறது. இருப்பினும் இவ்வுலகின் பல்வேறு இன்ப துன்பங்களுக்கு உயிர் வாழியே காரணமாக கூறப்படுகின்றது.
bhagavadgita_anvaya_L487	पुरुषः प्रकृतिस्थो हि भुङ्क्ते प्रकृतिजान्गुणान् कारणं गुणसङ्गोस्य सदसद्योनिजन्मसु	पुरुषः हि प्रकृतिस्थः प्रकृतिजान्गुणान् भुङ्क्ते अस्य सदसद्योनिजन्मसु गुणसङ्गः कारणम्।	இவ்வாறாக ஜடத்தில் உள்ள உயிர் வாழி இயற்கையின் முக்குணங்களை அனுபவித்துக் கொண்டு வாழ்வின் வழிகளைப் பின்பற்றுகின்றான். இவை இயற்கையின் தொடர்பினால் ஏற்படுபவை. இவ்வாறு அவன் பல்வேறு வகைகளில் நன்மை தீமைகளை சந்திக்கின்றான்.
bhagavadgita_anvaya_L488	उपद्रष्टानुमन्ता च भर्ता भोक्ता महेश्वरः परमात्मेति चाप्युक्तो देहेस्मिन्पुरुषः परः	उपद्रष्टा अनुमन्ता भर्ता भोक्ता महेश्वरः च परमात्मा इति च अपि उक्तः अस्मिन् देहे परः पुरुषः।	இருப்பினும் இவ்வுலகில் மற்றொரு வரும் இருக்கின்றார். அவர் தெய்வீக அனுபவிப்பாளர். அவரே இறைவன். எல்லாவற்றினுக்கும் உரிமையாளர். மேற்பார்வையிட்டு அனுமதி வழங்கும் பரமனும் அவரே.
bhagavadgita_anvaya_L489	य एवं वेत्ति पुरुषं प्रकृतिं च गुणैः सःअ सर्वथा वर्तमानोपि न स भूयोभिजायते	यः एवं गुणैः सह पुरुषं प्रकृतिं च वेत्ति सः सर्वथा वर्तमानः अपि भूयः न अभिजयते।	இயற்கை உயிர் குணங்கள் - இவற்றிற்கு இடையிலான தொடர்பு பற்றிய தத்துவத்தை புரிந்துகொள்பவன் நிச்சயமாக முக்தி அடைகிறான். அவனது தற்போதைய நிலை எவ்வாறு இருந்தாலும் சரி, அவனுக்கு மறுபிறப்பு இல்லை.
bhagavadgita_anvaya_L490	ध्यानेनात्मनि पश्यन्ति केचिदात्मानमात्मना अन्ये साङ्ख्येन योगेन कर्मयोगेन चापरे	केचित् ध्यानेन आत्मनि आत्मना आत्मानं पश्यन्ति। अन्ये साङ्ख्येन योगेन अपरे कर्मयोगेन।	தங்களுக்குள் இருக்கும் பரமாத்மாவினை சிலர் த்யானத்தினாலும் சிலர் ஞானத்தை வளர்ப்பதாலும் வேறு சிலர் பலனை எதிர்பாராது செயல்படுவதாலும் காண்கின்றனர்
bhagavadgita_anvaya_L491	अन्ये त्वेवमजानन्तः श्रुत्वान्येभ्य उपासते तेपि चातितरन्त्येव मृत्युं श्रुतिपरायणाः	अन्ये तु एवम् अजानन्तः अन्येभ्यः श्रुत्वा उपासते। शृतिपरायणाः ते अपि मृत्युम् अतितरन्ति एव।	வேறு சிலர் ஆன்மீக ஞானத்தில் ஆழ்ந்த அறிவு இல்லாத போதிலும் பிறர் மூலம் இறைஞானத்தை பெற்றதன் அடிப்படையில் அவரை வழிபடத் தொடங்குகின்றனர். ஞானமுள்ளவர்கள் மூலம் கேட்கும் தங்களின் இயல்பால் அவர்களும் பிறப்பிறப்பின் வழிகளைக் கடந்து செல்கின்றனர்.
bhagavadgita_anvaya_L492	यावत्सञ्जायते किञ्चित्सत्त्वं स्थावरजङ्गमम् क्षेत्रक्षेत्रज्ञसंयोगात्तद्विद्धि भरतर्षभ	भरतर्षभ! स्थावरजङ्गमं किञ्चित् सत्त्वं यावत् सञ्जायते तत् क्षेत्रक्षेत्रज्ञसंयोगात् विद्धि।	பாரதர்களின் தலைவனே அசைவது, அசையாதவை என எதையெல்லாம் நீ காண்கின்றாயோ அவற்றையெல்லாம் செயல்களின் களமும், காலத்தை அறிபவனும், இணைந்த கலவையே ஆகும்.
bhagavadgita_anvaya_L493	समं सर्वेषु भूतेषु तिष्ठाण्तं परमेश्वरम् विनश्यत्स्वविनश्यन्तं यः पश्यति स पश्यति	सर्वेषु भूतेषु समं तिष्ठन्तं विनश्यत्सु अविनश्यन्तं परमेश्वरं यः पश्यति सः पश्यति।	எல்லா உயிர்களிடம் இருந்தும் ஜீவாத்மாவிடம் இருந்து பரமாத்மாவை காண்பவனும் அழியக்கூடிய உடலினுள் இருக்கும் ஆன்மாவும் பரமாத்மாவும் அழிவதில்லை என்று புரிந்துகொள்பவனே உண்மையில் காண்பவனாவான்.
bhagavadgita_anvaya_L494	समं पश्यन्हि सर्वत्र समवस्थितमीश्वरम् न हिनस्त्यात्मनात्मानं ततो याति परां गतिम्	सर्वत्र समवस्थितम् ई्श्वरं समं पश्यन् हि आत्मना आत्मानं न हिनस्ति ततः परां गतिं याति।	பரமாத்மா எல்லா இடங்களிலும் எல்லா உயிர்வாழியிலும் சமமாக வீற்று இருப்பதைக் காண்பவன் தனது மனதால் தன்னை இழிவு படுத்திக்கொள்வதில்லை. இவ்வாறு அவன் தெய்வீக இலக்கை அணுகுகின்றான்.
bhagavadgita_anvaya_L495	प्रकृत्यैव च कर्माणि क्रियमाणानि सर्वशः यः पश्यति तथात्मानमकर्तारं स पश्यति	यः सर्वशः कर्माणि प्रकृत्या एव च क्रियमाणानि पश्यति तथा आत्मानम् अकर्तारं (पश्यति) सः पश्यति।	எவனொருவன் ஜட இயற்கையால் படைக்கப்பட்ட பொருட்கள் எல்லா செயல்களை செய்கின்றது என்பதையும் ஆத்மா எதையும் செய்வதில்லை என்பதை உணர்கின்றானோ அவனே உண்மையில் இறைவனைக் காண்கின்றான்.
bhagavadgita_anvaya_L496	यदा भूतपृथग्भावमेकस्थमनुपश्यति तत एव च विस्तारं ब्रह्म सम्पद्यते तदा	यदा भूतपृथग्भावम् एकस्थम् अनुपश्यति ततः एव च तदा विस्तारं ब्रह्म सम्पद्यते।	அறிவுள்ள மனிதன் பல்வேறு தோன்றங்களில் பலவிதங்களைக் காண்பதை நிறுத்தி உயிர்வாழிகளே (இறைவனே படைத்த) எங்கும் நிறைந்துள்ளது என்பதை எப்போது காண்கின்றானோ அப்போது அவன் பிரும்ம நிலையை அடைகின்றான்.
bhagavadgita_anvaya_L497	अनादित्वान्निर्गुणत्वात्परमात्मायमव्ययः शरीरस्थोपि कौन्तेय न करोति न लिप्यते	कौन्तेय! अयम् अव्ययः परमात्मा शरीरस्थः अपि अनादित्वात् निर्गुणत्वात् न करोति न लिप्यते।	என்றும் நித்யம் எது என்பதை உணர்ந்தவர்கள் அழிவற்ற ஆத்ம தெய்வீகமானது நித்தியமானது இயற்கையின் குணங்களுக்கு அப்பாற்பட்டது, என்பதைக் காண முடியும். ஜடா உடலின் தொடர்பில் இருந்தாலும் கூட ஆத்மா எதையும் செய்வதோ பந்தப்படுவதோ இல்லை.
bhagavadgita_anvaya_L498	यथा सर्वगतं सौक्ष्म्यादाकाशं नोपलिप्यते सर्वत्रावस्थितो देहे तथात्मा नोपलिप्यते	यथा सर्वगतम् आकाशं सौक्ष्म्यात् न उपलिप्यते तथा सर्वत्र देहे अवस्थितः आत्मा न उपलिप्यते।	எங்கும் நிறைந்திருந்தாலும் தனது நுண்ணிய இயற்கையினால் ஆகாயம் எதனுடனும் கலக்காமல் இருக்கின்றது. பிரம்மனின் பார்வையில் நிலைபெற்றுள்ள ஆத்மா உடலில் அமைந்திருந்தாலும் உடலுடன் கலப்பதில்லை.
bhagavadgita_anvaya_L499	यथा प्रकाशयत्येकः कृत्स्नं लोकमिमं रविः क्षेत्रं क्षेत्री तथा कृत्स्नम् प्रकाशयति भारत	भारत! एकः रविः कृत्स्नम् इमं लोकं यथा प्रकाशयति तथा क्षेत्री कृत्स्नं क्षेत्रं प्रकाशयति।	குந்தியின் மைந்தனே ஒரே ஒரு சூரியன் இந்தப் பிரபஞ்சம் முழுவதையும் பிரகாசமாக்குவதைப் போல உடலினுள் இருக்கும் ஆத்மா தனது உணர்வினால் உடல் முழுவதையும் ஒளிரச்செயகின்றான்
bhagavadgita_anvaya_L500	क्षेत्रक्षेत्रज्ञयोरेवमन्तरं ज्ञानचक्षुषा भूतप्रकृतिमोक्षं च ये विदुर्यान्ति ते परम्	एवं ज्ञानचक्षुषा क्षेत्रक्षेत्रज्ञयोः अन्तरं भूतप्रकृतिमोक्षं च ये विदुः ते परं यान्ति।	உடலுக்கும் உடலின் உரிமையாளருக்கும் உள்ள இந்த வேறுபாட்டை ஞானக் கண்களைக் கொண்டு அறிந்து இயற்கையின் பந்தத்தில் இருந்து விடுபடும் வழிகளை புரிந்து கொள்பவர்கள் பரம இலக்கினை அடைகின்றனர்.
bhagavadgita_anvaya_L501	श्रीभगवानुवाच परं भूयः प्रवक्ष्यामि ज्ञानानां ज्ञानमुत्तमम् यज्ज्ञात्वा मुनयः सर्वे परां सिद्धिमितो गताः	भूयः परं ज्ञानानाम उत्तमं ज्ञानं प्रवक्ष्यामि। सर्व मुनयः यत् ज्ञात्वा इतः परां सिद्धिं गताः।	பகவான் கூறினார், எல்லா ஞானிகளும் இந்த வாழ்க்கைக்குப் பிறகு பரம நிலையை அடைந்து விட்டார்கள் என்பதை அறிந்து, எல்லா அறிவிலும் சிறந்த அறிவை நான் மீண்டும் (உனக்கு) அறிவிக்கிறேன் என்றார்.
bhagavadgita_anvaya_L502	इदं ज्ञानमुपाश्रित्य मम साधर्म्यमागतः सर्गेपि नोपजायन्ते प्रलये न व्यथन्ति च	इदं ज्ञानम् उपाश्रित्य मम साधर्म्यम् आगताः सर्गे अपि न उपजायन्ते प्रलये च न व्यथन्ति।	எவனொருவன் இந்த அறிவில் அடைக்கலமாகி, என்னில் கலக்கிறார்களோ, அவர்கள் படைப்பின் போது பிறக்கவில்லை, பிரளயத்திலும் கலங்குவதில்லை.
bhagavadgita_anvaya_L503	मम योनिर्महद्ब्रह्म तस्मिन्गर्भं दधाम्यहम् सम्भवः सर्वभूतानां ततो भवति भारत	भारत! मम योनिः महत् ब्रह्म। तस्मिन् अहं गर्भं दधामि। ततः सर्वभूतानां सम्भवः भवति।	ஓ பாரத தேசத்தின் அர்ஜுனே! எனது தோற்றம் கர்ப்பப்பை போன்றது. அதில் வாழும் கருவை நான் நிறுவுனேன். அவனிடமிருந்தே அனைத்து உயிர்களும் உருவாகின்றன.
bhagavadgita_anvaya_L504	सर्वयोनिषु कौन्तेय मूर्तयः सम्भवन्ति याः तासां ब्रह्म महद्योनिरहं बीजप्रदः पिता	कौन्तेय! सर्वयोनिषु याः मूर्तयः सम्भवन्ति तासां योनिः महत् ब्रह्म अहं बीजप्रदः पिता।	அர்ஜுனா, உருவாகும் எல்லா உயிர்களுக்கும், அதன் கருவறைகளில், பிரம்மன் அவர்களின் கருவாகவும், நான் விதையை அளிக்கும் தந்தையாகவும் இருக்கிறேன்.
bhagavadgita_anvaya_L505	सत्त्वं रजस्तम इति गुणाः प्रकृतिसम्भवाः निबध्नन्ति महाबाहो देहे देहिनमव्ययम्	महाबाहो! सत्त्वं रजः तमः इति प्रकृतिसम्भवाः गुणाः। देहे अव्ययं देहिनं निबघ्नन्ति।	சிறந்த ஆயுதங்களைத் தரித்தவனே, சத்வம், ரஜோ, தாமச குணங்கள் யாவும், உடலுடனும், ஆத்மாவுடணும் பின்னிப் பிணைந்து உள்ளன.
bhagavadgita_anvaya_L506	तत्र सत्त्वं निर्मलत्वात्प्रकाशकमनामयम् सुखसङ्गेन बध्नाति ज्ञानसङ्गेन चानघ	अनघ! तत्र निर्मलत्वात् प्रकाशकम् अनामयं सत्त्वं सुखसङ्गेन ज्ञानसङ्गेन च बध्नाति	பாவம் செய்யாத அர்ஜுன்! அந்த குணங்களில், சத்வ குணம் என்னும் ஒளி சுத்தமானது, தூயமையானது. அவர் (உடலை) மகிழ்ச்சி மற்றும் அறிவின் மீது பிணைக்கிறார்.
bhagavadgita_anvaya_L507	रजो रागात्मकं विद्धि तृष्णासङ्गसमुद्भवम् तन्निबध्नाति कौन्तेय कर्मसङ्गेन देहिनम्	कौन्तेय! तृष्णासङ्गसमुद्भवं रजः रागात्मकं विद्धि। तत् कर्मसङ्गेन देहिनम् निबध्नाति।	ஹே குந்தியின் மகனே! வேட்கையையும் பற்றுதலையும் உண்டாக்கும் ரஜோகுணத்தை ராகத்தின் வடிவமாகக் கருத வேண்டும். அவர் தனது உடலை செயல்களுடன் இணைக்கிறார்.
bhagavadgita_anvaya_L508	तमस्त्वज्ञानजं विद्धि मोहनं सर्वदेहिनाम् प्रमादालस्यनिद्रभिस्तन्निबध्नाति भारत	भारत! सर्वदेहिनां मोहनं तमः तु अज्ञानजं विद्धि। तत् प्रमादालस्यनिद्राभिः निबध्नाति।	அர்ஜுனா! அனைத்து உயிர்களையும் வசீகரிக்கும் தமோ குணம் அறியாமையால் பிறந்ததாகக் கருத வேண்டும். கவனக்குறைவு, சோம்பேறித்தனம் மற்றும் தூக்கம் ஆகியவற்றின் மூலம் அவர் உடல் உயிருடன் பிணைந்து இருக்கிறது.
bhagavadgita_anvaya_L509	सत्त्वं सुखे सञ्जयति रजः कर्मणि भारत ज्ञानमावृत्य तु तमः प्रमादे सञ्जयत्युत	भारत! सत्त्वं सुखे सञ्जयति। रजः कर्मणि। तमः तु ज्ञानम् आवृत्य प्रमादे सञ्जयति उत।	ஓ அர்ஜுனா! சத்வ குணம் (சாதுவான குணம்) மகிழ்ச்சியையும், ராக்ஷஸ குணம் செயலையும் இணைக்கிறது,அதே சமயம் தாமச குணம் உண்மையிலேயே மறைந்திருக்கும் அறிவு கவனமின்மையை இணைக்கிறது.
bhagavadgita_anvaya_L510	रजस्तमश्चाभिभूय सत्त्वं भवति भारत रजः सत्त्वं तमश्चैव तमः सत्त्वं रजस्तथा	भारत! रजः तमः च अभिभूय सत्त्वं भवति। रजः सत्त्वं च अभिभूय तमः एव (भवति) तथा तमः सत्त्वम् अभिभूय रजः (भवति)।	ஹே அர்ஜுனன்! ராக்ஷஸ குணத்தையும், தாமச குணத்தையும் அடக்கினால், சத்வ குணம் பெருகும். தாமச குணத்தை அடக்கினால், ரஜோ குணமும், அது போலவே சத்வ குணத்தையும் ராஜஸ குணத்தையும் அடக்கினால் தமோ குணமும் பெருகும்.
bhagavadgita_anvaya_L511	सर्वद्वारेषु देहेस्मिन्प्रकाश उपजायते ज्ञानं यदा तदा विद्याद्विवृद्धं सत्त्वमित्युत	अस्मिन् देहे सर्वद्वारेषु यदा ज्ञानं प्रकाशः उपजायते तदा सत्त्वं विवृद्धम् उत इति जानीयात्।	இந்த உடலில் உள்ள ஒவ்வொரு உணர்வு நுழைவு வாயிலிலும், ஞான ஒளி பிரகாசிக்கும் போது, ​​சத்வமே பிரதானமானது என்பதை அறியலாம்.
bhagavadgita_anvaya_L512	लोभः प्रवृत्तिरारंभः कर्मणामशमः स्पृहा रजस्येतानि जायन्ते विवृद्धे भरतर्षभ	भरतर्षभ! लोभः प्रवृत्तिः कर्मणाम् आरम्भः अशमः स्पृहा एतानि रजसि विवृद्धे जायन्ते।	அர்ஜுனா! பேராசை, செயல்பாடு, செயல்களை மேற்கொள்வது, அமைதியின்மை, ஏக்கம் இவைகள் ராக்ஷஸ ஆதிக்கம் செலுத்தும் போது எழுகின்றன.
bhagavadgita_anvaya_L513	अप्रकाशोप्रवृत्तिश्च प्रमादो मोह एव च तमस्येतानि जायन्ते विवृद्धे कुरुनन्दन	कुरुनन्दन! अप्रकाशः अप्रवृत्तिः च प्रमादः मोह एव च एतानि तमसि विवृद्धे जायन्ते।	யாகத்தில் எஞ்சிய உணவை உண்ணும் பெரியவர்கள் எல்லா பாவங்களிலிருந்தும் விடுபடுகிறார்கள், ஆனால் தனக்காக மட்டுமே சமைப்பவர்கள் பாவங்களை மட்டுமே சாப்பிடுகிறார்கள்.
bhagavadgita_anvaya_L514	यदा सत्त्वे प्रवृद्धे तु प्रलयं याति देहभृत् तदोत्तम्विदां लोकानमलान्प्रतिपद्यते	सत्त्वे प्रवृद्धे तु यदा देहभृत् प्रलयं याति तदा उत्तमविदाम् अमलान् लोकान् प्रतिपद्यते।	அனைத்து உயிரினங்களும் உணவில் இருந்து பிறக்கின்றன. சந்ததிகள் யாகத்திலிருந்து உருவாகிறது, யாகம் செயல்களிலிருந்து உருவாகிறது.
bhagavadgita_anvaya_L515	रजसि प्रलयं गत्वा कर्मसङ्गिषु जायते तथा प्रलीनस्तमसि मूढयोनिषु जायेते	रजसि प्रलयं गत्वा कर्मसङ्गिषु जायते तथा तमसि प्रलीनः मूढयोनिषु जायते।	செயல் பிரம்மத்திலிருந்து வருகிறது, பிரம்மம் அழியாதது என்பதை உணர்ந்துகொள். எனவே, எங்கும் நிறைந்த பிரம்மன் எப்போதும் யாகத்தில் தங்கியிருக்கிறார்.
bhagavadgita_anvaya_L516	कर्मणः सुकृतस्याहुः सात्त्विकं निर्मलं फलम् रजसस्तु फलम् दुःखमज्ञानं तमसः फलम्	सुकृतस्य कर्मणः निर्मलं सात्त्विकं फलम् आहुः। रजसः फलं तु दुःखम्। तमसः फलम् अज्ञानम्।	அப்படிச் சுழலும் சக்கரத்தை இங்கு பின்பற்றாதவன், பாவ வாழ்வு உடையவன், புலன்களால் மகிழ்ந்து, வீணாக வாழ்கிறான் அர்ஜுனா.
bhagavadgita_anvaya_L517	सत्त्वात्सञ्जायते ज्ञानं रजसो लोभ एव च प्रमादमोहौ तमसो भवतोज्ञानमेव च	सत्त्वात् ज्ञानं सञ्जायते रजसः लोभः एव च। तमसः प्रमादमोहौ भवतः अज्ञानम् एव च।	சத்வ குணத்தால் அறிவும், ராஜஸ குணத்தால் பேராசையும் உண்டாகின்றன; கவனமின்மை மற்றும் மாயை ஆகியவை தமஸிலிருந்து எழுகின்றன, மேலும் அறியாமை...
bhagavadgita_anvaya_L518	ऊध्र्वं गच्छन्ति सत्तवस्था मध्ये तिष्ठन्ति राजसाः जघन्यगुणवृत्तस्था अधो गच्छन्ति तामसाः	सत्त्वस्थाः ऊर्ध्वं गच्छन्ति। राजसाः मध्ये तिष्ठन्ति। जघन्यगुणवृत्तिस्थाः तामसाः अधः गच्छन्ति।	சத்வ குணத்தில் ஊறி இருப்பவர் மேல்நோக்கி செல்கின்றனர்; ராஜஸ குணம் உள்ளவர்கள் நடுவில் வசிக்கிறார்கள்; மற்றும் தாமச குணம் கொண்டவர்கள் மிகக் குறைந்த குணத்தின் செயல்பாட்டில் நிலைத்து, கீழ்நோக்கிச் செல்கிறது.
bhagavadgita_anvaya_L519	नान्यम् गुणेभ्यः कर्तारं यदा द्रष्टानुपश्यति गुणेभ्यश्च परं वेत्ति मद्भावं सोधिगच्छति	द्रष्टा यदा गुणेभ्यः अन्यं कर्तारं न अनुपश्यति (आत्मानम्) गुणेभ्यः च परं वेत्ति सः मद्भावम् अधिगच्छति।	சுயத தேடல் உள்ளவர்கள், எனது மூன்று குணங்களை அன்றி வேறு எதையும் அறிய முற்பட மாட்டார்கள். அவ்வாறு எனது முக்குணத்தைத் தவிர வேறு எதையும் அறிய முற்படாதவர்கள் எனது இருப்பை உணர்கிறார்கள்.
bhagavadgita_anvaya_L520	गुणानेतानतीत्य त्रीन्देही देहसमुद्भवान् जन्ममृत्युजरादुःखैर्विमुक्तोमृतमश्नुते	देही देहसमुद्भवान् एतान् त्रीन् गुणान् अतीत्य जन्ममृत्युजरादुःखैः विमुक्तः अमृतम् अश्नुते।	இந்த மூன்று குணத்திற்கு அப்பாற்பட்டுத் திகழ்பவர்கள், இதனின்று அவர்கள் உருவாவதால், அவர்கள் பிறப்பு, இறப்பு மற்றும் வலிகளைக் கடந்து அமரர்களாகத் திகழ்கிறார்கள்.
bhagavadgita_anvaya_L521	अर्जुन उवाच कैर्लिङ्गैस्त्रीन्गुणानेतानतीतो भवति प्रभो किमाचारः कथं चैतांस्त्रीन्गुणानतिवर्तते	प्रभो! कैः लिङ्गैः एतान् त्रीन् गुणान् अतीतः भवति। किमाचारः कथं च एतान् त्रीन् गुणान् अतिवर्तते।	அர்ஜுன் கூறுகிறான! இறைவா!! இந்த மூன்று குணங்களைத் தாண்டிய ஒரு மனிதனுக்கு என்ன என்ன குணங்கள் உள்ளன? அவருக்கு எவ்விதமான நடத்தை இருக்கிறது? மேலும், அவர் இந்த மூன்று எவ்வாறு மீள்கிறார்?
bhagavadgita_anvaya_L522	श्रीभगवानुवाच प्रकाशं च प्रवृत्तिं च मोहमेव च पान्डव न द्वेष्टि सम्प्रवृत्तानि न निवृत्तानि काङ्क्षति उदासीनवदासीनो गुणैर्यो न विचाल्यते गुणा वर्तन्त इत्येव योवतिष्ठति नेङ्गते समदुःखसुखः स्वथः समलोष्ठाश्मकाञ्चनः तुल्यप्रियाप्रियो धीरस्तुल्यनिन्दात्मसंस्तुतिः मानापमानयोस्तुल्यस्तुल्यो मित्रारिपक्षयोः सर्वारम्भपरित्यागी गुणातीतः स उच्यते	पाण्डव! प्रकाशं च प्रवृत्तिं च मोहम् एव च सम्प्रवृत्तानि न द्वेष्टि निवृत्तानि न काङ्क्षति। यः उदासीनवत् आसीनः गुणैः न विचाल्यते यः गुणाः	இறைவன் கூறினான்! ஓ பாண்டவா!! ஒளி, நாட்டம் மற்றும் பற்றுதல் ஆகியவற்றால் பாதிக்கப்படும்போதும், அவற்றால் பயனடைந்தபோதும் பற்று அற்ற மனிதனிடம் எந்த சலனமும் இருக்காது. அதை அவன் அலட்சியப்படுத்துவதால் அவனை எந்த குணங்களும் பாதிக்காது. அவன் குணங்களைக் பற்றிய புரிதல் கொண்டவன். இன்பத்தையும், துன்பத்தையும் சமமாகப் பாவிப்பான். மண்ணையும், கல்லையும், பொன்னையும் சமமாகப் பாவிப்பான். அப்பேர்பட்டவன் புகழ்ச்சியையும் இகழ்ச்சியையும் ஒன்றாகவே ஏற்றுக்கொள்வான். நன்மைபனையும், பகைவனையும் ஒன்றாகவேப் பார்ப்பான். அவனை குணாதீதன் என்பார்கள். அவன் தனது கலப்படமற்ற பக்தி மூலம் எனக்கு தொண்டு புரிந்து முக்தி அடைகிறான்.
bhagavadgita_anvaya_L523	मां च योव्यभिचारेण भक्तियोगेन सेवते स गुणान्समतीत्यैतान्ब्रह्मभूयाय कल्पते	यः च अव्यभिचारेण भक्तियोगेन मां सेवते सः एतान् गुणान् समतीत्य ब्रह्मभूयाय कल्पते।	கலப்படமற்ற பக்தியோகத்தின் மூலம் எனக்குச் சேவை செய்பவன், இந்த மூன்று குணங்களைக் கடந்து பிரம்மன் ஆகிறான்.
bhagavadgita_anvaya_L524	ब्रह्मणो हि प्रतिष्ठाहममृतस्याव्ययस्य च शाश्वतस्य च धर्मस्य सुखस्यैकान्तिकस्य च	अहं हि ब्रह्मणः प्रतिष्ठा अमृतस्य अव्ययस्य च शाश्वतस्य धर्मस्य च ऐकान्तिकस्य सुखस्य च।	ஏனென்றால் நான் பிரம்மனின் இருப்பிடம், அழியாத மற்றும் மாறாத, நிரந்தரமான தர்மத்தின் மற்றும் முழுமையான ஆனந்தத்தின் இருப்பிடம்.
bhagavadgita_anvaya_L525	श्रीभगवानुवाच ऊर्ध्वमूलमधःशाखमश्वत्थं प्राहुरव्ययम् छन्दांसि यस्य पर्णानि यस्तं वेद सः वेदवित्	यस्य छन्दांसि पर्णानि (तादृशम्) अश्वत्थम् ऊर्ध्वमूलम् अधःशाखम् अव्ययं प्राहुः। यः तं वेद सः वेदवित्।	கண்ணன் கூறினான், மேல் நோக்கிய வேர்களையும் கீழ் நோக்கிய கிளைகளையும் கொண்டு இலைகளை வேதத்தின் பதமாகக் கொண்டதாம் ஆலமரம். இந்த மரத்தைப் பற்றி நன்கு உணர்ந்தவன் வேதங்களை அறிந்தவன்
bhagavadgita_anvaya_L526	अधश्चोर्ध्वं प्रसृतास्तस्य शाखाः गुणप्रवृद्धा विषयप्रवालाः अधश्च मूलान्यनुसन्ततानि कर्मानुभन्धीनि मनुष्यलोके	तस्य गुणप्रवृद्धाः विषयप्रवालाः शाखाः अधः ऊर्ध्वं च प्रसृताः। मनुष्यलोके अनुसन्ततानि कर्मानुबन्धीनि मूलानि अधः च।	குணங்களால் (சத்வ, ரஜ, தம) வளர்ந்த அந்த ஆல விழுதுகள், கிளைகளை பரப்பி, பொருள் வடிவில் மொட்டுக்களைக் கொண்டு, கீழ், நடு, மேல் என எல்லா இடங்களிலும் பரவிக் கிடக்கின்றன. மனித உலகில், நம் செயல்களுக்கு ஏற்ப நம்மைப் பிணைக்கும் வேர்கள் கீழ் உலகிலும் மேல் உலகிலும் பரவுகின்றன.
bhagavadgita_anvaya_L527	न रूपमस्येह तथोपलभ्यते नान्तो न चादिर्न च सम्प्रतिष्ठा अश्वत्थमेनं सुविरूढमूलम् असङ्गशस्त्रेण दृढेन छित्त्वा ततः पदं तत्परिमार्गितव्यम् यस्मिन्गताः न निवर्तन्ति भूयः तमेव चाद्यं पुरुषं प्रपद्ये यतः प्रवृत्तिः प्रसृता पुराणी	अस्य रूपम् इह न उपलभ्यते तथा न अन्तः न च आदिः न च सम्प्रतिष्ठा। सुविरूढमूलम् एनम् अश्वत्थं दृढेन असङ्गशस्त्रेण छित्त्वा ततः यतः पुराणी प्रवृत्तिः प्रसृता तम् एव च आद्यं पुरुषं प्रपद्ये इति मत्वा यस्मिन् गताः भूयः न निवर्तन्ति तत् पदं परिमार्गितव्यम्।	கண்ணில் தெரியும் இந்த ஆல மரத்தின் வடிவம் இங்கே பிரதிபலிக்கவில்லை; ஏனென்றால் அதற்கு முதலோ, முடிவோ, நிலையோ இல்லை. எனவே, இந்த ஆல மரத்தை வலிமையான வேருடன் முரண்பாடான ஆயுதத்தால் வெட்டுவதன் மூலம் எவர் இந்த உலகில் மறுபிறவி எடுக்கவில்லையோ, அது (ஆன்மா) யாரிடமிருந்து விரிவடைந்து வருகிறதோ, அது பரமாத்மாவிடம் கலந்து விடுகிறது என்பது புலப்படும்.
bhagavadgita_anvaya_L528	निर्मानमोःआ जितसङ्गदोषाः अध्यात्मनित्या विनिवृत्तकामाः द्वन्द्वैर्विमुक्ताः सुखदुःखसञ्ज्ञैः गच्छन्त्यमूढाः पदमव्ययं तत्	निर्मानमोहाः जितसङ्गदोषाः अध्यात्मनित्याः विनिवृत्तकामाः सुखदुःखसञ्ज्ञैः द्वन्द्वैः विमुक्ताः अमूढाः तत् अव्ययं पदं गच्छन्ति।	அகந்தை, பற்று - இவற்றை இழந்தவர்களும், சகவாசத்தின் தீமையை வென்றவர்களும், ஆன்மிகத்தில் நிலைபெற்றவர்களும், ஆசைகள் விலகி, சுக-துக்கங்களில் இருந்து விடுபட்டவர்களும், மாயையில்லா அறிவாளிகள். அவர்கள் பிறப்பு இறப்பு இல்லாத என்றும் நித்யமாக இருக்கும் பரம நிலைகளை அடைகிறார்கள்.
bhagavadgita_anvaya_L529	न तद्भासयते सूर्यो न शशाङ्को न पावकः यद्गत्वा न निवर्तन्ते तत्धाम परमं मम	सूर्यः तत् न भासयते न शशाङ्कः न पावकः यत् गत्वा न निवर्तन्ते तत् मम परमं धाम।	சூரியனோ, சந்திரனோ, நெருப்போ அதை ஒளிரச் செய்ய முடியாது. மக்கள் மீண்டும் (உலகிற்கு) திரும்பாததைச் சாதித்த பிறகு, பரமானந்த நிலைகளை எவர் அடைகிறார்களோ அதுவே எனது உயர்ந்த தங்குமிடம்.
bhagavadgita_anvaya_L530	ममैवांशो जीवलोके जीवभूतः सनातनः मनःषष्ठानीन्द्रियाणि प्रकृतिस्थानि कर्षति	जीवलोके मम सनातनः अंशः एव जीवभूतः। प्रकृतिस्थानि मनःषष्ठानि इन्द्रियाणि कर्षति।	இவ்வுலகில் ஜீவராசியாகிய ஆன்மா என்னில் நித்திய, நிரந்தர பாகம்; ஆனால் அது மனதையும் இயற்கையில் அமைந்துள்ள ஐந்து புலன்களையும் ஈர்க்கிறது, தன்னுடையதாக ஏற்றுக்கொள்கிறது.
bhagavadgita_anvaya_L531	शरीरं यदवाप्नोति यच्चाप्युत्क्रामतीश्वरः गृहीत्वैतानि संयाति वायुर्गन्धानिवाशयात्	ईश्वरः यत् शरीरम् अवाप्नोति यत् च अपि उत्क्रामति वायुः आशयात् गन्धान् इव एतानि गृहीत्वा संयाति।	காற்று எவ்வாறு நறுமணம் உள்ள இடத்திலிருந்து மனதை உறிஞ்சி எடுத்துச் செல்வது போல, உடல் உடலின் ஜீவாத்மா. அது உடலில் இருந்து மனம் உள்ளிட்ட புலன்களை உறிஞ்சி உள்ளே செல்கிறது. உடல் மீண்டும் உரு பெறுகிறது.
bhagavadgita_anvaya_L532	श्रोत्रं चक्षुः स्पर्शनं च रसनं घ्राणमेव च अधिष्ठाय मनश्चायं विषयानुपसेवते	श्रोत्रं चक्षुः स्पर्शनं च रसनं घ्राणं च मनः च अधिष्ठाय अयम् एव विषयान् उपसेवते।	இந்த உயிருள்ள ஆன்மா, செவிப்புலன், கண்கள், தோல், சுவை மற்றும் மணம் ஆகிய ஐந்து புலன்களின் மூலம் பொருட்களைப் புகலிடமாக எடுத்துக் கொள்கிறது.
bhagavadgita_anvaya_L533	उत्क्रामन्तं स्थितं वापि भुञ्जानं वा गुणान्वितम् विमूढा नानुपश्यन्ति पश्यन्ति ज्ञानचक्षुषः	विमूढाः उत्क्रामन्तं स्थितं वा अपि भुञ्जानं गुणान्वितं वा न अनुपश्यन्ति ज्ञानचक्षुषः पश्यन्ति।	மூடர்கள் குணங்கள் நிறைந்த ஆத்மாவின் வடிவத்தை அறிவதில்லை, காரணம் ஆன்மா உடலை விட்டு வெளியேறிய பிறகோ அல்லது வேறொரு உடலில் புகுந்து மீண்டும் சிற்றின்பத்தை அனுபவித்த பிறகு கூட உண்மையா உரணமாட்டர். ஞானிகள் மட்டுமே அதை உணர்வர்.
bhagavadgita_anvaya_L534	यतन्तो योगिनश्चैनं पश्यन्त्यात्मन्यवस्थितम् यतन्तोप्यकृतात्मानो नैनं पश्यन्त्यचेतसः	यतन्तः योगिनः च एनम् आत्मनि अवस्थितं पश्यन्ति। यतन्तः अपि अकृतात्मानः अचेतसः एनं न पश्यन्ति।	யோகிகள் தங்கள் இதயத்தில் உள்ள ஆத்மாவை அறிய முற்படுவதால் மட்டுமே தன்னகத்தில் உள்ள ஆன்மாவைக் காண்கிறார்கள். அதேசமயத்தில் தூய்மையற்ற, பகுத்தறிவில்லாத மனம் உள்ளவர்கள், அதற்காக முயன்றும் கூட அதைப் பார்ப்பதில்லை.
bhagavadgita_anvaya_L535	यदादित्यगतं तेजो जगद्भासयतेखिलम् यच्चन्द्रमसि यच्चाग्नौ तत्तेजो विद्धि मामकम्	यत् अखिलं जगत् भासयते (तादृशम्) आदित्यगतं तेजः यत् चन्द्रमसि यत् च अग्नौ तत् तेजः मामकं विद्धि।	சூரியனிடம் இருந்து வெளிப்படும் பூரண ஒளியானது உலகம் அனைத்தையும் ஒளிமயம் ஆக்குகிறது. மேலும் நிலவின் குளிர்ச்சியில் மகிமையும் நெருப்பின் தன்மையும் என்னுடையதே என அறிவாய்!!
bhagavadgita_anvaya_L536	गामाविश्य च भूतानि धारयाम्यहमोजसा पुष्णामि चौषधीः सर्वाः सोमो भूत्वा रसात्मकः	अहं गाम् आविश्य च ओजसा भूतानि धारयामि रसात्मकः सोमः भूत्वा सर्वाः ओषधीः च पुष्णामि।	நானே இந்தப் புவியில் தோன்றி மனித உருக்கொண்டு இருக்கிறேன். ரசம் வடிவில் நிலவாகத் தோன்றி மூலிகைகளையும் மற்றும் பிற தாவரங்களையும் வளர்க்கிறேன்.
bhagavadgita_anvaya_L537	अहं वैश्वानरो भूत्वा प्राणिनां देहमाश्रितः प्राणापानसमायुक्तः पचाम्यन्नम् चतुर्विधम्	अहं वैश्वानरः भूत्वा प्राणिनां देहम् आश्रितः प्राणापानसमायुक्तः चतुर्विधम् अन्नं पचामि।	நானே அனைத்து உரிகளிடத்திலும் அந்தர்யாமியாக உறைந்து, ஜீரணமாகி உணவின் நான்கு வகையான, செயல்களை அக்நி வடிவில் தயாரித்து உயிர்களை வளர்க்கிறேன் (உணவை அசைப் போடுதல், வயிற்றில் உறிஞ்சுதல், ஜீரண அமிலத்தைத் தயாரித்தல், உடல் தசைகளில் உறைவித்தல் - mustication, absorbing in the stomach, preparation of gastric juice and absorbing in the intestine.
bhagavadgita_anvaya_L538	सर्वस्य चाहं हृदि सन्निविष्टः मत्तः स्मृतिर्ज्ञानमपोहनं च वेदैश्च सर्वैरहमेव वेद्यः वेदान्तकृद्वेदविदेव चाहम्	अहं सर्वस्य च हृदि सन्निविष्टः। मत्तः एव स्मृतिः ज्ञानम् अपोहनं च। सर्वैः वेदैः च अहम् एव वेद्यः वेदान्तकृत् वेदवित् च।	நான் அணைத்து உயிர்களின் இதயங்களிலும் உரைந்துள்ளேன். என்னிடம் இருந்தே நினைவாற்றலும், ஞானமும் மறதியும் உண்டாகின்றன. நானே அனைத்து வெந்தங்களிலும் அறியப்படுபவன். உண்மையில் .வேதாந்தங்களை தொகுத்தவனும், வேதங்களை அறிபவனும் நானே.
bhagavadgita_anvaya_L539	द्वाविमौ पुरुषौ लोके क्षरश्चाक्षर एव च क्षरः सर्वाणि भूतानि कूटस्थोक्षर उच्यते	लोके क्षरः च अक्षरः एव च (इति) इमौ पुरुषौ द्वौ। सर्वाणि भूतानि क्षरः कूटस्थः अक्षरः उच्यते।	இவ்வுலகில், அழிப்பவர் மற்றும் அழியாதவர் (அமரர்) என்ற இரண்டு மனிதர்கள் உள்ளனர், அனைத்து உயிரினங்களும் அழியக்கூடியவை, மாயை மட்டுமே அழியாதது இந்த உலகில் என்று அழைக்கப்படுகிறது.
bhagavadgita_anvaya_L540	उत्तमः पुरुषस्त्वन्यः परमात्मेत्युदाहृतः यो लोकत्रयमाविश्य बिभर्त्यव्यय ईश्वरः	उत्तमः पुरुषः तु अन्यः परमात्मा इति उदाहृतः अव्ययो यः लोकत्रयम् आविश्य बिभर्ति।	சிறந்த மனிதர் தனித்த தன்மை உடையவர், அவர் கடவுள் என்று அழைக்கப்படுகிறார். அதே அழியாத கடவுள் மூன்று உலகங்களிலும் நுழைந்து அனைவருக்கும் உணவளிக்கிறார்.
bhagavadgita_anvaya_L541	यस्मात्क्षरमतीतोहमक्षरादपि चोत्तमः अतोस्मि लोके वेदे च प्रथितः पुरुषोत्तमः	यस्मात् अहं क्षरम् अतीतः अक्षरात् अपि च उत्तमः अतः लोके वेदे च पुरुषोत्तमः प्रथितः अस्मि।	நான் அழிவிற்கு அப்பாற்பட்டவன். அமரத்துவதை விட உயர்ந்தவன். ஆவவே நான் பூவுலகில், வேதங்களையும் புருஷோத்தமனான் என்ற பெயரில் உறைந்துள்ளேன்.
bhagavadgita_anvaya_L542	यो मामेवमसम्मूढो जानाति पुरुषोत्तमम् स सर्वविद्भजति मां सर्वभावेन भारत	भारत! यः असम्मूढः मां पुरुषोत्तमं जानाति सः सर्ववित् सर्वभावेन भजति।	பரதனே!! இப்படியாக பற்றற்றவனாகவும், பரமாத்மாவாகிய என்னை அறிந்தவனாக இருப்பவன், எல்லாம் அறிந்தவனாக முழு மனதுடன் என்னை வணங்குகிறான்.
bhagavadgita_anvaya_L543	इति गुह्यतमं शास्त्रमिदमुक्तं मयानघ एतद्बुद्ध्वा बुद्धिमान्स्यात्कृतकृत्यश्च भारत	अनघ! मया इदं गुह्यतमं शास्त्रम् इति उक्तम्। भारत! एतत् बुद्ध्वा बुद्धिमान् कृतकृत्यः च स्यात्।	பாபமற்ற பரதனே! இவ்வாறே, இந்த மிக ரகசியமான வேதம் என்னால் சொல்லப்பட்டது, அதை அறிந்த பிறகு ஒருவர் அறிவாளியாகவும் பக்தியுள்ளவராகவும் மாறுகிறார்.
bhagavadgita_anvaya_L544	श्रीभगवानुवाच अभयं सत्तवसंशुद्धिर्ज्ञानयोगव्यवस्थितिः दानं दमश्च यज्ञश्च स्वाध्यायस्तप आर्जवम् अहिंसा सत्यमक्रोधस्त्यागः शान्तिरपैशुनम् दयाभूतेष्वलोलुप्त्वं मार्दवं ह्रीरचापलम् तेजः क्षमा धृतिः शौचमद्रोहो नातिमानिता भवन्ति सम्पदं दैवीमभिजातस्य भारत	भारत! दैवीं सम्पदम् अभिजातस्य अभयं सत्त्वसंशुद्भिः ज्ञानयोगव्यवस्थितिः दानं दमः च यज्ञः च स्वाध्यायः तपः आर्जवम् अहिंसा सत्यम् अक्रोधः त्यागः शान्तिः अपैशुनम् भूतेषु दया अलोलुप्त्वं मार्दवं ह्रीः अचापलं तेजः क्षमा धृतिः शौचम् अद्रोहः नातिमानिता च भवन्ति।	இறைவன் கூறினான்! அர்ஜுனா!! பயம் இன்மை, மனத்தூய்மை, ஞானத்தில் உறுதி, தொண்டு, பலம், யாகம், தன்னை அறிதல், தவம் மற்றும் ஆர்ஜவம், பேச்சில் எளிமை, அகிம்சை, உண்மை, கோபமின்மை, துறவு, அமைதி, பிறரை குற்றம் கூறாமை, உயிர்கள் மீது இரக்கம், அழியாத தன்மை, மென்மை, கூச்சம், அமைதியின்மை, கூர்மை, மன்னிப்பு, பொறுமை, தூய்மை, கிளர்ச்சி, பெருமை இல்லாமை இவை அனைத்தும் தெய்வீகச் செல்வத்தை அடைந்த மனிதனின் குணாதிசயங்களாகும்.
bhagavadgita_anvaya_L545	दम्भो दर्पोतिमानश्च क्रोधः पारुष्यमेव च अज्ञानं चाभिजातस्य पार्थ सम्पदमासुरीम्	पार्थ! आसुरीं सम्पदम् अभिजातस्य दम्भः दर्पः अभिमानः च क्रोधः पारुष्यम् एव च भवन्ति।	பரதனே!! ஆணவம், ஆணவம், கர்வம், கோபம், கடுமையான பேச்சு (பருஷ்யம்) மற்றும் அறியாமை அனைத்தும் அசுரத்தன்மையின் உடைமைகள்.
bhagavadgita_anvaya_L546	दैवी सम्पद्विमोक्षाय निबन्धायासुरी मता मा शुचः सम्पदं दैवीमभिजातोसि पान्डव	पाण्डव! दैवी सम्पत् विमोक्षाय आसुरी निबन्धाय मता। मा शुचः। दैवीं सम्पदम् अभिजातः असि।	ஹே பாண்டவரே! தெய்வீகச் செல்வம் முக்திக்காகவும், அசுர செல்வம் அடிமைத்தனமாகவும் கருதப்படுகிறது, நீங்கள் தெய்வீகச் செல்வத்தைப் பெற்றதால், துக்கப்பட வேண்டாம்.
bhagavadgita_anvaya_L547	द्वौ भूतसर्गौ लोकेस्मिन्दैव आसुर एव च दैवो विस्तरशः प्रोक्त् आसुरं पार्थ मे श्रृणु	पार्थ! अस्मिन् लोके दैवः आसुरः एव ‌‌ च (इति) द्वौ भूतसर्गौ। दैवः विस्तरशः प्रोक्तः आसुरं मे शृणु।	ஏய் பரதனே!! இவ்வுலகில் தேவர் மற்றும் அசுரர் என இரண்டு வகையான உயிரினங்கள் உள்ளன. தேவர்களின் இயல்பு தெய்வீகச் செல்வங்களில் விரிவாக விவரிக்கப்பட்டுள்ளது; இப்போது அசுரர்களின் தன்மை பற்றி விரிவாகக் கேளுங்கள்.
bhagavadgita_anvaya_L548	प्रवृत्तिं च निवृत्तिं च जना न विदुरासुराः न शौचं नापि चाचारो न सत्यं तेषु विद्यते	आसुराः जनाः प्रवृतिं च निवृतिं च न विदुः। तेषु शौचं न विद्यते। आचारः अपि न सत्यम् अपि न।	அசுரர் குணம் கொண்டவர்கள், தமக்கு உலகத்தில் தரப்பட்ட கடமைகளைப் பற்றியோ, உண்மையை அறிவதற்கான வழிகளைப் பற்றியோ அறியாதவர்கள். மேலும் அவர்கள் புறத் தூய்மை மற்றும் அகத் தூய்மைப் பற்றி அறியாதவர்கள்.
bhagavadgita_anvaya_L549	असत्यमप्रतिष्ठं ते जगदाहुरनीश्वरम् अपरस्परसम्भूतं किमन्यत्कामहैतुकम्	ते जगत् असत्यम् अप्रतिष्ठिम् अनीश्वरम् आहुः। अपरस्परसम्भूतं कामहैतुकम् अन्यत् किम् इति आहुः।	அவர்கள் கூறுவது என்னவென்றால் , இந்த உலகம், உண்மையற்றது, மதிப்பற்றது, இறை என்ற ஒன்று இல்லாமலே ஆணும் பெண்ணும் கூடுவதால் மட்டுமே பிறந்தது என நினைக்கின்றனர். எனவே, இவ்வுலகப் படைப்புகளுக்கு உழைப்பைத் தவிர வேறு ஒன்றும் காரணம் இல்லை.
bhagavadgita_anvaya_L550	एतां दृष्टिमवष्टभ्य नष्टात्मानोल्पबुद्धयः प्रभवन्त्युग्रकर्माणः क्षयाय जगतोहिताः	एतां दृष्टिम् अवष्टभ्य नष्टात्मानः अल्पबुद्धयः उग्रकर्माणः अहिताः जगतः क्षयाय प्रभवन्ति।	தனது புறக்கண்ணால் பார்ப்பதை மட்டுமே பின்பற்றுபவர்கள் அழியும் தன்மையும், குறைந்த புத்தியும் கொண்டவர்கள். கடுமையான செய்லகளை செய்து பூமிக்கே எதிரிகள் ஆகிறார்கள். இவர்களில் வடிவம் கூட உலகத்திற்கு தீமைச் செய்வதாகவே இருக்கிறது.
bhagavadgita_anvaya_L551	काममाश्रित्य दुष्पूरं दम्भमानमदान्विताः मोहाद्गृहीत्वासद्ग्राहान्प्रवर्तन्तेशुचिव्रताः	दुष्पूरं कामम् आश्रित्य दम्भमानमदान्विताः मोहात् ‌असद्ग्राहान् गृहीत्वा अशुचिव्रताः प्रवर्तन्ते।	அவர்கள் நிறைவேறாத ஆசைகளைக் கொண்டு கர்வம், போதையில் மயக்கம், சுத்தமற்ற விரதங்களைக் கடைப்பிடித்தல் மேலும் பற்றுதலால் தவறான எண்ணங்களைத் தாங்கிக்கொண்டு உலகில் அலைகிறார்கள்.
bhagavadgita_anvaya_L552	चिन्तामपरिमेयां च प्रलयान्तामुपाश्रीताः कामोपभोगपरमा एतावदिति निश्चिताः आशापाशशतैर्बद्धाः कामक्रोधपरायणाः ईहन्ते कामभोगार्थमन्यायेनार्थसन्ञ्चयान्	अपरिमेयां प्रलयान्तां चिन्तां च उपाश्रिताः कामोपभोगपरमाः एतावत् इति निश्चिताः आशापाशशतैः बद्धाः कामक्रोधपरायणाः कामभोगार्थम् अन्यायेन अर्थसञ्चयान् ईहन्ते।	மரணம் வரை நீடிக்கும், பொருட்களைச் சேகரிப்பதிலும் அனுபவிப்பதிலும் மும்முரமாக இருப்பதோடு, 'எது இருந்தாலும் இது தான்' என்ற உறுதியுடன் அவர்கள் பெரும் கவலைக்கு உள்ளாகின்றனர். நம்பிக்கையின் நூற்றுக்கணக்கான கயிறுகளால் கட்டப்பட்ட அந்த மக்கள், காமத்தையும் கோபத்தையும் சார்ந்து, விஷயங்களை அனுபவிப்பதற்காக அநியாயமாக செல்வத்தை குவிக்க முயற்சி செய்கிறார்கள்.
bhagavadgita_anvaya_L553	इदमद्य मया लब्धमिदं प्राप्स्ये मनोरथम् इदमस्तीदमपि मे भविष्यति पुनर्धनम् असौ मया हतः शत्रुर्हनिष्ये चापरानपि ईश्वरोहमहं भोगी सिद्धोहं बलवान्सुखी आढ्योभिजनवानस्मि कोन्योस्ति सदृशो मया यक्ष्ये दास्यानि मोदिष्य इत्यज्ञानविमोहिताः अनेकचित्तविभ्रान्ताः मोहजालसमावृताः प्रसक्ताः कामभोगेषु पतन्ति नरकेशुचौ	अद्य इदम् मया लब्धम् इमं मनोरथं प्राप्स्ये इदं धनम् अस्ति इदम् अपि मे पुनः भविष्यति असौ शत्रुः मया हतः अपरान् अपि हनिष्ये। अहम् ईश्वरः अहं भोगी अहं सिद्धः बलवान् सुखी। आढ्यः अभिजनवान् अस्मि मया सदृशः अन्यः कः अस्ति ? यक्ष्ये दास्यामि मोदिष्ये इति अज्ञानविमोहिताः अनेकचित्तविभ्रान्ताः मोहजालसमावृताः कामभोगेषु प्रसक्ताः अशुचौ नरके पतन्ति।	நாம் இன்று எத்தனையோ பொருட்களைப் பெற்றுள்ளோம், இப்போது இந்த ஆசையை அடைவோம் (நிறைவேற்றுவோம்) ஏற்கனவே இவ்வளவு செல்வம் உள்ளது, மீண்டும் இவ்வளவு செல்வம் கிடைக்கும். அந்த எதிரி நம்மால் கொல்லப்பட்டான், மற்ற எதிரிகளையும் நாம் கொல்வோம். நாம் சர்வ வல்லமை படைத்தவர்கள். எங்களிடம் ஏராளமான மகிழ்ச்சியான பொருட்கள் உள்ளன. நாங்கள் சரியானவர்கள். நாங்கள் மிகவும் வலிமையாகவும் மகிழ்ச்சியாகவும் இருக்கிறோம். நாங்கள் பணக்காரர்கள், நம்மிடம் நிறைய பேர் இருக்கிறார்கள், நம்மைப் போல் வேறு யார் இருக்கிறார்கள்? நாம் நிறைய யாகங்கள் செய்வோம், தானம் கொடுப்போம், மகிழ்வோம் - இப்படி அவர்கள் அறியாமையால் மயங்கிக் கிடக்கிறார்கள். ஆசைகள் காரணமாக, மனம் பல்வேறு வழிகளில் குழப்பமடைந்து, மாயையின் வலையில் ஆழ்ந்து சிக்குண்டு, பொருள்கள் மற்றும் இன்பங்களில் அதீத ஈடுபாடு கொண்டவர்கள், பயங்கரமான நரகங்களில் விழுகின்றனர்.
bhagavadgita_anvaya_L554	आत्मसम्भाविताः स्तभ्धा धनमानमदान्विताः यजन्ते नामयज्ञैस्ते दम्भेनाविधिपूर्वकम् अहङ्कारं बलं दर्पं कामं क्रोधं च संश्रिताः मामात्मपरदेहेषु प्रद्विषन्तोभ्यसूयकाः	आत्मसम्भाविताः स्तब्धा धनमानमदान्विताः ते दम्भेन अविधिपूर्वकं नामयज्यैः यजन्ते। अहङ्कारं बलं दर्पं कामं क्रोधं च संश्रिताः आत्मपरदेहेषु मां प्रद्विषन्तः अभ्यसूयकाः भवन्ति।	தம்மை மிகவும் வழிபாட்டுக்குரியவர்களாகக் கருதுபவர்கள், ஆணவம் கொண்டவர்கள், செல்வம் மற்றும் கௌரவத்தின் போதையில் இருப்பவர்கள், ஆணவத்தால் யாகம் மற்றும் பெயரளவு யாகங்களைச் செய்கிறார்கள். அகங்காரம், பிடிவாதம், அகங்காரம், ஆசை, கோபம் ஆகியவற்றில் தஞ்சம் புகுந்தவர்கள், தங்கள் உடலிலும் பிறருடைய உடலிலும் வாழும் உள்ளான என் மீது வெறுப்பு கொண்டு (என்னுடைய குணங்களிலும் பிறருடைய குணங்களிலும்) குறைகளைக் காண்கிறார்கள்.
bhagavadgita_anvaya_L555	तानहं द्विषतः क्रूरान्संसारेषु नराधमान् क्षिपाम्यजस्रमशुभानासुरीष्वेव योनिषु	द्विषतः क्रूरान् अशुभान् तान् नराधमान् संसारेषु आसुरीषु योनिषु एव अजस्रम् अहं क्षिपामि।	உலகில் உள்ள வெறுக்கத்தக்க, கொடூரமான மற்றும் மிகவும் இழிவான மற்றும் தூய்மையற்ற மக்களை நான் மீண்டும் மீண்டும் பேய் வடிவங்களில் விழச் செய்கிறேன்.
bhagavadgita_anvaya_L556	आसुरीं योनिमापन्ना मूढा जन्मनि जन्मनि मामप्राप्यैव कौन्तेय ततो यान्त्यधमां गतिम्	कौन्तेय! आसुरीं योनिम् आपन्नाः मूढाः माम् अप्राप्य एव ततः जन्मनि जन्मनि अधमां गतिं यान्ति।	குந்தியின் மகனே! அந்த முட்டாள்கள், என்னை அடையாமலேயே, பல பிறவிகளில் அசுர லோகத்தை அடைந்து, அதைவிட மோசமான நிலைக்கு, அதாவது பயங்கரமான நரகத்திற்குச் செல்கிறார்கள்.
bhagavadgita_anvaya_L557	त्रिविधं नरकस्येदं द्वारं नाशनमात्मनः कामः क्रोधस्तथा लोभस्तस्मादेतत्त्रयं त्यजेत्	कामः क्रोधः तथा लोभः इदम् आत्मनः नाशनं नरकस्य त्रिविधं द्वारम्। तस्मात् एतत् त्रयं त्यजेत्।	காமம், கோபம் மற்றும் பேராசை - இந்த மூன்றும் நரகத்தின் கதவுகள். இவை யாவும் ஆன்மாவின் வீழ்ச்சிக்கு வழிவகுக்கும், எனவே இந்த மூன்றையும் கைவிட வேண்டும்.
bhagavadgita_anvaya_L558	एतैर्विमुक्तः कौन्तेय तमोद्वारैस्त्रिभिर्नरः आचरत्यात्मनः श्रेयस्ततो याति परां गतिम्	कौन्तेय! तमोद्वारैः एतैः त्रिभिः विमुक्तः नरः आत्मनः श्रेयः आचरति। ततः परां गतिं याति।	ஏய் குந்தியின் மகனே! நரகத்தின் இந்த மூன்று கதவுகளிலிருந்தும் தன்னை விடுவித்துக் கொண்டு, தன் நலன்களை மேற்கொள்ளும் மனிதன், உன்னத நிலையை அடைகிறான்.
bhagavadgita_anvaya_L559	यः शास्त्रविधिमुत्सृज्य वर्तते कामकारतः न स सिद्धिमवाप्नोति न सुखं न परां गतिम्	यः शास्त्रविधम् उत्सृज्य कामकारतः वर्तते सः सिद्धिं न अवाप्नोति न सुखम् न परां गतिम्।	இந்த சாஸ்திரங்களைத் துறந்து, தன் விருப்பப்படி நடந்து கொள்பவன், சித்தி சுத்தியையோ மகிழ்ச்சியையோ, வழிவின் முடிவான நிலையையோ அடைவதில்லை.
bhagavadgita_anvaya_L560	तस्माच्छास्त्रम् प्रमाणं ते कार्याकार्यव्यवस्थितौ ज्ञात्वा शास्त्रविधानोक्तम् कर्म कर्तुमिहार्हसि	तस्मात् कार्याकार्यव्यवस्थितौ ते शास्त्रं प्रमाणम्। शास्त्रविधानोक्तं कर्म ज्ञात्वा इह कर्तुम् अर्हसि।	ஆதலால், உமக்குக் கடமைகள், கடமைகள் அல்லாதவை என்ற அமைப்பில் வேதமே சான்றாகும் - இதை அறிந்து, இவ்வுலகில் சாஸ்திரம் வகுத்துள்ள கடமைகளைச் செய்ய வல்லவர்.
bhagavadgita_anvaya_L561	अर्जुन उवाच ये शास्त्रविधिमुत्सृज्य यजन्ते श्रद्धयान्विताः तेषां निष्ठा तु का कृष्ण सत्त्वमाहो रजस्तमः	कृष्ण! ये शास्त्रविधिमुत्सृज्य श्रद्धया अन्विताः यजन्ते तेषां निष्ठा तु का? सत्त्वम् आहो रजः तमः।	அர்ஜுன் கூறுகிறான்! கண்ணா!! வேதம், சம்பிரதாயங்களை விட்டுவிட்டு ஆதிக் கடவுளை பக்தியுடன் வணங்கும் இவர்களின் விசுவாசம் என்ன? இது சாத்விகமா, ராஜசமா அல்லது தாமஸமா?
bhagavadgita_anvaya_L562	श्रीभगवानुवाच त्रिविधा भवति श्रद्धा देहिनाम् सा स्वभावजा सात्त्विकी राजसी चैव तामसी चेति तां शृणु	देहिनां स्वभावजा (या) श्रद्धा सा सात्त्विकी राजसी तामसी च इति त्रिविधा भवति तां शृणु।	ஸ்ரீ பகவான் கூறினான் - மனிதர்களின் இயல்பிலிருந்து வரும் நம்பிக்கை சாத்விகம், ராஜசம் மற்றும் தாமசம் என மூன்று வகைப்படும் - அதை என்னிடம் கேளுங்கள்.
bhagavadgita_anvaya_L563	सत्त्वानुरूपा सर्वस्य श्रद्धा भवति भारत श्रद्धमयोयं पुरुषो यो यच्छ्रद्धः स एव सः	भारत! सर्वस्य सत्त्वानुरूपा श्रद्धा भवति| अयं पुरुषः श्रद्धामयः। यः यच्छ्रद्धः सः सः एव।	பரதனே! மனிதர்களின் நம்பிக்கையும் அவரவர் மனசாட்சிக்கு இணங்கவே இருக்கிறது. இந்த மனிதன் விசுவாசமுள்ள மனிதன். எனவே, ஒருவருக்கு எந்த நம்பிக்கை இருக்கிறதோ, அதுவே அவனது வடிவம், அதுவே அவனுடைய விசுவாச நிலை.
bhagavadgita_anvaya_L564	यजन्ते सात्त्विका देवान्यक्षरक्षांसि तामसाः प्रेतान्भूतगणांस्चान्ये यजन्ते तामसा जनाः	सात्त्विकाः देवान् यजन्ते राजसाः यक्षरक्षांसि अन्ये तामसाः जनाः प्रेतान् भूतगणान् च यजन्ते।	சத்வ குணம் கொண்டவர்கள் தெய்வங்களைப் பூஜிப்பர். ராஜஸ குணம் கொண்டவர்கள் யக்ஷர்களையும், ராக்ஷஸர்களை வணங்குகிறார்கள். தாமச குணம் கொண்டவர்கள் பிரேதங்களை பூஜிக்கின்றனர்.
bhagavadgita_anvaya_L565	अशास्त्रविहितं घोरं तप्यन्ते ये तपो जनाः दम्भाहङ्कारसंयुक्ताः कामरागबलानिवताः कर्शयन्तः शरीरस्थं भूतग्राममचेतसः मां चैवान्तःशरीरस्थं तान्विद्ध्यासुरनिश्चयान्	दम्भाहङ्कारसंयुक्ताः कामरागबलान्विताः अचेतसः शरीरस्थं भूतग्रामम् अन्तःशरीरस्थं मां च एव कर्शयन्तः ये जनाः अशास्त्रविहितं घोरं तपः तप्यन्ते तान् आसुरनिश्चयान् विद्धि।	மூர்கத்தனத்துடனும், அகங்காரத்துடனும், காம வசப்பட்டு, அர்த்தமற்று, உடலை மட்டும் பேணி, அதுவே இறுதிக் கள்ளம் வரை வரும் என நினைக்கிறார்கள். ஏன் அது என்னையும் கூட வாட்டிக்கொண்டு இருக்கிறது. அவர்கள், (கோர) சாஸ்திரங்களில் கூறப்பட்ட, கோரமான உபாசனைகள், சாதனைகள் அனைத்தையும் ராக்ஷஸ குணத்துடன் தீர்க்க முயல்கிறார்கள்.
bhagavadgita_anvaya_L566	आहारास्त्वपि सर्वस्य त्रिविधो भवति प्रियः यज्ञस्तपस्तथा दानं तेषां भेदमिमं शृणु	आहरः तु अपि सर्वस्य त्रिविधः प्रियः भवति तथा यज्ञः तपः दानम् | तेषाम् इमं भेदं श्रुणु।	உணவுப் பொருட்களில், ஒவொருவருக்கு மூன்று வகைகள் புடிக்கும். அதே போல யாகம், தானம், தவம் என மூன்று வகை உண்டு.அதாவது கிளாசிக்கல் செயல்களில் மூன்று வகையான ஆர்வம் உண்டு, அவற்றின் வேறுபாடுகளைக் கேளுங்கள்.
bhagavadgita_anvaya_L567	आयुःसत्त्वबलारोग्यसुखप्रीतिविवर्धनाः रस्याः स्निग्धाः स्थिरा दृद्या आहाराः सात्त्विकप्रियाः	आयुःसत्त्वबलारोग्यसुखप्रीतिविवर्धनाः रस्याः स्निग्धाः स्थिरा हृद्याः आहाराः सात्त्विकप्रियाः।	ஆயுள், சத்வகுணம், பலம், ஆரோக்கியம், சுகம் மற்றும் மனதை மாகிவிட்து, இதயத்தை வலுவாக்கும் திரவங்கள் மற்றும் மென்மையான உணவுகள் சத்வ குணம் உள்ளவர்களுக்குப் பிடிக்கும்.
bhagavadgita_anvaya_L568	कट्वम्ललवणात्युष्णतीक्ष्णरूक्षविदाहिनः आहारा राजसस्येष्टा दुःखशोकामयप्रदाः	कट्वम्ललवणात्युष्णतीक्ष्णरुक्षविदाहीनः दुःखशोकामयप्रदाः आहारा राजसस्य इष्टाः।	கசப்பு, புளிப்பு, காரம், மிகவும் சூடான உணவுகள், கடுமையான, உலர்ந்த மற்றும் வெப்பம் அளிக்கும் உணவுகள், வலி, துக்கம் மற்றும் நோயை உண்டாக்கும் உணவுகள் யாவும் ராஜஸ உள்ளவர்களுக்கு மிகவும் பிடித்தமானவை.
bhagavadgita_anvaya_L569	यातयामं गतरसं पूति पर्युषितं च यत् उच्छिष्टमपि चामेध्यम् भोजनम् तामसप्रियम्	यातयामं गतरसं पूति पर्युषितं च उच्छिष्टम् अपि च अमेध्यं च यत् भोजनं तत् तामसप्रियम्।	பாதி பழுத்த, சாறு இல்லாத, துர்நாற்றம் வீசும், பழுதடைந்த, அசுத்தமான மற்றும் அழுகிய உணவுகளை தாமசி மக்கள் விரும்புகிறார்கள்.
bhagavadgita_anvaya_L570	अफलाकाङ्क्षिभिर्यज्ञो विधिदृष्टो य इज्यते यष्टव्यमेवेति मनः समाधाय स सात्त्विकः	अफलाकाङ्क्षिभिः यष्टव्यम् एव इति मनः समाधाय विधिदृष्टः यः यज्ञः इज्यते सः सात्त्विकः।	பலனற்று, தாமாகவே முடிவுசெய்து கொண்டு, யாகப்பொருட்களை அளித்து, விதி முறைப்படி யாகம் செய்பவர்கள் சத்வ குணம் கொண்டவர்கள்.
bhagavadgita_anvaya_L571	अभिसन्धाय तु फलम् दम्भार्थमपि चैव यत् इज्यते भरतश्रेष्ठ तं यज्ञं विद्धि राजसम्	भरतश्रेष्ठ! फलं तु अभिसन्धाय दम्भार्थम् अपि च एव यत् इज्यते तं यज्ञं राजसं विद्धि।	ஓ பாரதத்தின் சிறந்தவனே! பலன்களுக்காக மட்டுமே யாகங்களில் அளிக்கப்படும் பொருட்கள் ராஜஸ குணம் கொண்டவர்களால் செய்யப்படுகிறது.
bhagavadgita_anvaya_L572	विधिहीनमसृष्टान्नं मन्त्रहीनम् अदक्षिणम् श्रद्धाविरहितं यज्ञं तामसं परिचक्षते	विधिहीनम् असृष्टान्नं मन्त्रहीनम् अदक्षिणं श्रद्धाविरहितं यज्ञं तामसं परिचक्षते।	நிர்ணயிக்கப்பட்ட விதிகளை பின்பற்றாமல், எந்த வித பொருட்களையும் அளிக்காமல், மந்திரங்களையும் சரிவரைச் சொல்லாமல், தக்ஷிணைகளை அளிக்காமல் மேலும் நம்பிக்கையும் இல்லாமல் செய்யும் யாகங்கள் தாமஸகுணம் கொண்டவர்களால் செய்யப்படும் என அறிவாயாக.
bhagavadgita_anvaya_L573	देवद्विजगुरुप्राज्ञपूजनं शौचमार्जवम् ब्रह्मचर्यमहिंसा च शारीरं तप उच्यते	देवद्विजगुरुप्राज्ञपूजनं शौचम् आर्जवं ब्रह्मचर्यम् अहिंसा च शरीरं तपः उच्यते।	தெய்வங்கள், அந்தணர்கள், குருக்கள் மற்றும் ஜீவன்முக்தவர்களை வணங்குதல், தூய்மை, எளிமை, பிரம்மச்சரியத்தைப் பின்பற்றுதல், வன்முறை செய்யாமல் இருப்பது - இது உடலுடன் தொடர்புடைய சந்நியாசம் எனப்படும்.
bhagavadgita_anvaya_L574	अनुद्वेगकरं वाक्यं सत्यं प्रियहितं च यत् स्वाध्यायाभ्यसनं चैव वाङ्मयं तप उच्यते	अनुद्वेगकरं सत्यं प्रियहितं च यत् वाक्यं स्वाध्यायाभ्यसनं च एव वाङ्मयं तपः उच्यते।	எரிச்சல் இல்லாத, உண்மையுள்ள, அன்பான, நன்மை பயக்கும் சுய ஆய்வு, மற்றும் பயிற்சிகள், இவற்றைக் கொண்ட வார்த்தைகள் தவம் எனப்படும்.
bhagavadgita_anvaya_L575	मनःप्रसादः सौम्यत्वं मौनमात्मविनिग्रहः भावसंशुद्धिरित्येतत्तपो मानसमुच्यते	मनः प्रसादः सौम्यत्वं मौनम् आत्मविनिग्रहः भावसंशुद्धिः इति एतत् मानसं तपः उच्यते।	மன மகிழ்ச்சி, மென்மையான உணர்வுகள், சிந்தனை, மனதைக் கட்டுப்படுத்துதல் மற்றும் உணர்ச்சிகளைத் தூய்மைப்படுத்துதல் - இது மனத்துடன் தொடர்புடைய தவம் என்று அழைக்கப்படுகிறது.
bhagavadgita_anvaya_L576	श्रद्धया परया तप्तं तपस्तत्त्रिविधं नरैः अफ्लाकाङ्क्षिभिर्युक्तैः सात्त्विकं परिचक्षते	परया श्रद्धया तप्तं तत् तपः त्रिविधं भवति | अफलाकाङ्क्षिभिः युक्तैः नरैः तप्तं तपः सात्त्विकं परिचक्षते |	உயர்ந்த நம்பிக்கைகளுடன் (இலட்சியங்கள் கொண்ட நம்பிக்கை) பயிற்சி செய்யப்படும் தவமாது, மூன்று வகைகளைக் கொண்டது, (உடல், நல் வாக்கு, மனது). எந்தவிதமான பலன்களையும் எதிர்பார்க்காமல் ஒருமுகமாகச் செய்யும் தவங்கள் சத்வமானது (அமைதி) என அவர்கள் கூறுகிறார்கள்.
bhagavadgita_anvaya_L577	सत्कारमान्पूजार्थं तपो दम्भेन चैव यत् क्रियते तदिह प्रोक्तं राजसं चलमध्रूवम्	सत्कारमानपूजार्थं दम्भेन च एव यत् तपः क्रियते तत् इह राजसं चलम् अध्रुवं प्रोक्तम्।	புகழிச்சிக்காகவும், தனது மதிப்பை மேம்படுத்துவதற்க்காகவும், தன்னை யாவரும் வழிபட வேண்டும் என்பதற்காகவும் செய்யப்படும் தவம், இவ்வுலகில் நிச்சயமற்றது, மேலும் அழியக்கூடிய பலனைத் தரும். அந்தத் தவமே ராஜஸம் எனப்படும்.
bhagavadgita_anvaya_L578	मूढग्राहेणात्मनो यत्पीडया क्रियते तपः परस्योत्सादनार्थं वा तत्ताम्समुदाहृतम्	मूढग्राहेण आत्मनः पीडया परस्य उत्सादनार्थं वा यत् तपः क्रियते तत् तामसम् उदाहृतम्।	தன்னைத் தானே வருத்திக்கொண்டோ, அல்லது பிறர் அழிவதற்காகவோ மூர்கத்தனமாகச் செய்யும் தவம் தாமசத் தவம் எனப்படும்.
bhagavadgita_anvaya_L579	दातव्यमिति यद्दानम् दीयतेनुपकारिणे देशे काले च पात्रे च तद्दानं सात्त्विकं स्मृतम्	देशे काले च पात्रे च दातव्यम् इति अनुपकारिणे यत् दानं दीयते तत् दानं सात्त्विकं स्मृतम्।	சரியான இடத்தில, தருணத்தில், சரியான அருகத்தைக் கொண்டவர்களுக்கு தன்னலம் கருதாமல் அளிக்கப்படும் தானங்கள் சத்வ குணம் கொண்டவை.
bhagavadgita_anvaya_L580	यत्तु प्रत्युपकारार्थं फलमुद्दिश्य वा पुनः दीयते च परिक्लिष्टम् तद्दानम् राजसम् स्मृतम्	यत् तु प्रत्युपकारार्थं फलम् उद्दिश्य वा पुनः परिक्लिष्टं च दीयते तत् दानं राजसं स्मृतम्।	ஆனால் அதற்கு ஈடாகவோ அல்லது பலன்களைப் பெற வேண்டும் என்ற நோக்கத்தில் கொடுக்கப்படும் தானம், வலியுடன் கொடுக்கப்படும் தானம் ராஜஸத் தானம் எனப்படும்.
bhagavadgita_anvaya_L581	अदेशकाले यद्दानमपात्रेभ्यश्च दीयते असत्कृतमवज्ञातं तत्ताम्समुदाहृतम्	अदेशकाले असत्कृतम् अवज्ञातं च अपात्रेभ्यः यत् दानं दीयते तत् तामसम् उदाहृतम्।	தவறான இடத்தில், மாறியதைக் குறைவுடன், அவமதிப்புடன், தகுதியற்றவர்களுக்குத் தரப்படும் தானம் தாமஸத் தானம் எனப்படும்.
bhagavadgita_anvaya_L582	ओं तत्सदिति निर्देशो ब्रह्मणस्त्रिविधः स्मृतः ब्राह्मणास्तेन वेदाश्च यज्ञाश्च विहिताः पुरा	ॐ तत् सत् इति त्रिविधः निर्देशः ब्रह्मणः स्मृतः। तेन ब्राह्मणाः वेदाः च यज्ञाः च पुरा विहिताः।	"""ஓம் தத் சத்"" - பிரணவம், இதுவே உண்மை - இவையே பிரம்மனின் மூன்று செயல்களாக அறிவிக்கப்பட்டுள்ளது. அதனாலேயே பிராமணங்களும், வேதங்களும், யாகங்களும் படைக்கப்பட்டன."
bhagavadgita_anvaya_L583	तस्मादोमित्युदाहृत्य यज्ञदानतपःक्रियाः प्रवर्तन्ते विधानोक्ताः सततं ब्रह्मवादिनाम्	तस्मात् ब्रह्मवादिनां विधानोक्ताः यज्ञदानतपःक्रियाः ओम् इति उदाहृत्य सततं प्रवर्तन्ते।	இதனாலேயே, யாகம், தானம் மற்றும் தவம் ஆகியவற்றின் நடவடிக்கைகள் பிரம்ம வித்தையை பின்பற்றுபர்களின் சாஸ்திரங்களில் எப்போதும் ஓம் என்று உச்சரிப்பதன் மூலமே தொடங்குகின்றன.
bhagavadgita_anvaya_L584	तदित्यनभिसन्धाय फलं यज्ञतपःक्रियाः दानक्रियाश्च विविधाः क्रियन्ते मोक्षकाङ्क्षिभिः	मोक्षकाङ्क्षिभिः तत् इति फलम् अनभिसन्धाय विविधाः यज्ञपतःक्रियाः दानक्रियाः च क्रियन्ते।	மோக்ஷத்தை அடைய நினைப்பவர்கள், எந்தப் பலனையும் நோக்காமல், பலவிதமான யாகங்ககளை, ஒழுக்கத்துடனும், த்யாகத்துடன் தானகங்களை அளிக்கிறார்கள்.
bhagavadgita_anvaya_L585	सद्भावे साधुभावे च सदित्येतत्प्रयुज्यते प्रशस्ते कर्मणि तथा सच्छब्दः पार्थ युज्यते	पार्थ! सद्भावे साधुभावे च सत् इति एतत् प्रयुज्यते तथा प्रशस्ते कर्मणि सत् शब्दः युज्यते।	ஏய் பார்த்தேனே! கடவுளின் 'சத்' - இந்த பெயர் அர்த்தத்திலும் உயர்ந்த பொருளிலும் பயன்படுத்தப்படுகிறது மற்றும் 'சத்' என்ற சொல் பாராட்டத்தக்க செயலுடன் சேர்க்கப்பட்டுள்ளது.
bhagavadgita_anvaya_L586	यज्ञे तपसि दाने च स्थितिः सदिति चोच्यते कर्म चैव तदर्थीयं सदित्येवाभिधीयते	यज्ञे तपसि दाने च स्थितिः सत् इति च उच्यते। तदर्थीयं कर्म च एव सत् इति एव अभिधीयते।	ஏய் பார்த்தேனே! கடவுளின் 'சத்' - இந்த பெயர் அர்த்தத்திலும் உயர்ந்த பொருளிலும் பயன்படுத்தப்படுகிறது மற்றும் 'சத்' என்ற சொல் பாராட்டத்தக்க செயலுடன் சேர்க்கப்பட்டுள்ளது.
bhagavadgita_anvaya_L587	अश्रद्धया हुतं दत्तं तपस्तप्तं कृतं च यत् असदित्युच्यते पार्थ न च तत्प्रेत्य नो इह	पार्थ! अश्रद्धया हुतं दत्तं तपः तप्तं कृतं च यत् असत् इति उच्यते तत् प्रेत्य न इह नो।	பரதனே! நம்பிக்கையின்றி செய்யப்படும் யாகம், தானம், தவம், பணி ஆகியவையே 'அசத்' எனப்படும்; அது இவ்வுலகிலும்மரணத்திற்குப் பின்னும் (அந்த உலகில்) பயனளிக்காது.
bhagavadgita_anvaya_L588	अर्जुन उवाच सन्न्यासस्य महाबाहो तत्त्वमिच्छामि वेदितुम् त्यागस्य च हृषीकेश पृथक्केशिनिषूदन	महाबाहो ह्रषीकेश केशिनिषूदन! सन्न्यासस्य त्यागस्य च तत्त्वं पृथक् वेदितुम् इच्छामि।	மகா உத்தமனே, ஹ்ரிஷிகேசனே, கேஷி என்னும் அசுரனை ம்,மாய்த்தவனே, துறவு மற்றும் துறவின் தத்துவங்களை அறிய விரும்புகிறேன்.
bhagavadgita_anvaya_L589	श्रीभगवानुवाच काम्यानां कर्मणां न्यासं सन्न्यासं कवयो विदुः सर्वकर्मफलत्यागं प्राहुस्त्यागं विचक्षणाः	काम्यानां कर्मणां न्यासं सन्न्यासं कवयः विदुः। सर्वकर्मफलत्यागं विचक्षणाः त्यागं प्राहुः।	ஆசையுடன் செய்யும் செயல்களை ஒழிப்பதே துறவு என முனிவர்கள் உணர்கிறார்கள். பலனை எதிர்ப்பார்க்காமல் செய்யும் செயல்களே தியாகம் என்று அறிவார்ந்தவர்கள் உணர்கிறார்கள்.
bhagavadgita_anvaya_L590	त्याज्यं दोषवदित्येके कर्म प्राहुर्मनीषिणः यज्ञदानतपःकर्म न त्याज्यमिति चापरे	एके मनीषिणः दोषवत् कर्म त्याज्यम् इति प्राहुः। अपरे यज्ञदानतपः कर्म च न त्याज्यम् इति।	சில மனிதர்கள் எல்லாச் செயல்களும் தோஷமாக இருப்பதால் துறக்கத் தகுந்தவை என்கிறார்கள்; மேலும் சிலர் யாகம், தானம், தவம் இவற்றைத் தவிர்க்க முடியாது என்கிறார்கள்.
bhagavadgita_anvaya_L591	निश्चयं शृणु मे तत्र त्यागे भरतसत्तम त्यागो हि पुरुषव्याघ्र त्रिविधः सम्प्रकीर्तितः	भरतसत्तम। तत्र त्यागे मे निश्चयं शृणु ,पुरुषव्याघ्र! त्यागः हि त्रिविधः सम्प्रकीर्तितः।	பாரத புருஷர்களில் சிறந்தவனே! அந்தத் தியாகமானது, எனது முடிவானதாகிய உண்மை எனபதை கேட்பாயாக. சிறந்த மனிதர்கள், த்யாகத்தை மூன்று வகையாக அறிவித்துள்ளனர்.
bhagavadgita_anvaya_L592	यज्ञदानतपःकर्म न त्याज्यं कार्यमेव तत् यज्ञो दानं तपश्चैव पावनानि मनीषिणाम्	यज्ञदानतपःकर्म न त्याज्यं तत् कार्यम् एव। यज्ञः दानं तपः च एव मनीषिणां पावनानि।	யாகம், தானம் மற்றும் தவம் ஆகியவற்றைக் கைவிடக்கூடாது, மாறாக அவை செய்யப்பட வேண்டும், ஏனெனில் யாகம், தானம் மற்றும் தவம் - இந்த மூன்று செயல்களும் ஞானிகளை தூய்மைப்படுத்துகின்றன.
bhagavadgita_anvaya_L593	एतान्यपि तु कर्माणि सङ्गम् त्यक्त्वा फलानि च कर्तव्यानीति मे पार्थ निश्चितं मतमुत्तमम्	पार्थ! एतानि अपि तु कर्माणि सङ्गं फलानि च त्यक्त्वा कर्तव्यानि इति निश्चितं मे उत्तमं मतम्।	யாகம், தானம் தபங்கள் என்னும் இந்த மூன்று செயல்களையும் கைவிடக்கூடாது. இதனுடன் மற்ற யாகங்களையும் தானங்களையும், தவங்களையும் செய்வதால் சிறந்த மனிதர்கள் புனிதம் அடைகிறார்கள்.
bhagavadgita_anvaya_L594	नियतस्य तु सन्न्यासः कर्मणो नोपपद्यते मोहात्तस्य परित्यागस्तामसः परिकीर्तितः	नियतस्य कर्मणः तु सन्न्यासः न उपपद्यते। मोहात् तस्य परित्यागः तामसः परिकीर्तितः।	நித்திய கடமைகளை நாம் கைவிடுவது சரியானது மட்டும் அல்ல. மோகத்தினால் அவைகானலைக் கை விடுவது தாமச குணம் என்பதை அறிவாக.
bhagavadgita_anvaya_L595	दुःखमित्येव यत्कर्म कायक्लेशभयात्त्यजेत् स कृत्वा राजसं त्यागं नैव त्यागफलं लभेत्	कायक्लेशभयात् दुःखम् इति एव यत् कर्म त्यजेत् सः राजसं त्यागं कृत्वा त्यागफलं न एव लभेत्।	எவனொருவன் தன் உழைப்பை துக்கமாகக் கருதி, உடல் வலிக்கு அஞ்சி அதைத் துறந்தானோ, அந்த இராஜசிகத் துறவினால் துறந்த பலனைப் பெறுவதில்லை.
bhagavadgita_anvaya_L596	कार्यमित्येव यत्कर्म नियतम् क्रियतेर्जुन सङ्गं त्यक्त्वा फलं चैव स त्यागः सात्त्विको मतः	अर्जुन! सङ्गं फलं च एव त्यक्त्वा कार्यम् इति एव यत् नियतं कर्म क्रियते सः त्यागः सात्त्विकः मतः।	ஹே அர்ஜுனா! பற்றுதலையும், பலனையும் துறந்து செய்வதே கடமை என்று புரிந்து கொண்டு செய்யும் கடமையே சாத்வீகத் துறப்பாகக் கருதப்படுகிறது.
bhagavadgita_anvaya_L597	न द्वेष्ट्यकुशलं कर्म कुशले नानुषज्जते त्यागी सत्तवसमाविष्ठो मेधावी छिन्नसम्शयः	सत्त्वसमाविष्टः छिन्नसंशयः मेधावी त्यागी अकुशलं कर्म न द्वेष्टि। कुशले न अनुषज्जते।	திறமையற்ற செயல்களை வெறுக்காதவர், திறமையான செயல்களில் பற்று இல்லாதவர், துறந்தவர், புத்திசாலி, சந்தேகம் இல்லாதவர் மற்றும் தனது சொந்த வடிவில் நிலைத்திருப்பவர்
bhagavadgita_anvaya_L598	न हि देहभृता शक्यं त्यक्तुं कर्माण्यशेषतः यस्तु कर्मफलत्यागी स त्यागीत्यभिधीयते	देहभृता अशेषतः कर्माणि त्यक्तुं नहि शक्यम्। यः तु कर्मफलत्यागी सः त्यागी इति अभिधीयते।	காரணம், தன உடலைப் பேணக்கூடிய மனிதனால் நிறைவேறாத கர்மங்களைக் கைவிடுவது சாத்தியமில்லை என்பதால், தன் செயல்களின் பலனைத் துறந்தவன் துறவி எனப்படுகிறான்.
bhagavadgita_anvaya_L599	अनिष्टमिष्टं मिश्रं च त्रिविधं कर्मणः फलम् भवत्यत्यागिनां प्रेत्य न तु सन्न्यासिनां क्वचित्	अनिष्टम् इष्टं मिश्रं च इति कर्मणः त्रिविधं फलम्। अत्यागिनां प्रेत्य भवति सन्नयासिनां तु न क्वचित्।	நல்ல செயல்கள், துர் செயல்களில் கலப்பு ஆகிய இந்த முப்பெரும் பலன்கள் துறந்தவர்களுக்கு மட்டுமே இறந்த பிறகும் அடைகின்றான். ஆனால் சன்யாசிகளுக்கு அதுவும் இல்லை.
bhagavadgita_anvaya_L600	पञ्चेमानि महाबाहो कारणानि निबोध मे साङ्ख्ये कृतान्ते प्रोक्तानि सिद्धये सर्वकर्मनाम्	महाबाहो! साङ्ख्ये कृतान्ते सर्वकर्मणां सिद्धये प्रोक्तानि एतानि पञ्च कारणानि मे (वचनात्) निबोध।	உத்தமனே! அணைத்து செய்லகளுக்கும் அடைவதற்கு இந்த ஐந்துகாரணங்கள் சாங்க்ய சித்ததந்தங்களில் இருக்கிறது. அதை நீ என்னிடம் இருந்து அறிந்து கொள்வாய்.
bhagavadgita_anvaya_L601	अधिष्ठानं तथा कर्ता करणं च पृथग्विधम् विविधाश्च पृथक् चेष्टा दैवं चैवात्र पञ्चमम्	अधिष्ठानं तथा कर्ता पृथग्विधं करणं च विविधाः च पृथक्चेष्टाः अत्र च एव पञ्चमं दैवम्।	உடல், தன் கடன் செய்தல், புலன்கள், மேலும் பலவிதமான செயல்பாடுகள் என்னும் தன்மைகளுடன் தெய்வம் என்பது ஐந்தாம் தன்மை.
bhagavadgita_anvaya_L602	शरीरवाङ्मनोभिर्यत्कर्म प्रारभते नरः न्याय्यं वा विपरीतं वा पञ्चैते तस्य हेतवः	नरः शरीरवाङ्मनोभिः न्याय्यं वा विपरीतं वा यत् कर्म प्रारभते तस्य एते पञ्च हेतवः।	ஒருவன் தன் உடல், பேச்சு, மனம் ஆகியவற்றின் மூலம் வேதத்தின்படியோ அல்லது வேதத்திற்கு விரோதமாகவோ எந்தச் செயல்களைத் தொடங்கினாலும், இந்த (மேற்கூறிய) ஐந்து தன்மைகளுக்கு அவன் ஆட்படுகிறான்.
bhagavadgita_anvaya_L603	तत्रैवम् सति कर्तारमात्मानं केवलं तु यः पश्यत्यकृतबुद्धित्वान्न स पश्यति दुर्मतिः	तत्र एवं सति यः अकृतबुद्धित्वात् कर्तारं केवलं आत्मानं तु पश्यति दुर्मतिः सः न पश्यति।	இவ்வாறிருக்க, எவரேனும், தனது புத்தியின் குறைபாடு காரணமாக, தனது சுய புத்தியே முழுமை என்று கருதினால், அந்த மனிதன் உண்மையை உணரவில்லை, மேலும் வக்கிரமான புத்தியைக் கொண்டிருக்கிறான்.
bhagavadgita_anvaya_L604	यस्य नाहङ्कृतो भावो बुद्धिर्यस्य न लिप्यते हत्वापि स इमाँल्लोकान्न हन्ति न निबध्यते	यस्य अहङ्कृतः भावः न ,यस्य बुद्धिः न लिप्यते सः इमान् लोकान् हत्वा अपि न हन्ति न निबध्यते।	எந்த மனிதனிடம் ஆணவம் இல்லையோ, அவனது புத்தி தீய செயல்களில் ஈடுபடவில்லையோ, அந்த மனிதன், எல்லா மனிதர்களும் மறைந்தாலும் கூட அவன் மரணிப்பதில்லை. அவன் பாபங்களுக்கு கட்டுப்படுவது இல்லை.
bhagavadgita_anvaya_L605	ज्ञानं ज्ञेयं परिज्ञाता त्रिविधा कर्मचोदना करणं कर्म कर्तेइति त्रिविधः कर्मसङ्ग्रहः	ज्ञानं ज्ञेयं परिज्ञाता इति कर्मचोदना त्रिविधा। करणं कर्म कर्ता इति कर्मसङ्ग्रहः त्रिविधः।	அறிவு, அறியும் திறன் மற்றும் அறிந்தவர், இந்த மூன்றும் செயல்களை இயக்குகின்றன. மேலும், செயற்காரணம், செயல், மற்றும் செய்ப்பவர் இந்த மூன்றும் செயல்களின் தொகுப்பாகும்.
bhagavadgita_anvaya_L606	ज्ञानं कर्म च कर्ता च त्रिधैव गुणभेदतः प्रोच्यते गुणसङ्ख्याने यथावच्छृणु तान्यपि	ज्ञानं कर्म च कर्ता च गुणभेदतः त्रिधा एव गुणसङ्ख्याने प्रोच्यते। तानि अपि यथावत् शृणु।	அறிவு, செயல் மற்றும் செய்வது முதலிய இந்த மூன்று குணங்களின் வேறுபாடுகள், சாங்க்ய சாத்திரங்களில் சொல்லப்பட்டு இருக்கின்றன. இதைக்கூட நீட் என்னிடமிருந்து அறிவாயாக.
bhagavadgita_anvaya_L607	सर्वभूतेषु येनैकं भावमव्ययमीक्षते अविभक्तं विभक्तेषु तज्ज्ञानम् विद्धि सात्त्विकम्	विभक्तेषु सर्वभूतेषु अव्ययम् एकं भावं येन ईक्षते तत् ज्ञानं सात्त्विकं विद्धि।	அறிவானது சத்வத்திலிருந்து உருவாகிறது என்பதை அறிந்து கொள்ளுங்கள், அதன் மூலம் அனைத்துப் பலதரப்பட்ட விஷயங்களிலும் ஒரே ஒரு, அழியாத, பிரிக்கப்படாத பொருளை சத்வ குணம் உள்ளவன் காண்கிறான்.
bhagavadgita_anvaya_L608	पृथक्त्वेन तु यज्ज्ञानं नानाभावान्पृथग्विधान् वेत्ति सर्वेषु भूतेषु तज्ज्ञानम् विद्धि राजसम्	सर्वेषु भूतेषु पृथग्विधान् नानाभावान् पृथक्त्वेन तु यत् ज्ञानं वेत्ति तत् ज्ञानं राजसं विद्धि।	அனைத்து உயிர்களின்,பிரிவுகள், தன்மைகள், பிரிவுகள், அதன் வேறுபாடுகள் பற்றிய அறிவு ராஜஸ குணம் உள்ளவர்கள் அறிவர்.
bhagavadgita_anvaya_L609	यत् तु कृत्स्नवतेकस्मिन्कार्ये सक्तमहैतुकम् अतत्वार्थवदल्पं च तत्ताम्समुदाहृतम्	यत् तु एकस्मिन् कार्ये कृत्स्नवत् सक्तम् अहैतुकम् अतत्त्वार्थवत् अल्पं च तत् तामसम् उदाहृतम्।	எந்த ஒரு அறிவு, ஒருமுகமாகவே அறிய முற்பட்டு, எந்தக் காரணமோ உண்மைத் தன்மையையோ அறிய முற்படாமல், அதுவே சரி என நினைக்கிறதோ அந்த அறிவு தாமச அறிவு என்று உணர்வாயாக.
bhagavadgita_anvaya_L610	नियतं सङ्गरहितमरागद्वेषतः कृतम् अफलप्रेप्सुना कर्म यत्तत्सात्त्विकमुच्यते	अफलप्रेप्सुना अरागद्वेषतः नियतं सङ्गरहितं यत् कृतं कर्म तत् सात्त्विकम् उच्यते।	விதிக்கப்பட்ட நித்ய கார்யங்களை எந்தவிதமான பிடிப்போ, விறுப்போ, வெறுப்போ இல்லாமல், பலனுக்கும் ஏங்காமல் இருக்கும் குணம் சத்வத்தில் இருந்து பிறக்கிறது.
bhagavadgita_anvaya_L611	यत्तु कामेप्सुना कर्म साहंकारेण वा पुनः क्रियते बहुलायासं तद्राजसमुदाहृतम्	कामेप्सुना साहङ्कारेण वा पुनः बहुलायासं तु यत् कर्म क्रियते तत् राजसम् उदाहृतम्।	இந்தச் செயல்கள் மிகவும் கடினமான வழியில் பெறப்படுகிறது அதன் பலனை அவர்கள் ஆணவத்தின் மூலம் அடைகிறார்கள். இவர்கள் இராஜஸர்கள்.
bhagavadgita_anvaya_L612	अनुभान्धं क्षयं हिंसामनपेक्ष्य च पौरुषम् मोहादारभ्यते कर्म यत्तत्ताम्समुच्यते	अनुबन्धं क्षयं हिंसां पौरुषं च अनवेक्ष्य मोहात् यत् कर्म आरभ्यते तत् तामसम् उच्यते।	சம்மதம், இழப்பு, தன்னை வருத்திக்கொண்டு எதையும் சட்டை செய்யாமல், மாயையால் எந்த செய்லகளை செய்கிறார்களோ அவர்கள் தாமச செய்லகளை செய்ய்பவர்கள்.
bhagavadgita_anvaya_L613	मुक्तसङ्गोनहंवादी धृत्युत्साहसमन्वितः सिद्ध्यसिद्धयोर्निर्विकारः कर्ता सात्त्विक उच्यते	मुक्तसङ्गः धृत्युत्साहसमन्वितः अनहंवादी सिद्ध्यसिद्ध्योः निर्विकारः कर्ता सात्त्विकः उच्यते।	பற்றில்லாதவன், உறுதியும் உற்சாகமமும் கொண்டவன், கர்வமமில்லாதவன், வெற்றி மற்றும் தோல்வியை ஒரே விதமாகப் பவிப்பவன், சலனமில்லாதவன் - இவனை சாத்வீகன் (அமைதியானவன்) என அழைபர்.
bhagavadgita_anvaya_L614	रागी कर्मफलप्रेप्सुर्लुब्धो हिंसात्मकोशुचिः हर्षशोकान्वितः कर्ता राजसः परिकीर्तितः	रागी कर्मफलप्रेप्सुः लुब्धः हिंसात्मकः अशुचिः हर्षशोकान्वितः कर्ता राजसः परिकीर्तितः।	பற்றுள்ளவன், எல்லாச் செயல்களிலும் பலன் எதிர்பார்ப்பவன், பேராசை கொண்டவன், கொடூர குணம் கொண்டவன், சுத்தமில்லாதவன், சுகத்தையும் துக்கத்தையும் பாராட்டுபவன் - இவன் ராஜஸ குணம் கொண்டவன்.
bhagavadgita_anvaya_L615	अयुक्तः प्राकृतः स्तब्धः शठो नैष्कृतिकोलसः विषादी दीर्घसूत्री च कर्ता तामस उच्यते	अयुक्तः प्राकृतः स्तब्धः शठः नैष्कृतिकः अलसः विषादी दीर्घसूत्री च कर्ता तामसः उच्यते।	நிலையற்ற, மோசமான, வளைந்து கொடுக்காதத் தன்மை, ஏமாற்றும், தீங்கிழைக்கும் குணம், சோம்பேறித்தனம், அவநம்பிக்கை மற்றும் செயல்களை தள்ளிப்போடுவது முதலிய குணங்களைக் கொண்டவன் தாமச குணம் கொண்டவன்.
bhagavadgita_anvaya_L616	बुद्धेर्भेदं धृतेश्चैव गुणतस्त्रिविधं शृणु प्रोच्यमानमशेषेण पृथक्त्वेन् धनञ्जय	धनञ्जय! गुणतः त्रिविधं बुद्धेः धृतेः च एव भेदं पृथक्त्वेन अशेषेण प्रोच्यमानं शृणु।	குணங்கள் மூன்று வகைப்படும். நுண்ணறிவு, துணிவு ஆகியவற்றால் மாறுபட்டு நிற்கும் குணகங்களைக் பற்றி என்னிடமிருந்து அறிவாய் தனஞ்ஜயா!!
bhagavadgita_anvaya_L617	प्रवृत्तिं च निवृत्तिं च कार्याकार्ये भयाभये बन्धं मोक्षं च या वेत्ति बुद्धिः सा पार्थ सात्त्विकी	पार्थ! प्रवृत्तिं च निवृत्तिं च कार्याकार्ये भयाभये बन्धं मोक्षं च या वेत्ति सा बुद्धिः सात्त्विकी।	பார்த்தனே! சத்வகுணத்திலிருந்து பிறக்கும் அறிவானது செயல்களின் தனமையை உணரும், விலகிய மனம் கொள்ளும், எது எனது கடமை, எது எனது கடமை இல்லை எனபதை அறியும், பயம், பயமின்மை, பந்தம் மற்றும் முக்தியின் தத்துவத்தை அறியும். அந்த புத்தி சாத்விகமானது
bhagavadgita_anvaya_L618	यया धर्ममधर्मं च कार्यं चाकार्यमेव च अयथावत्प्रजानाति बुद्धिः सा पार्थ राजसी	पार्थ! यया धर्मम् अधर्मं च कार्यं च अकार्यम् एव च अयथावत् प्रजानाति सा बुद्धिः राजसी।	பார்த்தேனே!, எது தர்மம், அதர்மம், எதை செய்தல், எதை செய்யாதிருத்தல், இவற்றிக்கு இடையே உள்ள வேறுபாட்டை ஆரியத்திற்கு அறிவு இராஜஸ புத்தியாகும்.
bhagavadgita_anvaya_L619	अधर्मं धर्ममिति या मन्यते तमसावृता सर्वार्थान्विपरीतांस्च बुद्धिः सा पार्थ तामसी	पार्थ! तमसा आवृता या बुद्धिः अधर्मं धर्मम् इति सर्वार्थान् विपरीतान् च मन्यते सा तामसी।	பார்த்தனே! இருளில் இருந்து உருவாகி, தர்மத்தையும் அதர்மத்தையும் விபரீதமாக புரிந்து கொள்ளும் புத்தியானது தாமச புத்தியாகும்.
bhagavadgita_anvaya_L620	धृत्या यया धारयते मनःप्राणेन्द्रियक्रियाः योगेनाव्यभिचारिण्या धृतिः सा पार्थ सात्त्विकी	पार्थ! योगेन अव्यभिचारिण्या यया धृत्या मनःप्राणेद्रियक्रियाः धारयते सा धृतिः सात्त्विकी।	அர்ஜுனா! யோகத்தின் மூலம், நிலையான திடம், மனது, பிராணன் இவற்றுடன் நிலையாகச் செய்யும் செயல்கள் சாத்விகம் ஆகும்.
bhagavadgita_anvaya_L621	यया तु धर्मकामार्थान्धृत्या धारयतेर्जुन प्रसङ्गेन फलाकाङ्क्षी धृतिः सा पार्थ राजसी	अर्जुन! प्रसङ्गेन फलाकाङ्क्षी यया धृत्या धर्मकामार्थान् धारयते सा धृतिः राजसी।	அர்ஜுனா!, பற்றுடன், பலனிற்காக, உறுதியுடன், அறம் பொருள் இன்பத்திற்க்காக மட்டுமே சேயும் செயல்கள் ராஜஸம் எனப்படும்.
bhagavadgita_anvaya_L622	यया स्वप्नं भयं शोकं विषादं मदमेव च न विमुञ्चति दुर्मेधा धृतिः सा तामसी मदा	पार्थ! दुर्मेधाः यया स्वप्नं भयं शोकं विषादं मदम् एव च न विमुञ्चति सा धृतिः तामसी।	அர்ஜுனா! மூர்க்க புத்தி, பயம், சோகம், விரக்தி, அகந்தை, பற்றினை விடாத குணம் யாவும் தாமசம் ஆகும்.
bhagavadgita_anvaya_L623	सुखं त्विदानीं त्रिविधं शृणु मे भरतर्षभ अभ्यासाद्रमते यत्र दुःखान्तं च निगच्छति	भरतर्षभ! इदानीं मे (वचनात्) त्रिविधं सुखं तु शृणु यत्र अभ्यासात् रमते दुःखान्तं च निगच्छति।	பாரதர்களில் மூத்தவன்!! இப்பொழுது என்னிடமிருந்து மூன்றுவிதமான சுகத்தை பற்றிக் கேட்பாயாக. அவ்விதமாக சுகத்தை அனுபவிக்கக்கூடிய கட்டுண்ட ஆத்மா சில சமயங்களில் துன்பத்தின் முடிவை அடையும்.
bhagavadgita_anvaya_L624	यत्तदग्रे विषमिव परिणामेमृतोपमम् तत्सुखं सात्त्विकं प्रोक्तमात्मबुद्धिप्रसादजम्	यत् तत् अग्रे विषम् इव परिणामे अमृतोपमम् आत्मबुद्धिप्रसादजं तत् सुखं सात्त्विकं प्रोक्तम्।	ஆரம்பத்தில் விஷத்தைப் போன்று இருந்தாலும், இறுதியில் அமிர்தத்தைப் போன்றதும். தன உணர்வுக்கு ஒருவனை எழுப்பதுமான சுகம் சத்வ குணத்தில் இருப்பதாகும்.
bhagavadgita_anvaya_L625	विषयेन्द्रियसंयोगाद्यत्तदग्रेमृतोपमम् परिणामे विषमिव तत्सुखं राजसं स्मृतम्	यत् तत् विषयेन्द्रियसंयोगात् अग्रे अमृतोपमं परिणामे विषमिव तत् सुखं राजसं स्मृतम्।	எந்த சுகம் புலன்களும் புலன் இன்பப் பொருட்களையும் தொடர்பு கொள்வதால்,அடையப்படுகின்றதோ அது தொடக்கத்தில் அமிர்தத்தைப் போன்றிருந்தாலும் முடிவில் விஷமாகி விடுகின்றதோ அந்த குணம் ரஜோ குணத்துடன் தொடர்புடையதாகும்.
bhagavadgita_anvaya_L626	यदग्रे चानुबन्धे च सुखं मोहनमात्मनः निद्रालस्यप्रमादोत्थं तत्ताम्समुदाहृतम्	यत् सुखम् अग्रे च अनुबन्धे च आत्मनः मोहनं निद्रालस्यप्रमादोत्थं तत् तामसम् उदाहृतम्।	நுண் உணர்வை காண இயலாத ஆரம்பம் முதல் இறுதி வரை உறக்கம் சோம்பல் மற்றும் மாயையினால் வருகின்ற சுகம் தமோ குணத்தில் இருப்பதாகக் கூறப்படுகிறது.
bhagavadgita_anvaya_L627	न तदस्ति पृथिव्यम् वा दिवि देवषु वा पुनः सत्त्वं प्रकृतिजैर्मुक्तं यदेभिः स्यात्त्रिभिर्गुणैः	प्रकृतिजैः एभिः त्रिभिः गुणैः यत् मुक्तं स्यात् तत् सत्त्वं पृथिव्यां न अस्ति। दिवि देवेषु वा पुनः (नास्ति)।	இயற்கையில் ஜடத்தில் இருந்து பிறந்த இந்த மூன்று குணங்கள், இப்பூவுலகில் உள்ளவர்களையோ அல்லது ஏன் சுவர்க்கத்தில் உள்ளவர்களைக்கூட விட்டுவைப்பதில்லை.
bhagavadgita_anvaya_L628	ब्राह्मणक्षत्रियविशां शूद्राणां च परन्तप कर्माणि प्रविभक्तानि स्वभावप्रभवैर्गुणैः	परन्तप! ब्राह्मणक्षत्रियविशां शूद्राणां च स्वभावप्रभवैः गुणैः कर्माणि प्रविभक्तानि।	எதிரிகளை தவிக்கச் செய்பவனே!! பிராமணர்கள், க்ஷத்ரியர்கள், வைசியர்கள் மற்றும் உழைக்கும் வகையினர் தங்கள் இயற்கை குணங்களின் அடிப்படையில் இருந்து வேறுபடுத்தப்படுகின்றனர்.
bhagavadgita_anvaya_L629	शमो दमस्तपः शौचं क्षान्तिरार्जवमेव च ज्ञानं विज्ञानमास्तिक्यं ब्रह्मकर्म स्वभावजम्	शमः दमः तपः शौचं क्षान्तिः आर्जवम् एव च ज्ञानं विज्ञानम् आस्तिक्यं स्वभावजं ब्रह्मकर्म।	அமைதி, சுயக்கட்டுப்பாடு, தவம், தூய்மை, சகிப்புத் தன்மை நேர்மை, அறிவு பகுத்தறிவு ஆதிக்கம் ஆகிய இயற்கையான தன்மைகளில் அந்தணர்கள் செயல்படுகிறன்றனர்.
bhagavadgita_anvaya_L630	शौर्यं तेजो धृतिर्दाक्ष्यं युद्धे चाप्यपलायनम् दानमीश्वरभावश्च क्षत्रकर्म स्वभावजम्	शौर्यं तेजः धृतिः दाक्ष्यं युद्धे च अपि अपलायनं दानम् ईश्वरभावः च स्वभावजं क्षात्रं कर्म।	வீரம் வலிமை மனா உறுதி வளமை போர்க்குணம் கோடை ஆளும் தன்மை ஆகியவை க்ஷத்திரிய குணங்களாகும் (மறவர்களின் குணம்)
bhagavadgita_anvaya_L631	कृषिगौरक्ष्यवाणिज्यं वैश्यकर्म स्वभावजम् परिचर्यात्मकं कर्म शूद्रस्यापि स्वभावजम्	कृषिगौरक्ष्यवाणिज्यं स्वभावजं वैश्यकर्म। शूद्रस्य अपि परिचर्यात्मकं स्वभावजं कर्म।	விவசாயம், பசுக்களின் பராமரிப்பு, வணிகம் இவை யாவும் வைசியர்கள் சுபாவங்கள். உழைப்பாளிகலான சூத்திரர்களின் சுபாவம் மற்ற வர்ணத்தவர்க்கு உதவி செய்ப்பதாகும்.
bhagavadgita_anvaya_L632	स्वे स्वे कर्मण्यभिरतः संसिद्धिं लभते नरः स्वकर्मनिरतः सिद्धिं यथा विन्दति तच्छृणु	नरः स्वे स्वे कर्मणि अभिरतः संसिद्धिं लभते। स्वकर्मनिरतः सिद्धिं यथा विन्दति तत् शृणु।	ஒவ்வொரு மனிதனும் தனது குணங்களுக்கு ஏற்ப கடமைகளை பின்பற்றுவதால் பக்குவம் அடைய முடியும். அதை எவ்வாறு செய்யவேண்டும் எனபத்தை சொல்கிறேன் கேள்.
bhagavadgita_anvaya_L633	यतः प्रवृत्तिर्भूतानां येन सर्वमिदम् ततम् स्वकर्मणा तमभ्यर्च्य सिद्धिं विन्दति मानवः	मानवः यतः भूतानां प्रवृत्तिः येन इदं सर्वं ततम् तं स्वकर्मणा अभ्यर्च सिद्धिं विन्दति।	எவரிடம் இருந்து எல்லா உயிரினங்களும் தோன்றியதோ யார் எங்கும் பறந்து உள்ளாரோ, அந்த இறைவனை வழிபாட்டு தனது சொந்தக் கடமையை செய்யவதால் அவன் பக்குவம் அடைகிறான்.
bhagavadgita_anvaya_L634	श्रेयान् स्वधर्मो विगुणः परधर्मात्स्वनुष्ठितात् स्वभावनियतम् कर्म कुर्वन्नाप्नोति किल्बिषम्	विगुणः स्वधर्मः स्वनुष्ठितात् परधर्मात् श्रेयान्। स्वभावनियतं कर्म कुर्वन् किल्बिषं न आप्नोति।	மற்றவரது கடமையை ஏற்று அதனை பக்குவமாக செய்வதை விட, முறையாக செய்யாவிட்டாலும் தனது சொந்த கடமை தனது சொந்தக்கடமையில் ஈடுபட்டு இருப்பதே சிறந்தது.
bhagavadgita_anvaya_L635	सहजं कर्म कौन्तेय सदोषमपि न त्यजेत् सर्वारम्भा हि दोषेण धूमेनाग्निरिवावृताः	कौन्तेय! सदोषमपि सहजं कर्म न त्यजेत्। धूमेन हि अग्निः इव सर्वारम्भाः दोषेण आवृताः।	நெருப்பு புகையால் சூழப்பட்டு இருப்பதைப் போல ஒவ்வொரு முயற்சியும் ஏதேனும் ஒரு தீவினையால் சூழப்பட்டு இருக்கும். எனவே, குந்தியின் மகனே, முழுவதும் தோஷம் நிறைந்ததாக இருந்தாலும் தந்து உயர்தொழிலை ஒருவன் துறக்கக்கூடாது.
bhagavadgita_anvaya_L636	असक्तबुद्धिः सर्वत्र जितात्मा विगतस्पृहः नैष्कम्र्यसिद्धिं परमां सन्न्यासेनाधिगच्छति	सर्वत्र असक्तबुद्धिः जितात्मा विगतस्पृहः सन्न्यासेन परमां नैष्कर्म्यसिद्धिम् अधिगच्छति।	சுயக்கட்டுப்பாடு உடைய பற்றற்ற மற்றும் எல்லா உலக இன்பங்களையும் விடுத்து ஒருவன் துறவைப் பயிற்சி செய்வதால் செய்த வினைகளில் இருந்து விடுதலை என்னும் உயரிய பக்குவ நிலையை அடைகிறான்.
bhagavadgita_anvaya_L637	सिद्धिं प्राप्तो यथा ब्रह्म तथाप्नोति निबोध मे समासेनैव कौन्तेय निष्ठा ज्ञानस्य या परा	कौन्तेय! सिद्धिं प्राप्तः ब्रह्म यथा आप्नेति तथा मे (वचनात्) निबोध या ज्ञानस्य परा निष्ठा समासेन एव।	குந்தியின் மகனே! இந்தப் பக்குவத்தை அடைந்தவன் பிரமம் என்னும் மிக உயர்ந்த ஞான நிலையினை திவ்யமான பக்குவ நிலையினை எவ்வாறு அடைய முடியும் என்பதை நான் இப்போது சுருக்கமாகச் சொல்கிறேன்.
bhagavadgita_anvaya_L638	बुद्ध्या विशुद्धया युक्तो धृत्यात्मानं नियम्य च शब्दादीन् विषयांस्त्यक्त्वा रागद्वेषौ व्युदस्य च विविक्तसेवी लघ्वाशी यतवाक्कायमानसः ध्यानयोगपरो नित्यं वैराग्यं समुपाश्रितः अहङ्कारं बलं दर्पं कामं क्रोधं परिग्रहम् विमुच्य निर्ममः शान्तो ब्रह्मभूयाय कल्पते	विशुद्धया बुद्ध्या युक्तः धृत्या आत्मानं नियम्य च शब्दादीन् विषयान् त्यक्त्वा रागद्वेषौ व्युदस्य च विविक्तसेवी लघ्वाशी यतवाक्कायमानसः नित्यं ध्यानयोगपरः वैराग्यं समुपाश्रितः अहङ्कारं बलं दर्पं कामं क्रोधं परिग्रहं विमुच्य शान्तः निर्ममः ब्रह्मभूयाय कल्पते।	தமது புத்தியினால் தூய்மை அடைந்து, உறுதியுடன் மனத்தைக் கட்டுப் படுத்தி, புலர் உணச்சிப் பொருட்களைத் துறந்து, விருப்பு உறுப்புகளில் இருந்து விடுபட்டு, தனி இடத்தில வாழ்ந்து குறைவாக உண்டு உடல் மனம் மற்றும் பேச்சினைக் கட்டுப்படுத்தி எப்போதும் தியானத்தில் ஆழ்ந்து பற்றுதலின்றி அஹங்காரம், பொய்யான வலிமை, பொய்ப்பெருமை காமம் க்ரோதம் மற்றும் ஜடாபி பொருட்களின் மீது பற்று அறுத்து உரிமை உணர்வின்றி அமைதியாக இருக்கும் மனிதன், தன்னை அறியும் நிலைக்கு நிச்சயமாக உயர்கிறான்.
bhagavadgita_anvaya_L639	ब्रह्मभूतः प्रसन्नात्मा न शोचति न काङ्क्षति समः सर्वेषु भूतेषु मद्भक्तिं लभते पराम्	ब्रह्मभूतः प्रसन्नात्मा न शोचति न काङ्क्षति। सर्वेषु भूतेषु समः परां मद्भक्तिं लभते।	இவ்வாறு தெய்வீகமாக நிலைப் பெற்றவன், என்றும் கவலைப்படுவதில்லை. எல்லா உயிர்களிடத்தும் அவன் சமநோக்கு கொள்கிறான்.
bhagavadgita_anvaya_L640	भक्त्या मामभिजानाति यावान्यश्चास्मि तत्त्वतः ततो मां तत्त्वतो ज्ञात्वा विशते तदनन्तरम्	भक्त्या तत्त्वतः यावान् यः च अस्मि (तादृशं) माम् अभिजानाति ततः मां तत्त्वतः ज्ञात्वा तदनन्तरं विशते।	பக்தித் தோண்டினால் மட்டுமே என்னை முழுமையாக உள்ளது உள்ளபடி அறிந்து கொள்ள முடியும். அவ்வாறு என்னை அறியும் பொது இறைவனை அடைய முடியும்.
bhagavadgita_anvaya_L641	सर्वकर्माण्यपि सदा कुर्वाणो मद्व्यपाश्रयः मत्प्रसादादवाप्नोति शाश्वतं पदमव्ययम्	सर्वकर्माणि अपि मद्व्यपाश्रयः सदा कुर्वाणः मत्प्रसादात् अव्ययं शाश्वतं पदम् अवाप्नोति।	எல்லா விதமான செயல்களிலும் ஈடுபட்டு இருந்தாலும் எனது தூயபக்தன் எனது கருணையால் என்றும் நித்தியப் பதவியை அடைகிறான்.
bhagavadgita_anvaya_L642	चेतसा सर्वकर्माणि मयि सन्न्यस्य मत्परः बुद्धियोगमुपाश्रित्य मच्चित्तः सततम् भव	सर्वकर्माणि चेतसा मयि सन्न्यस्य मत्परः बुद्धियोगम् उपाश्रित्य सततं मच्चित्तः भव।	எல்லா செயல்களிலும் என்னையே சார்ந்து எனது பாதுகாப்பின் கீழ் எப்போதும் செயல்படுவாயாக. இதற்குப் பக்தித் தொண்டின் என்னைப்பற்றிய அறிவில் ஆழ்ந்துவிடு.
bhagavadgita_anvaya_L643	मच्चित्तः सर्वदुर्गाणि मत्प्रसादात्तरिष्यसि अथ चेत्त्वमहङ्कारान्न श्रोष्यसि विनङ्क्ष्यसि	मच्चित्तः मत्प्रसादात् सर्वदुर्गाणि तरिष्यसि। अथ त्वम् अहङकारात् न श्रोष्यसि चेत् विनङ्क्ष्यसि।	நீ என்னைப் பற்றிய உணர்வில் நிலைப் பெற்றால், எனது கருணையின் மூலம் கட்டுண்ட வாழ்வின் எல்லாத் தடைகளையும் கடந்து விடுவாய். ஆனால் அத்தகைய உணர்வின்றி அகங்காரத்துடன் நான் சொல்வதைக் கேட்காமல் செயல்பட்டால் நீ அழிந்து விடுவாய்
bhagavadgita_anvaya_L644	यदहङ्कारमाश्रित्य न योत्स्य इति मन्यसे मिथ्यैष व्यवसायस्ते प्रकृतिस्त्वाम् नियोक्ष्यति	यदि अहङ्कारम् आश्रित्य न योत्स्ये इति मन्यसे (तर्हि) एषः ते व्यवसायः मिथ्या। प्रकृतिः त्वां नियोक्ष्यति।	நீ எனது வழிகாட்டுதலின் படி போரிடவேண்டும். இல்லையேல் தவறாக வழிநடத்தப் படுவாய். நீ இயற்கையில் போரில் ஈடுபடவேண்டியவனே.
bhagavadgita_anvaya_L645	स्वभावजेन कौन्तेय निबद्धः स्वेन कर्मणा कर्तुं नेच्छसि यन्मोहात् करिष्यस्यवशोपि तत्	कौन्तेय! स्वभावजेन स्वेन कर्मणा निबद्धः यत् कर्तुं न इच्छसि तत् मोहात् अवशः अपि करिष्यसि।	மயக்கத்தின் காரணத்தால் எனது வழிகாட்டுதலுக்கு ஏற்ப செயல்பட மறுக்கிறாய். அனால் குந்தியின் மகனே, உனது சுபாவத்தினால் உந்தப்பட்டு நீ அதன் படியே செயல்படுவாய்.
bhagavadgita_anvaya_L646	ईश्वरः सर्वभूतानां हृद्देशेर्जुन तिष्ठति भ्रामयन्सर्वभूतानि यन्त्रारूढानि मायया	अर्जुन! ईश्वरः सर्वभूतानि यन्त्रारूढानि मायया भ्रामयन् सर्वभूतानां ह्रद्देशे तिष्टति।	அர்ஜுனா! ஜடசக்தியால் செய்யப்பட்ட இயந்திரத்தில் அமர்ந்துள்ள எல்லா உயிர்களின் பயணங்களையும் அவரவர் இதயத்தில் வீற்றுள்ள முழுமுதற்கடவுளே வழி நடத்துகின்றார்.
bhagavadgita_anvaya_L647	तमेव शरणं गच्छ सर्वभावेन भारत तत्प्रसादात्परां शान्तिं स्थानं प्राप्स्यसि शाश्वतम्	भारत! सर्वभावेन तम् एव शरणं गच्छ। तत्प्रसादात् परां शान्तिं शाश्वतं स्थानं प्राप्स्यसि।	பரத வழித்தோன்றலே! அவரிடம் முழுமையாக சரணடைவையாக. அவரது கருணையால் தெய்வீக அமைதியையும் உன்னதமான நித்திய இடத்தையும் நீ அடைவாய்.
bhagavadgita_anvaya_L648	इति ते ज्ञानमाख्यातं गुह्याद्गुह्यतरं मया विमृश्यैतदशेषेण यथेच्छसि तथा कुरु	मया गुह्यात् गुह्यतरम् एतत् ज्ञानम् इति ते आख्यातम्। एतत् अशेषेण विमृश्य यथा इच्छसि तथा कुरु।	இவ்வாறு இரகசியமானத்தைக் காட்டிலும் இரகசியமான ஞானத்தை உனக்கு நான் விளக்கி உள்ளேன். இதனை முழுமையாக கவனமாக சிந்தித்து நீ செய்ய விரும்புவதை செய்.
bhagavadgita_anvaya_L649	सर्वगुह्यतमं भूयः शृणु मे परमं वचः इष्टोसि मे दृढमिति ततो वक्ष्यामि ते हितम्	दृढं मे इष्टः असि इति सर्वगुह्यतमं मे परमं वचः भूयः शृणु। ततः ते हितं वक्ष्यामि।	நீ எனக்கு மிகவும் பிரியமான நண்பன் என்பதால் எனது அறிவுரைகளில் மிகவும் உன்னதமான எல்லாவற்றிலும் மிக மிக இரகசியமான ஞானத்தை நான் உனக்கு கூறுகின்றேன். இது உனது நன்மைக்காக என்பதால் அதை என்னிடம் இருந்து கேட்பாயாக.
bhagavadgita_anvaya_L650	मन्मना भव मद्भक्तो मद्याजी माम् नमस्कुरु मामेवैष्यसि सत्यम् ते प्रतिजाने प्रियोसि मे	मन्मना भव। मद्भक्तः मद्याजी मां नमस्कुरु। माम् एव एष्यसि। ते सत्यं प्रतिजाने। मे प्रियः असि।	எப்போதும் என்னைப்பற்றி நினைத்து எனது பக்தனாகி என்னை வழிபட்டு உனது வணக்கங்களை என்னக்கு சமர்பிப்பாயாக. இவ்வாறு நீ என்னை வந்து அடைவாய் என்பதில் ஐயமில்லை. நீ எனக்குப் பிடித்தவனாக இருப்பதால் இந்த சத்தியத்தை உனக்கு நான் அளிக்கிறேன்.
bhagavadgita_anvaya_L651	सर्वधर्मान्परित्यज्य मामेकं शरणं व्रज अहं त्वा सर्वपापेभ्यो मोक्षयिष्यामि मा शुचः	सर्वधर्मान् परित्यज्य माम् एकं शरणं व्रज। अहं त्वा सर्वपापेभ्यः मोक्षयिष्यामि मा शुचः।	எல்லாவிதமான தர்மங்களையும் துறந்து என்னிடம் மட்டுமே சரணடைவாயாக. உன்னை எல்லாப் பாப வினைகளில் இருந்தும் நான் விடுக்கின்றேன். பயப்படாதே!
bhagavadgita_anvaya_L652	इदं ते नातपस्काय नाभक्ताय कदाचन न चाशुश्रूषवे वाच्यं न च मां योभ्यसूयति	इदं ते कदाचन अतपस्काय न वाच्यम्। न अभक्ताय,न च अशुश्रूषवे मां यः अभ्यसूयति तस्मै न।	இந்த இரகசியமான ஞானம் தவமில்லாதவர்க்கோ பக்தியுள்ளவர்க்கோ பக்தித் தொண்டில் ஈடுபடாதவருக்கோ என் மீது பொறாமை உள்ளவர்களுக்கோ ஒருபோதும் விளக்கப்படக் கூடாது.
bhagavadgita_anvaya_L653	यः इमं परमं गुह्यं मद्भक्तेष्वभिधास्यति भक्तिं मयि परां कृत्वा मामेवैष्यत्यसम्शयः	यः परमं गुह्यम् इदं मद्भक्तेषु अभिधास्यति सः मयि परां भक्तिं कृत्वा माम् एव एष्यति। असंशयः।	இந்த பரம இரகசியத்தை எனது பக்தர்களிடம் விளக்குபவனுக்குத் தூய பக்தித் தொண்டு உறுதிப்படுத்தப் படுவதோடு அவன் இறுதியில் நிச்சயமாக என்னுடன் கலக்கின்றான்.
bhagavadgita_anvaya_L654	न च तस्मान्मनुष्येषु कश्चिन्मे प्रियकृत्तमः भविता न च मे तस्मादन्यः प्रियतरो भुवि	मनुष्येषु च तस्मात् कश्चित् मे न प्रियकृत्तमः। तस्मात् अन्यः प्रियतरः भुवि न च भविता।	அவனை விட எனக்குப் பிரியமான தொண்டன் இவ்வுலகில் யாருமில்லை. அவனை விட பிரியமானவனாக யாரும் ஆகவும் முடியாது.
bhagavadgita_anvaya_L655	अध्येष्यते च य इमं धर्म्यं सम्वादमावयोः ज्ञानयज्ञेन तेनाहमिष्टः स्यामिति मे मतिः	यः च धर्म्यम् आवयोः इमं संवादम् अध्येष्यते तेन ज्ञानयज्ञेन अहम् इष्टः स्याम् इति मे मतिः।	மேலும் இந்தப் புனிதமான உரையாடலைக் கற்பவன் தனது அறிவால் என்னை வழிபடுவர் என்று நான் அறிவிக்கிறேன்.
bhagavadgita_anvaya_L656	श्रद्धावाननसूयश्च शृणुयादपि यो नरः सोपि मुक्तः शुभाँल्लोकान्प्राप्नुयात्पुण्यकर्मणाम्	श्रद्धावान् अनसूयः च यः नरः शृणुयात् अपि सः अपि मुक्तः पुण्यकर्मणां शुभान् लोकान् प्राप्नुयात्।	மேலும் நம்பிக்கையுடனும் பொறுமையுடனும் இதனை எவனொருவன் கேடிக்கின்றானோ அவன் பாப விளைவுகளில் இருந்து விடுபட்டு புண்ணியம் செய்தவர்கள் வாழும் மங்களகரமான லோகங்களை அடைகின்றான்
bhagavadgita_anvaya_L657	कच्चिदेतच्छ्रुतं पार्थ त्वयैकाग्रेण चेतसा कच्चिदज्ञानसम्मोहः प्रणष्टस्ते धनञ्जय	पार्थ! त्वया एकाग्रेण चेतसा एतत् शृतं कच्चित्। धनञ्जय! ते अज्ञानसम्मोहः प्रणष्टः कच्चित्।	பார்த்தான்! செவலத்தை வெல்வோனே நீ இதை கவனமான மனதுடன் கேட்டாயா? உனது அறியாமையும் மனது தற்போது நீங்கி விட்டதா?
bhagavadgita_anvaya_L658	अर्जुन उवाच नष्टो मोहः स्मृतिर्लब्धा त्वत्प्रसादान्मयाच्युत स्थितोस्मि गतसन्देहः करिष्ये वचनं तव	अच्युत! तव प्रसादात् मोहः नष्टः। स्मृतिः मया लब्धा। गतसन्देहः स्थितः अस्मि। तव वचनं करिष्ये।	அர்ஜுனன் கூறினான்! எனது அன்பு கண்ணனே! வீட்சி அடையாதவரே! எனது மயக்கம் இப்போது நீங்கி தெளிந்து சந்தேகங்கள் தீர்ந்தால் தங்களின் சொல்படி நடக்கத் தயாராக உள்ளேன்.
bhagavadgita_anvaya_L659	सञ्जय उवाच इत्यहं वासुदेवस्य पार्थस्य च महात्मनः संवादमिममश्रौषमद्भुतं रोमहर्षणम्	महात्मनः वासुदेवस्य पार्थस्य च रोमहर्षणम् अद्भुतम् इमं संवादम् इति अहम् अश्रौषम्।	சஞ்சயன் கூறினான்! இதனுடன் கண்ணனும் அர்ஜுனனும் விவாதித்து முடித்தனர். இதை கேட்ட எனக்கு மயிர்க் கூச்சல் ஏற்பட்டு விட்டது.
bhagavadgita_anvaya_L660	व्यासप्रसादाच्छ्रुतवानेतद्गुह्यमहं परम् योगं योगेश्वरात्कृष्णात्साक्षात्कथयतः स्वयम्	साक्षात् कथयतः योगेश्वरात् कृष्णात् गुह्यं परम् एतत् योगं व्यासप्रसादात् अहं स्वयं श्रुतवान्।	வியாசரின் கருணையால் யோகங்களின் இறைவனான கிருஷ்ணன் அர்ஜுனனிடன் தாமே நடத்திய இந்த மிக இரகசியமான உரையாடலை நான் நேரடியாகக் கேட்டேன்.
bhagavadgita_anvaya_L661	राजन् सम्स्मृत्य सम्स्मृत्य सम्वादमिममद्भुतम् केशवार्जुनयोः पुण्यं हृष्यामि च मुहुर्मुहुः	राजन्! अद्भुतं पुण्यं केशवार्जुनयोः इमं संवादं संस्मृत्य संस्मृत्य मुहुः मुहुः च ह्रष्यामि।	மன்னனே கிருஷ்ணனுக்கும், அர்ஜுனனுக்கும் இடையில் நடந்த இந்தப் புனித உரையாடலை நினைத்து நினைத்து உணர்ச்சிவசப்பட்டு மகிழ்கின்றேன்.
bhagavadgita_anvaya_L662	तच्च सम्स्मृत्य सम्स्मृत्य रूपमत्यद्भुतं हरेः विस्मयो मे महान्राजन्हृष्यामि च पुनः पुनः	राजन्! हरेः अत्यद्भुतं च तत् रूपं संस्मृत्य संस्मृत्य (स्थितस्य) मे महान् विस्मयः पुनः पुनः च हृष्यामि।	மன்னனே அந்தக் கண்ணனின் அற்புத ரூபத்தை நினைத்து நினைத்து மென் மேலும் வியக்கிறேன்.
bhagavadgita_anvaya_L663	यत्र योगेश्रवरः कृष्णो यत्र पार्थो धनुर्धरः तत्र श्रीर्विजयो भूतिर्ध्रुवा नीतिर्मतिर्मम	यत्र योगेश्वरः कृष्णः यत्र धनुर्धरः पार्थः तत्र श्रीः विजयः भूति ध्रुवा नीतिः (इति) मम मतिः।	யோகிகளின் தலைவனான கண்ணன் எங்கெல்லாம் இருக்கின்றானோ, உண்மையா வில்லைகள் தலைவன் எங்கெல்லாம் இருக்கிறானோ அங்கெல்லாம் செல்வம், வலிமை நியாயம் வெற்றி எல்லாம் இருக்கும்.
